사고번호,사고일시,요일,시군구,사고내용,사망자수,중상자수,경상자수,부상신고자수,사고유형,법규위반,노면상태,기상상태,도로형태,가해운전자 차종,가해운전자 성별,가해운전자 연령,가해운전자 상해정도,피해운전자 차종,피해운전자 성별,피해운전자 연령,피해운전자 상해정도
2017012300100432,2017년 1월 23일 16시,월요일,강원도 원주시 태장동,경상사고,0,0,2,0,차대차 - 측면충돌,안전운전불이행,서리/결빙,맑음,교차로 - 교차로안,화물,남,47세,기타불명,승용,여,35세,경상
2017012300100433,2017년 1월 23일 16시,월요일,강원도 영월군 김삿갓면,경상사고,0,0,1,1,차대차 - 정면충돌,중앙선침범,건조,맑음,단일로 - 기타,승용,남,48세,상해없음,승용,남,61세,경상
2017012300100434,2017년 1월 23일 16시,월요일,강원도 동해시 효가동,경상사고,0,0,1,0,차대차 - 추돌,안전거리미확보,건조,맑음,교차로 - 교차로부근,건설기계,남,42세,상해없음,승용,남,57세,경상
2017012300100482,2017년 1월 23일 17시,월요일,강원도 춘천시 온의동,경상사고,0,0,1,0,차대사람 - 길가장자리구역통행중,보행자보호의무위반,기타,맑음,단일로 - 기타,승용,남,53세,상해없음,보행자,남,71세,경상
2017012300100483,2017년 1월 23일 17시,월요일,강원도 영월군 남면,경상사고,0,0,1,0,차량단독 - 기타,안전운전불이행,건조,맑음,단일로 - 기타,승용,남,27세,상해없음,,,,
2017012300100516,2017년 1월 23일 18시,월요일,강원도 인제군 상남면,중상사고,0,1,0,0,차대사람 - 길가장자리구역통행중,안전운전불이행,건조,맑음,단일로 - 기타,승용,남,53세,상해없음,보행자,여,77세,중상
2017012300100602,2017년 1월 23일 20시,월요일,강원도 춘천시 근화동,경상사고,0,0,3,0,차대차 - 측면충돌,신호위반,건조,맑음,교차로 - 교차로안,승용,남,18세,상해없음,승합,남,44세,경상
2017012300100603,2017년 1월 23일 20시,월요일,강원도 춘천시 퇴계동,경상사고,0,0,1,0,차대차 - 측면충돌,안전운전불이행,건조,맑음,단일로 - 기타,승용,남,60세,상해없음,이륜,남,48세,경상
2017012300100650,2017년 1월 23일 22시,월요일,강원도 춘천시 효자동,경상사고,0,0,1,0,차대차 - 측면충돌,차로위반,건조,맑음,교차로 - 교차로부근,승용,남,56세,상해없음,승용,남,59세,경상
2017012300100651,2017년 1월 23일 22시,월요일,강원도 춘천시 후평동,경상사고,0,0,4,0,차대차 - 측면충돌,신호위반,건조,맑음,교차로 - 교차로안,승용,남,43세,기타불명,승용,남,25세,경상
2017012400100033,2017년 1월 24일 00시,화요일,강원도 춘천시 퇴계동,경상사고,0,0,1,0,차대차 - 기타,안전운전불이행,건조,맑음,교차로 - 교차로부근,기타불명,기타불명,미분류,기타불명,원동기,남,56세,경상
2017012400100047,2017년 1월 24일 01시,화요일,강원도 강릉시 입암동,경상사고,0,0,1,0,차량단독 - 전도전복 - 전도,안전운전불이행,서리/결빙,흐림,단일로 - 기타,승용,남,52세,경상,,,,
2017012400100057,2017년 1월 24일 02시,화요일,강원도 춘천시 칠전동,중상사고,0,1,0,0,차대차 - 기타,안전운전불이행,건조,맑음,교차로 - 교차로안,승용,남,46세,상해없음,화물,남,54세,상해없음
2017012400100062,2017년 1월 24일 03시,화요일,강원도 원주시 일산동,부상신고사고,0,0,0,1,차대사람 - 횡단중,안전운전불이행,건조,맑음,교차로 - 교차로안,기타불명,기타불명,미분류,기타불명,보행자,남,27세,부상신고
2017012400100077,2017년 1월 24일 05시,화요일,강원도 강릉시 옥천동,경상사고,0,0,2,0,차대차 - 측면충돌,안전운전불이행,서리/결빙,맑음,단일로 - 기타,승용,남,69세,기타불명,승용,남,70세,경상
2017012400100135,2017년 1월 24일 08시,화요일,강원도 춘천시 후평동,경상사고,0,0,1,0,차대차 - 측면충돌,안전거리미확보,건조,맑음,단일로 - 기타,건설기계,남,34세,상해없음,승용,남,65세,경상
2017012400100136,2017년 1월 24일 08시,화요일,강원도 원주시 단계동,경상사고,0,0,1,0,차대차 - 추돌,안전운전불이행,건조,맑음,교차로 - 교차로부근,승용,남,31세,상해없음,화물,남,52세,경상
2017012400100172,2017년 1월 24일 09시,화요일,강원도 원주시 명륜동,경상사고,0,0,1,0,차대차 - 측면충돌,교차로운행방법위반,건조,맑음,교차로 - 교차로안,승용,여,38세,상해없음,승용,남,58세,기타불명
2017012400100173,2017년 1월 24일 09시,화요일,강원도 인제군 인제읍,경상사고,0,0,1,0,차대차 - 정면충돌,안전운전불이행,건조,맑음,교차로 - 교차로안,화물,남,68세,상해없음,승용,여,49세,경상
2017012400100207,2017년 1월 24일 10시,화요일,강원도 춘천시 남산면,경상사고,0,0,3,0,차대차 - 정면충돌,중앙선침범,젖음/습기,맑음,단일로 - 기타,화물,남,42세,상해없음,승용,남,40세,경상
2017012400100208,2017년 1월 24일 10시,화요일,강원도 태백시 장성동,중상사고,0,1,0,0,차대사람 - 횡단중,안전운전불이행,건조,맑음,단일로 - 기타,승용,남,44세,상해없음,보행자,여,81세,중상
2017012400100251,2017년 1월 24일 11시,화요일,강원도 철원군 동송읍,중상사고,0,1,0,0,차대차 - 측면충돌,직진우회전진행방해,건조,맑음,교차로 - 교차로안,승용,남,51세,상해없음,원동기,남,57세,중상
2017012400100286,2017년 1월 24일 12시,화요일,강원도 춘천시 동내면,경상사고,0,0,1,0,차대차 - 측면충돌,안전운전불이행,건조,맑음,단일로 - 기타,승용,여,42세,상해없음,승용,여,41세,경상
2017012400100287,2017년 1월 24일 12시,화요일,강원도 원주시 지정면,중상사고,0,1,0,1,차대차 - 측면충돌,중앙선침범,건조,맑음,단일로 - 기타,승용,남,39세,부상신고,화물,남,45세,중상
2017012400100324,2017년 1월 24일 13시,화요일,강원도 춘천시 동면,경상사고,0,0,2,0,차대차 - 측면충돌,중앙선침범,건조,맑음,교차로 - 교차로부근,화물,남,62세,상해없음,승용,남,55세,경상
2017012400100325,2017년 1월 24일 13시,화요일,강원도 춘천시 후평동,중상사고,0,1,0,0,차대차 - 측면충돌,안전운전불이행,건조,맑음,교차로 - 교차로안,승용,여,65세,상해없음,이륜,남,54세,중상
2017012400100326,2017년 1월 24일 13시,화요일,강원도 동해시 천곡동,경상사고,0,0,1,0,차대차 - 측면충돌,교차로운행방법위반,서리/결빙,맑음,교차로 - 교차로부근,건설기계,남,56세,상해없음,승용,남,56세,경상
2017012400100358,2017년 1월 24일 14시,화요일,강원도 원주시 우산동,경상사고,0,0,2,0,차대차 - 측면충돌,직진우회전진행방해,건조,맑음,교차로 - 교차로안,화물,남,40세,경상,승용,여,59세,경상
2017012400100359,2017년 1월 24일 14시,화요일,강원도 영월군 영월읍,경상사고,0,0,1,0,차대차 - 측면충돌,중앙선침범,기타,맑음,단일로 - 기타,승용,남,54세,상해없음,승용,여,45세,경상
2017012400100399,2017년 1월 24일 15시,화요일,강원도 춘천시 효자동,중상사고,0,1,0,0,차대사람 - 횡단중,안전운전불이행,건조,맑음,단일로 - 기타,승용,여,45세,상해없음,보행자,여,55세,중상
2017012400100400,2017년 1월 24일 15시,화요일,강원도 춘천시 근화동,경상사고,0,0,1,0,차대차 - 측면충돌,신호위반,건조,맑음,교차로 - 교차로안,화물,남,71세,상해없음,승용,여,46세,경상
2017012400100401,2017년 1월 24일 15시,화요일,강원도 삼척시 가곡면,경상사고,0,0,2,0,차량단독 - 전도전복,안전운전불이행,건조,맑음,단일로 - 기타,화물,여,36세,경상,미분류,미분류,미분류,미분류
2017012400100402,2017년 1월 24일 15시,화요일,강원도 평창군 평창읍,경상사고,0,0,1,0,차대차 - 측면충돌,안전운전불이행,적설,맑음,단일로 - 기타,화물,남,50세,상해없음,화물,여,62세,경상
2017012400100487,2017년 1월 24일 17시,화요일,강원도 춘천시 효자동,사망사고,1,0,0,0,차대사람 - 기타,안전운전불이행,건조,맑음,단일로 - 기타,승용,여,56세,상해없음,보행자,여,86세,사망
2017012400100540,2017년 1월 24일 18시,화요일,강원도 원주시 무실동,경상사고,0,0,2,0,차대차 - 추돌,안전운전불이행,건조,맑음,교차로 - 교차로부근,승용,남,52세,상해없음,승용,여,41세,경상
2017012400100541,2017년 1월 24일 18시,화요일,강원도 홍천군 홍천읍,경상사고,0,0,1,0,차대사람 - 횡단중,보행자보호의무위반,건조,맑음,단일로 - 기타,승용,남,36세,상해없음,보행자,남,25세,경상
2017012400100591,2017년 1월 24일 19시,화요일,강원도 춘천시 석사동,경상사고,0,0,2,0,차대차 - 측면충돌,신호위반,건조,맑음,교차로 - 교차로안,승용,남,22세,상해없음,승용,여,42세,경상
2017012400100592,2017년 1월 24일 19시,화요일,강원도 원주시 개운동,부상신고사고,0,0,0,1,차대차 - 기타,안전운전불이행,서리/결빙,맑음,기타 - 기타,승용,남,42세,상해없음,이륜,남,23세,부상신고
2017012400100644,2017년 1월 24일 20시,화요일,강원도 춘천시 우두동,중상사고,0,1,0,0,차대차 - 추돌,안전운전불이행,건조,맑음,단일로 - 기타,승용,남,19세,상해없음,원동기,남,30세,중상
2017012400100645,2017년 1월 24일 20시,화요일,강원도 원주시 단구동,경상사고,0,0,1,0,차대차 - 측면충돌,안전운전불이행,서리/결빙,맑음,기타 - 기타,승용,남,49세,상해없음,이륜,남,39세,경상
2017012400100671,2017년 1월 24일 21시,화요일,강원도 원주시 관설동,경상사고,0,0,2,0,차대차 - 측면충돌,직진우회전진행방해,건조,기타,교차로 - 교차로안,승용,남,69세,상해없음,승용,남,62세,경상
2017012400100672,2017년 1월 24일 21시,화요일,강원도 철원군 서면,경상사고,0,0,1,0,차량단독 - 공작물충돌,안전운전불이행,건조,맑음,단일로 - 기타,화물,남,47세,경상,,,,
2017012400100705,2017년 1월 24일 22시,화요일,강원도 영월군 한반도면,부상신고사고,0,0,0,1,차대사람 - 기타,안전운전불이행,건조,맑음,단일로 - 기타,승용,남,37세,상해없음,보행자,남,58세,부상신고
2017012400100737,2017년 1월 24일 23시,화요일,강원도 춘천시 후평동,경상사고,0,0,1,0,차대차 - 측면충돌,교차로운행방법위반,건조,맑음,교차로 - 교차로안,승용,여,35세,상해없음,승용,남,51세,경상
2017012500100059,2017년 1월 25일 02시,수요일,강원도 원주시 호저면,중상사고,0,1,1,0,차대차 - 추돌,안전운전불이행,서리/결빙,맑음,단일로 - 기타,승용,남,32세,상해없음,승용,남,64세,중상
2017012500100097,2017년 1월 25일 06시,수요일,강원도 홍천군 홍천읍,중상사고,0,1,2,0,차대차 - 정면충돌,기타,건조,맑음,단일로 - 기타,승용,남,30세,경상,승용,여,47세,중상
2017012500100195,2017년 1월 25일 09시,수요일,강원도 춘천시 우두동,경상사고,0,0,1,0,차대사람 - 횡단중,보행자보호의무위반,건조,맑음,교차로 - 교차로횡단보도내,승용,남,69세,상해없음,보행자,남,57세,경상
2017012500100233,2017년 1월 25일 10시,수요일,강원도 홍천군 서면,경상사고,0,0,1,0,차대차 - 정면충돌,중앙선침범,서리/결빙,맑음,단일로 - 기타,화물,남,22세,경상,화물,남,47세,상해없음
2017012500100265,2017년 1월 25일 11시,수요일,강원도 강릉시 성남동,중상사고,0,1,0,0,차대사람 - 횡단중,안전운전불이행,건조,맑음,교차로 - 교차로안,화물,남,74세,상해없음,보행자,여,66세,중상
2017012500100266,2017년 1월 25일 11시,수요일,강원도 원주시 봉산동,경상사고,0,0,1,0,차대차 - 측면충돌,안전운전불이행,건조,맑음,단일로 - 기타,승용,여,25세,상해없음,승용,남,61세,상해없음
2017012500100267,2017년 1월 25일 11시,수요일,강원도 횡성군 횡성읍,경상사고,0,0,1,0,차대차 - 측면충돌,안전운전불이행,서리/결빙,맑음,교차로 - 교차로안,승용,여,50세,상해없음,승용,남,45세,경상
2017012500100298,2017년 1월 25일 12시,수요일,강원도 춘천시 근화동,경상사고,0,0,2,0,차대차 - 추돌,안전거리미확보,건조,맑음,단일로 - 기타,건설기계,남,53세,상해없음,승용,여,37세,경상
2017012500100299,2017년 1월 25일 12시,수요일,강원도 강릉시 입암동,중상사고,0,1,0,0,차대사람 - 횡단중,안전운전불이행,건조,맑음,교차로 - 교차로안,화물,남,47세,상해없음,보행자,여,79세,중상
2017012500100300,2017년 1월 25일 12시,수요일,강원도 삼척시 정상동,경상사고,0,0,1,0,차대차 - 추돌,안전운전불이행,서리/결빙,맑음,단일로 - 기타,승용,남,30세,상해없음,승용,여,49세,경상
2017012500100337,2017년 1월 25일 13시,수요일,강원도 태백시 통동,중상사고,0,1,0,0,차대차 - 기타,안전거리미확보,건조,맑음,단일로 - 기타,화물,남,65세,상해없음,승용,남,59세,상해없음
2017012500100338,2017년 1월 25일 13시,수요일,강원도 동해시 지흥동,경상사고,0,0,5,0,차대차 - 추돌,안전거리미확보,젖음/습기,맑음,단일로 - 기타,승용,남,31세,경상,승용,남,61세,상해없음
2017012500100368,2017년 1월 25일 14시,수요일,강원도 춘천시 동면,경상사고,0,0,1,0,차대차 - 측면충돌,안전거리미확보,건조,맑음,단일로 - 기타,승용,남,35세,상해없음,화물,남,37세,경상
2017012500100369,2017년 1월 25일 14시,수요일,강원도 삼척시 도계읍,중상사고,0,1,1,0,차대차 - 추돌,안전운전불이행,건조,맑음,단일로 - 기타,승합,남,54세,상해없음,승용,남,48세,중상
2017012500100370,2017년 1월 25일 14시,수요일,강원도 삼척시 도계읍,중상사고,0,1,1,0,차대차 - 측면충돌,안전거리미확보,건조,맑음,단일로 - 기타,승용,여,55세,경상,건설기계,남,51세,중상
2017012500100371,2017년 1월 25일 14시,수요일,강원도 철원군 갈말읍,사망사고,1,0,0,0,차량단독 - 전도전복 - 전도,안전운전불이행,건조,맑음,단일로 - 교량,화물,남,51세,사망,,,,
2017012500100372,2017년 1월 25일 14시,수요일,강원도 동해시 구미동,중상사고,0,1,0,0,차대사람 - 횡단중,안전운전불이행,젖음/습기,맑음,교차로 - 교차로안,승용,여,58세,상해없음,보행자,여,71세,중상
2017012500100417,2017년 1월 25일 15시,수요일,강원도 춘천시 교동,경상사고,0,0,3,0,차대차 - 측면충돌,직진우회전진행방해,건조,맑음,교차로 - 교차로안,승용,여,47세,상해없음,승용,남,59세,경상
2017012500100454,2017년 1월 25일 16시,수요일,강원도 홍천군 내촌면,중상사고,0,1,0,0,차대차 - 정면충돌,중앙선침범,젖음/습기,흐림,단일로 - 기타,승용,남,58세,상해없음,화물,남,46세,중상
2017012500100455,2017년 1월 25일 16시,수요일,강원도 동해시 천곡동,경상사고,0,0,2,0,차대차 - 측면충돌,교차로운행방법위반,건조,맑음,교차로 - 교차로안,승용,여,56세,상해없음,승용,여,37세,경상
2017012500100508,2017년 1월 25일 17시,수요일,강원도 춘천시 소양로1가,경상사고,0,0,1,0,차대차 - 측면충돌,기타,건조,맑음,단일로 - 기타,승용,남,45세,상해없음,화물,남,56세,상해없음
2017012500100509,2017년 1월 25일 17시,수요일,강원도 삼척시 정상동,경상사고,0,0,1,0,차대차 - 기타,안전운전불이행,젖음/습기,맑음,단일로 - 기타,화물,남,19세,상해없음,승용,여,57세,기타불명
2017012500100561,2017년 1월 25일 18시,수요일,강원도 원주시 태장동,부상신고사고,0,0,0,1,차대차 - 측면충돌,교차로운행방법위반,건조,맑음,교차로 - 교차로안,승용,남,34세,상해없음,승용,남,58세,부상신고
2017012500100562,2017년 1월 25일 18시,수요일,강원도 원주시 무실동,중상사고,0,1,0,1,차대차 - 정면충돌,중앙선침범,건조,맑음,단일로 - 기타,승용,남,62세,상해없음,승용,남,51세,상해없음
2017012500100627,2017년 1월 25일 19시,수요일,강원도 원주시 무실동,경상사고,0,0,1,0,차대차 - 추돌,안전거리미확보,건조,맑음,교차로 - 교차로부근,승용,남,47세,상해없음,승용,여,26세,경상
2017012500100628,2017년 1월 25일 19시,수요일,강원도 평창군 대관령면,중상사고,0,2,1,0,차량단독 - 전도전복,안전운전불이행,서리/결빙,흐림,단일로 - 기타,승용,남,37세,중상,미분류,미분류,미분류,미분류
2017012500100677,2017년 1월 25일 20시,수요일,강원도 원주시 단구동,중상사고,0,1,0,0,차대사람 - 횡단중,보행자보호의무위반,건조,맑음,단일로 - 기타,승용,남,51세,상해없음,보행자,여,46세,중상
2017012500100716,2017년 1월 25일 21시,수요일,강원도 춘천시 중앙로1가,부상신고사고,0,0,0,1,차대차 - 측면충돌,안전운전불이행,젖음/습기,맑음,교차로 - 교차로안,승용,남,19세,상해없음,이륜,남,33세,부상신고
2017012500100717,2017년 1월 25일 21시,수요일,강원도 횡성군 둔내면,경상사고,0,0,1,0,차대차 - 측면충돌,안전운전불이행,젖음/습기,맑음,교차로 - 교차로안,화물,남,62세,상해없음,승용,남,34세,경상
2017012500100778,2017년 1월 25일 23시,수요일,강원도 춘천시 퇴계동,경상사고,0,0,2,0,차대차 - 추돌,안전운전불이행,건조,흐림,교차로 - 교차로부근,승용,남,54세,상해없음,승용,남,31세,경상
2017012500100779,2017년 1월 25일 23시,수요일,강원도 강릉시 입암동,중상사고,0,1,0,0,차대차 - 추돌,안전운전불이행,건조,흐림,단일로 - 기타,승용,여,33세,상해없음,원동기,남,48세,중상
2017012500100780,2017년 1월 25일 23시,수요일,강원도 철원군 철원읍,중상사고,0,3,0,0,차대차 - 측면충돌,중앙선침범,건조,맑음,단일로 - 기타,승용,여,56세,상해없음,승용,남,18세,중상
2017012600100129,2017년 1월 26일 07시,목요일,강원도 원주시 흥업면,경상사고,0,0,1,0,차대차 - 정면충돌,교차로운행방법위반,서리/결빙,흐림,교차로 - 교차로안,승용,남,63세,상해없음,승용,남,24세,경상
2017012600100130,2017년 1월 26일 07시,목요일,강원도 원주시 판부면,중상사고,0,1,0,0,차대차 - 기타,안전거리미확보,건조,맑음,단일로 - 고가도로위,승용,남,24세,상해없음,승용,여,41세,중상
2017012600100155,2017년 1월 26일 08시,목요일,강원도 강릉시 성산면,경상사고,0,0,1,0,차대차 - 정면충돌,안전운전불이행,서리/결빙,맑음,단일로 - 기타,승용,여,29세,상해없음,화물,남,54세,경상
2017012600100156,2017년 1월 26일 08시,목요일,강원도 원주시 태장동,경상사고,0,0,4,3,차대차 - 추돌,안전거리미확보,서리/결빙,맑음,단일로 - 기타,승용,남,39세,경상,화물,남,24세,기타불명
2017012600100157,2017년 1월 26일 08시,목요일,강원도 평창군 대관령면,경상사고,0,0,1,0,차대차 - 측면충돌,안전운전불이행,건조,맑음,교차로 - 교차로안,승용,남,46세,상해없음,승용,남,62세,경상
2017012600100225,2017년 1월 26일 10시,목요일,강원도 원주시 무실동,부상신고사고,0,0,0,1,차대차 - 측면충돌,안전운전불이행,건조,맑음,단일로 - 기타,승용,남,55세,상해없음,승용,남,59세,상해없음
2017012600100226,2017년 1월 26일 10시,목요일,강원도 원주시 중앙동,중상사고,0,1,0,0,차대사람 - 횡단중,보행자보호의무위반,건조,맑음,단일로 - 기타,승용,남,26세,기타불명,보행자,여,54세,중상
2017012600100227,2017년 1월 26일 10시,목요일,강원도 인제군 인제읍,중상사고,0,1,0,0,차대차 - 정면충돌,안전운전불이행,건조,맑음,교차로 - 교차로안,승용,남,69세,상해없음,승용,남,53세,상해없음
2017012600100292,2017년 1월 26일 12시,목요일,강원도 속초시 조양동,부상신고사고,0,0,0,1,차대차 - 기타,안전운전불이행,젖음/습기,맑음,단일로 - 기타,승용,남,65세,상해없음,원동기,남,20세,부상신고
2017012600100293,2017년 1월 26일 12시,목요일,강원도 평창군 용평면,경상사고,0,0,1,0,차대차 - 정면충돌,중앙선침범,건조,맑음,단일로 - 터널,승용,남,79세,상해없음,승용,남,80세,경상
2017012600100294,2017년 1월 26일 12시,목요일,강원도 정선군 북평면,중상사고,0,1,0,0,차대사람 - 횡단중,안전운전불이행,건조,맑음,단일로 - 기타,화물,여,50세,상해없음,보행자,여,85세,중상
2017012600100331,2017년 1월 26일 13시,목요일,강원도 원주시 중앙동,경상사고,0,0,2,0,차대차 - 측면충돌,안전운전불이행,건조,맑음,교차로 - 교차로안,승용,여,76세,상해없음,승용,여,43세,경상
2017012600100386,2017년 1월 26일 14시,목요일,강원도 원주시 태장동,경상사고,0,0,1,0,차대차 - 측면충돌,신호위반,건조,맑음,교차로 - 교차로안,승용,여,54세,상해없음,승용,여,48세,경상
2017012600100436,2017년 1월 26일 15시,목요일,강원도 강릉시 입암동,경상사고,0,0,2,0,차대차 - 정면충돌,중앙선침범,건조,맑음,단일로 - 기타,건설기계,남,56세,상해없음,승용,여,37세,경상
2017012600100437,2017년 1월 26일 15시,목요일,강원도 원주시 태장동,중상사고,0,1,0,0,차대차 - 추돌,안전거리미확보,건조,맑음,단일로 - 기타,승용,남,36세,상해없음,원동기,남,59세,중상
2017012600100496,2017년 1월 26일 16시,목요일,강원도 춘천시 온의동,경상사고,0,0,1,0,차대사람 - 기타,기타,건조,맑음,교차로 - 교차로부근,기타불명,기타불명,미분류,기타불명,보행자,여,61세,경상
2017012600100543,2017년 1월 26일 17시,목요일,강원도 춘천시 효자동,중상사고,0,1,0,0,차대차 - 측면충돌,중앙선침범,건조,맑음,단일로 - 기타,승용,남,63세,상해없음,이륜,남,17세,중상
2017012600100544,2017년 1월 26일 17시,목요일,강원도 원주시 일산동,중상사고,0,1,0,0,차대사람 - 횡단중,보행자보호의무위반,건조,맑음,교차로 - 교차로부근,승용,여,67세,상해없음,보행자,여,59세,중상
2017012600100545,2017년 1월 26일 17시,목요일,강원도 평창군 대관령면,중상사고,0,1,0,0,차량단독 - 공작물충돌,안전운전불이행,건조,맑음,기타 - 기타,승용,남,54세,중상,,,,
2017012600100546,2017년 1월 26일 17시,목요일,강원도 원주시 호저면,중상사고,0,1,3,0,차대차 - 정면충돌,차로위반,건조,맑음,단일로 - 기타,승용,남,49세,경상,승용,남,27세,경상
2017012600100585,2017년 1월 26일 18시,목요일,강원도 춘천시 효자동,중상사고,0,1,0,0,차대차 - 정면충돌,직진우회전진행방해,건조,맑음,교차로 - 교차로안,승용,남,40세,상해없음,이륜,남,70세,중상
2017012600100586,2017년 1월 26일 18시,목요일,강원도 춘천시 동면,경상사고,0,0,1,0,차대차 - 측면충돌,중앙선침범,건조,맑음,단일로 - 기타,승용,여,52세,상해없음,승용,남,22세,경상
2017012600100587,2017년 1월 26일 18시,목요일,강원도 강릉시 주문진읍,경상사고,0,0,1,0,차대차 - 측면충돌,안전운전불이행,건조,맑음,단일로 - 기타,승용,남,58세,상해없음,승용,남,52세,경상
2017012600100588,2017년 1월 26일 18시,목요일,강원도 원주시 단계동,중상사고,0,1,0,0,차대차 - 측면충돌,신호위반,건조,맑음,교차로 - 교차로안,승용,남,34세,상해없음,승용,남,63세,중상
2017012600100589,2017년 1월 26일 18시,목요일,강원도 원주시 단계동,경상사고,0,0,1,0,차대사람 - 횡단중,기타,건조,맑음,단일로 - 기타,승용,남,66세,상해없음,보행자,남,31세,경상
2017012600100651,2017년 1월 26일 19시,목요일,강원도 인제군 북면,중상사고,0,2,2,0,차대차 - 정면충돌,안전운전불이행,서리/결빙,눈,기타 - 기타,승용,남,40세,상해없음,승용,여,49세,중상
2017012600100652,2017년 1월 26일 19시,목요일,강원도 고성군 간성읍,경상사고,0,0,1,0,차대차 - 정면충돌,중앙선침범,건조,맑음,단일로 - 기타,승용,남,47세,상해없음,승용,남,72세,경상
2017012600100699,2017년 1월 26일 20시,목요일,강원도 춘천시 효자동,중상사고,0,1,0,0,차대차 - 측면충돌,직진우회전진행방해,건조,맑음,교차로 - 교차로안,화물,남,36세,상해없음,이륜,남,20세,중상
2017012600100700,2017년 1월 26일 20시,목요일,강원도 강릉시 포남동,경상사고,0,0,1,0,차대사람 - 횡단중,안전운전불이행,서리/결빙,기타,단일로 - 기타,승용,여,59세,상해없음,보행자,남,52세,경상
2017012600100701,2017년 1월 26일 20시,목요일,강원도 원주시 단계동,경상사고,0,0,2,0,차대차 - 정면충돌,안전운전불이행,건조,맑음,교차로 - 교차로안,승용,남,57세,경상,승용,남,56세,상해없음
2017012600100702,2017년 1월 26일 20시,목요일,강원도 동해시 효가동,경상사고,0,0,6,0,차대차 - 측면충돌,중앙선침범,건조,맑음,단일로 - 기타,승용,남,32세,상해없음,승용,여,62세,경상
2017012600100738,2017년 1월 26일 21시,목요일,강원도 원주시 단계동,경상사고,0,0,1,0,차대차 - 측면충돌,안전거리미확보,건조,맑음,단일로 - 기타,이륜,남,31세,경상,승용,남,28세,상해없음
2017012600100739,2017년 1월 26일 21시,목요일,강원도 원주시 일산동,부상신고사고,0,0,0,1,차대사람 - 길가장자리구역통행중,안전운전불이행,건조,맑음,단일로 - 기타,기타불명,기타불명,미분류,기타불명,보행자,여,24세,부상신고
2017012600100740,2017년 1월 26일 21시,목요일,강원도 원주시 문막읍,경상사고,0,0,3,1,차대차 - 정면충돌,안전거리미확보,건조,맑음,단일로 - 기타,승용,남,43세,부상신고,승용,남,41세,경상
2017012600100781,2017년 1월 26일 22시,목요일,강원도 원주시 귀래면,부상신고사고,0,0,0,1,차대사람 - 길가장자리구역통행중,안전운전불이행,건조,맑음,단일로 - 기타,기타불명,기타불명,미분류,기타불명,보행자,남,53세,부상신고
2017012600100810,2017년 1월 26일 23시,목요일,강원도 춘천시 퇴계동,경상사고,0,0,1,0,차대차 - 측면충돌,신호위반,건조,맑음,교차로 - 교차로안,승용,여,50세,상해없음,승용,남,51세,경상
2017012600100811,2017년 1월 26일 23시,목요일,강원도 강릉시 교동,중상사고,0,1,0,0,차대사람 - 횡단중,안전운전불이행,서리/결빙,맑음,단일로 - 기타,승용,남,52세,상해없음,보행자,남,53세,중상
2017012600100812,2017년 1월 26일 23시,목요일,강원도 홍천군 서면,중상사고,0,1,4,0,차대차 - 정면충돌,중앙선침범,젖음/습기,흐림,단일로 - 기타,승용,남,37세,상해없음,승합,남,25세,경상
2017012700100057,2017년 1월 27일 01시,금요일,강원도 원주시 평원동,경상사고,0,0,1,0,차대차 - 측면충돌,안전운전불이행,젖음/습기,눈,교차로 - 교차로부근,승용,남,19세,상해없음,승용,남,50세,경상
2017012700100073,2017년 1월 27일 02시,금요일,강원도 홍천군 홍천읍,경상사고,0,0,1,0,차대차 - 추돌,안전운전불이행,적설,눈,단일로 - 기타,승용,여,24세,상해없음,승용,남,57세,경상
2017012700100074,2017년 1월 27일 02시,금요일,강원도 평창군 방림면,경상사고,0,0,4,0,차대차 - 정면충돌,안전운전불이행,적설,눈,단일로 - 기타,승용,여,61세,상해없음,승용,남,44세,경상
2017012700100075,2017년 1월 27일 02시,금요일,강원도 평창군 진부면,중상사고,0,4,0,0,차대차 - 추돌,안전운전불이행,젖음/습기,눈,단일로 - 기타,승용,남,76세,상해없음,승용,남,49세,중상
2017012700100085,2017년 1월 27일 03시,금요일,강원도 강릉시 교동,경상사고,0,0,2,0,차대차 - 추돌,안전거리미확보,젖음/습기,비,교차로 - 교차로부근,기타불명,기타불명,미분류,기타불명,승용,남,35세,경상
2017012700100121,2017년 1월 27일 06시,금요일,강원도 강릉시 교동,중상사고,0,1,2,0,차량단독 - 전도전복 - 전도,안전운전불이행,서리/결빙,기타,단일로 - 기타,승용,남,24세,상해없음,,,,
2017012700100155,2017년 1월 27일 09시,금요일,강원도 평창군 미탄면,중상사고,0,3,0,0,차대차 - 측면충돌,안전운전불이행,서리/결빙,맑음,단일로 - 기타,화물,남,55세,중상,화물,남,36세,중상
2017012700100156,2017년 1월 27일 09시,금요일,강원도 동해시 발한동,중상사고,0,1,0,0,차대사람 - 기타,안전운전불이행,건조,맑음,교차로 - 교차로부근,승용,남,51세,상해없음,보행자,남,64세,중상
2017012700100172,2017년 1월 27일 10시,금요일,강원도 원주시 무실동,경상사고,0,0,3,0,차대차 - 측면충돌,안전운전불이행,서리/결빙,맑음,단일로 - 기타,승합,남,47세,상해없음,승용,남,54세,경상