사고번호,사고일시,요일,시군구,사고내용,사망자수,중상자수,경상자수,부상신고자수,사고유형,법규위반,노면상태,기상상태,도로형태,가해운전자 차종,가해운전자 성별,가해운전자 연령,가해운전자 상해정도,피해운전자 차종,피해운전자 성별,피해운전자 연령,피해운전자 상해정도
2017021100100157,2017년 2월 11일 09시,토요일,강원도 원주시 단계동,경상사고,0,0,1,0,차대차 - 정면충돌,안전운전불이행,건조,맑음,단일로 - 기타,승용,여,55세,기타불명,화물,남,34세,경상
2017021100100333,2017년 2월 11일 15시,토요일,강원도 속초시 노학동,경상사고,0,0,3,0,차대차 - 추돌,안전운전불이행,건조,맑음,교차로 - 교차로부근,승용,여,30세,상해없음,승용,여,56세,경상
2017021100100334,2017년 2월 11일 15시,토요일,강원도 속초시 조양동,경상사고,0,0,1,0,차대차 - 추돌,안전운전불이행,건조,맑음,단일로 - 기타,승용,남,66세,상해없음,승용,여,30세,경상
2017021100100417,2017년 2월 11일 18시,토요일,강원도 원주시 우산동,경상사고,0,0,1,0,차대차 - 측면충돌,안전거리미확보,건조,맑음,단일로 - 기타,승용,여,30세,상해없음,승용,남,49세,경상
2017021100100454,2017년 2월 11일 19시,토요일,강원도 강릉시 안현동,경상사고,0,0,1,0,차대사람 - 횡단중,안전운전불이행,건조,맑음,단일로 - 기타,승용,남,43세,상해없음,보행자,남,52세,경상
2017021100100512,2017년 2월 11일 21시,토요일,강원도 평창군 봉평면,경상사고,0,0,1,0,차대차 - 측면충돌,중앙선침범,건조,맑음,단일로 - 기타,승용,여,44세,상해없음,이륜,남,45세,경상
2017021100100513,2017년 2월 11일 21시,토요일,강원도 정선군 고한읍,경상사고,0,0,2,1,차대차 - 정면충돌,중앙선침범,서리/결빙,맑음,단일로 - 터널,승용,남,38세,상해없음,승용,남,32세,부상신고
2017021100100540,2017년 2월 11일 22시,토요일,강원도 홍천군 서면,중상사고,0,1,0,0,차대사람 - 횡단중,안전운전불이행,건조,맑음,단일로 - 기타,승용,남,55세,상해없음,보행자,여,67세,중상
2017021100100565,2017년 2월 11일 23시,토요일,강원도 강릉시 내곡동,경상사고,0,0,1,0,차대차 - 측면충돌,안전운전불이행,건조,맑음,교차로 - 교차로안,승용,남,62세,상해없음,이륜,남,42세,경상
2017021200100111,2017년 2월 12일 08시,일요일,강원도 춘천시 석사동,경상사고,0,0,1,0,차대사람 - 횡단중,신호위반,건조,맑음,교차로 - 교차로횡단보도내,승용,여,45세,상해없음,보행자,여,23세,경상
2017021200100112,2017년 2월 12일 08시,일요일,강원도 강릉시 옥천동,경상사고,0,0,1,0,차대차 - 측면충돌,안전운전불이행,건조,맑음,교차로 - 교차로안,승용,남,44세,상해없음,승용,남,47세,경상
2017021200100113,2017년 2월 12일 08시,일요일,강원도 횡성군 우천면,경상사고,0,0,1,0,차대차 - 추돌,안전거리미확보,건조,맑음,교차로 - 교차로부근,승용,여,45세,상해없음,승용,여,60세,경상
2017021200100135,2017년 2월 12일 09시,일요일,강원도 원주시 태장동,경상사고,0,0,1,0,차대차 - 측면충돌,교차로운행방법위반,건조,맑음,단일로 - 기타,승용,남,61세,상해없음,승용,여,59세,경상
2017021200100157,2017년 2월 12일 10시,일요일,강원도 홍천군 남면,경상사고,0,0,1,0,차대차 - 측면충돌,차로위반,건조,맑음,단일로 - 기타,승용,남,63세,상해없음,승용,남,35세,경상
2017021200100158,2017년 2월 12일 10시,일요일,강원도 동해시 발한동,중상사고,0,1,0,0,차대사람 - 횡단중,보행자보호의무위반,건조,맑음,단일로 - 기타,화물,남,62세,상해없음,보행자,여,63세,중상
2017021200100174,2017년 2월 12일 11시,일요일,강원도 속초시 청호동,중상사고,0,1,1,0,차대차 - 측면충돌,안전운전불이행,건조,맑음,단일로 - 지하차도(도로)내,승용,남,48세,상해없음,승용,남,49세,경상
2017021200100189,2017년 2월 12일 12시,일요일,강원도 원주시 단계동,중상사고,0,1,0,0,차대차 - 측면충돌,안전거리미확보,건조,맑음,단일로 - 기타,승용,남,52세,상해없음,이륜,남,36세,중상
2017021200100190,2017년 2월 12일 12시,일요일,강원도 횡성군 둔내면,중상사고,0,1,0,0,차대차 - 측면충돌,중앙선침범,건조,맑음,교차로 - 교차로부근,승용,여,61세,상해없음,승용,남,56세,중상
2017021200100266,2017년 2월 12일 16시,일요일,강원도 원주시 지정면,경상사고,0,0,4,0,차대차 - 측면충돌,직진우회전진행방해,건조,맑음,교차로 - 교차로안,승용,여,60세,경상,승용,남,61세,경상
2017021200100285,2017년 2월 12일 17시,일요일,강원도 강릉시 안현동,사망사고,1,0,0,0,차대사람 - 횡단중,안전운전불이행,건조,맑음,단일로 - 기타,화물,남,19세,상해없음,보행자,남,71세,사망
2017021200100336,2017년 2월 12일 19시,일요일,강원도 원주시 학성동,경상사고,0,0,4,0,차대차 - 추돌,안전운전불이행,건조,맑음,교차로 - 교차로부근,승용,남,57세,상해없음,승용,남,33세,경상
2017021200100337,2017년 2월 12일 19시,일요일,강원도 홍천군 북방면,경상사고,0,0,1,0,차대차 - 기타,중앙선침범,건조,맑음,단일로 - 기타,승용,남,54세,상해없음,승용,남,55세,경상
2017021300100111,2017년 2월 13일 08시,월요일,강원도 강릉시 옥계면,중상사고,0,2,0,0,차대차 - 추돌,안전운전불이행,건조,맑음,단일로 - 기타,승용,남,54세,상해없음,승용,남,56세,중상
2017021300100159,2017년 2월 13일 10시,월요일,강원도 춘천시 석사동,부상신고사고,0,0,0,1,차대차 - 기타,안전운전불이행,건조,맑음,교차로 - 교차로안,승용,여,40세,상해없음,자전거,남,76세,부상신고
2017021300100193,2017년 2월 13일 11시,월요일,강원도 인제군 북면,경상사고,0,0,4,0,차대차 - 정면충돌,안전운전불이행,건조,맑음,단일로 - 기타,화물,남,72세,상해없음,승용,여,50세,경상
2017021300100224,2017년 2월 13일 12시,월요일,강원도 춘천시 석사동,경상사고,0,0,1,0,차대사람 - 횡단중,안전운전불이행,건조,맑음,단일로 - 기타,승용,여,41세,상해없음,보행자,남,38세,경상
2017021300100225,2017년 2월 13일 12시,월요일,강원도 횡성군 안흥면,경상사고,0,0,2,0,차대차 - 측면충돌,차로위반,건조,맑음,단일로 - 기타,화물,남,46세,상해없음,승용,남,19세,경상
2017021300100277,2017년 2월 13일 14시,월요일,강원도 동해시 송정동,경상사고,0,0,1,0,차대차 - 추돌,안전거리미확보,건조,맑음,단일로 - 기타,승용,남,66세,상해없음,승용,남,36세,상해없음
2017021300100305,2017년 2월 13일 15시,월요일,강원도 평창군 평창읍,경상사고,0,0,1,0,차대차 - 정면충돌,신호위반,건조,맑음,기타 - 기타,승용,남,56세,상해없음,승용,남,22세,경상
2017021300100360,2017년 2월 13일 17시,월요일,강원도 원주시 문막읍,경상사고,0,0,1,0,차량단독 - 전도전복 - 전도,안전운전불이행,건조,맑음,단일로 - 기타,화물,남,20세,경상,,,,
2017021300100391,2017년 2월 13일 18시,월요일,강원도 원주시 단구동,경상사고,0,0,1,0,차대사람 - 횡단중,안전운전불이행,건조,맑음,단일로 - 기타,승용,남,62세,상해없음,보행자,여,13세,경상
2017021300100430,2017년 2월 13일 19시,월요일,강원도 양양군 현남면,경상사고,0,0,1,0,차대차 - 측면충돌,중앙선침범,건조,맑음,단일로 - 지하차도(도로)내,화물,남,54세,상해없음,승용,남,62세,상해없음
2017021300100507,2017년 2월 13일 21시,월요일,강원도 동해시 동회동,경상사고,0,0,2,0,차대차 - 추돌,안전운전불이행,건조,맑음,교차로 - 교차로안,승용,남,51세,상해없음,승용,여,55세,경상
2017021300100563,2017년 2월 13일 23시,월요일,강원도 강릉시 옥계면,중상사고,0,1,6,0,차대차 - 추돌,안전운전불이행,건조,맑음,단일로 - 기타,승용,남,25세,경상,승용,남,24세,중상
2017021400100060,2017년 2월 14일 04시,화요일,강원도 강릉시 명주동,경상사고,0,0,2,0,차대차 - 측면충돌,신호위반,건조,맑음,교차로 - 교차로안,승용,여,45세,상해없음,화물,남,39세,경상
2017021400100061,2017년 2월 14일 04시,화요일,강원도 동해시 발한동,경상사고,0,0,2,0,차대차 - 측면충돌,직진우회전진행방해,건조,맑음,교차로 - 교차로안,승용,남,59세,상해없음,승용,남,55세,상해없음
2017021400100127,2017년 2월 14일 08시,화요일,강원도 춘천시 동면,경상사고,0,0,1,0,차대차 - 기타,안전거리미확보,건조,맑음,교차로 - 교차로부근,승용,남,79세,기타불명,승용,남,31세,경상
2017021400100128,2017년 2월 14일 08시,화요일,강원도 춘천시 우두동,경상사고,0,0,1,0,차량단독 - 전도전복,안전운전불이행,건조,맑음,단일로 - 기타,사륜오토바이(ATV),남,75세,경상,미분류,미분류,미분류,미분류
2017021400100129,2017년 2월 14일 08시,화요일,강원도 원주시 반곡동,경상사고,0,0,2,1,차대차 - 측면충돌,교차로운행방법위반,건조,맑음,교차로 - 교차로안,승용,여,31세,부상신고,승용,여,39세,경상
2017021400100130,2017년 2월 14일 08시,화요일,강원도 삼척시 남양동,경상사고,0,0,1,0,차대차 - 측면충돌,직진우회전진행방해,건조,맑음,교차로 - 교차로안,승용,남,38세,상해없음,승용,남,32세,상해없음
2017021400100131,2017년 2월 14일 08시,화요일,강원도 동해시 천곡동,경상사고,0,0,3,0,차대차 - 추돌,안전거리미확보,건조,맑음,교차로 - 교차로안,승용,여,36세,상해없음,승용,남,56세,경상
2017021400100166,2017년 2월 14일 09시,화요일,강원도 화천군 상서면,중상사고,0,1,0,0,차량단독 - 도로외이탈 - 기타,안전운전불이행,건조,맑음,단일로 - 기타,건설기계,남,52세,중상,,,,
2017021400100167,2017년 2월 14일 09시,화요일,강원도 정선군 사북읍,경상사고,0,0,1,1,차대차 - 추돌,안전운전불이행,건조,맑음,주차장 - 주차장,화물,남,40세,상해없음,승용,여,57세,경상
2017021400100197,2017년 2월 14일 10시,화요일,강원도 강릉시 금학동,중상사고,0,1,0,0,차대차 - 기타,안전운전불이행,건조,맑음,단일로 - 기타,승합,남,46세,상해없음,자전거,남,70세,중상
2017021400100198,2017년 2월 14일 10시,화요일,강원도 강릉시 강동면,경상사고,0,0,2,0,차대차 - 측면충돌,중앙선침범,건조,맑음,단일로 - 기타,승용,여,52세,상해없음,화물,남,58세,경상
2017021400100199,2017년 2월 14일 10시,화요일,강원도 원주시 소초면,경상사고,0,0,5,0,차대차 - 추돌,안전운전불이행,건조,맑음,단일로 - 기타,승용,여,35세,상해없음,승용,남,68세,경상
2017021400100225,2017년 2월 14일 11시,화요일,강원도 강릉시 교동,경상사고,0,0,1,0,차대차 - 기타,신호위반,건조,맑음,교차로 - 교차로안,승용,남,62세,상해없음,이륜,남,23세,경상
2017021400100226,2017년 2월 14일 11시,화요일,강원도 속초시 교동,경상사고,0,0,1,0,차대차 - 측면충돌,안전운전불이행,건조,맑음,단일로 - 기타,승합,남,47세,상해없음,승용,여,49세,경상
2017021400100247,2017년 2월 14일 12시,화요일,강원도 춘천시 교동,경상사고,0,0,1,0,차대차 - 측면충돌,직진우회전진행방해,건조,맑음,교차로 - 교차로안,승용,남,62세,상해없음,승용,남,51세,경상
2017021400100248,2017년 2월 14일 12시,화요일,강원도 원주시 단구동,경상사고,0,0,1,0,차대차 - 기타,신호위반,건조,맑음,교차로 - 교차로안,기타불명,기타불명,미분류,기타불명,승합,기타불명,미분류,기타불명
2017021400100269,2017년 2월 14일 13시,화요일,강원도 강릉시 주문진읍,경상사고,0,0,1,0,차대차 - 측면충돌,신호위반,건조,맑음,교차로 - 교차로안,승용,여,63세,상해없음,승합,여,33세,경상
2017021400100270,2017년 2월 14일 13시,화요일,강원도 홍천군 홍천읍,경상사고,0,0,1,0,차대차 - 기타,안전운전불이행,서리/결빙,맑음,단일로 - 기타,승용,남,57세,상해없음,이륜,남,20세,경상
2017021400100271,2017년 2월 14일 13시,화요일,강원도 평창군 봉평면,경상사고,0,0,1,0,차대차 - 추돌,안전운전불이행,건조,맑음,단일로 - 기타,승용,남,66세,상해없음,승용,남,39세,경상
2017021400100272,2017년 2월 14일 13시,화요일,강원도 동해시 발한동,경상사고,0,0,1,0,차대차 - 측면충돌,직진우회전진행방해,건조,맑음,교차로 - 교차로안,이륜,여,60세,상해없음,이륜,남,59세,경상
2017021400100305,2017년 2월 14일 14시,화요일,강원도 원주시 소초면,경상사고,0,0,1,0,차대차 - 추돌,안전운전불이행,건조,맑음,단일로 - 기타,승용,남,74세,상해없음,승용,남,29세,경상
2017021400100333,2017년 2월 14일 15시,화요일,강원도 춘천시 신북읍,경상사고,0,0,1,0,차대차 - 측면충돌,중앙선침범,건조,맑음,단일로 - 기타,승용,남,68세,상해없음,화물,남,45세,경상
2017021400100334,2017년 2월 14일 15시,화요일,강원도 태백시 황지동,경상사고,0,0,2,0,차대차 - 측면충돌,중앙선침범,건조,맑음,단일로 - 기타,승용,남,47세,상해없음,승용,남,36세,경상
2017021400100369,2017년 2월 14일 16시,화요일,강원도 춘천시 교동,경상사고,0,0,2,0,차대차 - 측면충돌,직진우회전진행방해,건조,맑음,교차로 - 교차로안,승용,여,59세,상해없음,승용,여,38세,경상
2017021400100370,2017년 2월 14일 16시,화요일,강원도 영월군 영월읍,경상사고,0,0,1,0,차대차 - 측면충돌,교차로운행방법위반,건조,맑음,교차로 - 교차로안,승용,여,55세,상해없음,화물,남,68세,경상
2017021400100399,2017년 2월 14일 17시,화요일,강원도 횡성군 횡성읍,경상사고,0,0,2,0,차량단독 - 기타,안전운전불이행,건조,맑음,단일로 - 기타,승합,남,38세,상해없음,,,,
2017021400100433,2017년 2월 14일 18시,화요일,강원도 원주시 무실동,경상사고,0,0,3,0,차대차 - 측면충돌,차로위반,건조,맑음,단일로 - 기타,화물,남,59세,상해없음,승용,남,42세,경상
2017021400100434,2017년 2월 14일 18시,화요일,강원도 영월군 영월읍,중상사고,0,1,2,1,차대차 - 기타,안전거리미확보,건조,맑음,단일로 - 기타,승용,남,63세,상해없음,승용,남,36세,상해없음
2017021400100485,2017년 2월 14일 19시,화요일,강원도 정선군 고한읍,중상사고,0,2,3,0,차대차 - 정면충돌,중앙선침범,서리/결빙,맑음,단일로 - 기타,승용,남,56세,상해없음,승용,남,26세,경상
2017021400100536,2017년 2월 14일 21시,화요일,강원도 춘천시 후평동,경상사고,0,0,1,0,차대차 - 측면충돌,신호위반,건조,맑음,교차로 - 교차로안,승용,남,22세,경상,승용,남,49세,상해없음
2017021400100537,2017년 2월 14일 21시,화요일,강원도 춘천시 후평동,경상사고,0,0,2,0,차대차 - 추돌,안전거리미확보,건조,흐림,단일로 - 기타,화물,남,45세,상해없음,승용,여,51세,경상
2017021400100566,2017년 2월 14일 22시,화요일,강원도 춘천시 후평동,경상사고,0,0,2,0,차대차 - 측면충돌,안전거리미확보,건조,흐림,단일로 - 기타,승용,남,24세,상해없음,승용,남,58세,경상
2017021400100587,2017년 2월 14일 23시,화요일,강원도 동해시 효가동,경상사고,0,0,1,0,차대사람 - 횡단중,안전운전불이행,건조,맑음,단일로 - 기타,승용,남,60세,상해없음,보행자,남,52세,경상
2017021500100021,2017년 2월 15일 00시,수요일,강원도 춘천시 사농동,경상사고,0,0,1,0,차대차 - 추돌,안전운전불이행,건조,맑음,단일로 - 기타,화물,남,17세,상해없음,승용,남,23세,경상
2017021500100118,2017년 2월 15일 08시,수요일,강원도 춘천시 동내면,경상사고,0,0,1,1,차대차 - 측면충돌,안전운전불이행,건조,맑음,단일로 - 기타,승용,남,27세,상해없음,화물,남,38세,부상신고
2017021500100119,2017년 2월 15일 08시,수요일,강원도 춘천시 동내면,중상사고,0,1,0,0,차대차 - 측면충돌,중앙선침범,서리/결빙,맑음,단일로 - 기타,승용,여,30세,상해없음,승용,여,33세,중상
2017021500100120,2017년 2월 15일 08시,수요일,강원도 원주시 우산동,경상사고,0,0,1,0,차대차 - 측면충돌,안전거리미확보,건조,맑음,단일로 - 기타,승용,남,70세,상해없음,승용,남,45세,경상
2017021500100121,2017년 2월 15일 08시,수요일,강원도 원주시,경상사고,0,0,2,0,차대차 - 추돌,안전운전불이행,건조,맑음,교차로 - 교차로부근,승용,남,47세,상해없음,승용,여,51세,경상
2017021500100157,2017년 2월 15일 09시,수요일,강원도 강릉시 임당동,경상사고,0,0,1,0,차대사람 - 횡단중,안전운전불이행,건조,맑음,단일로 - 기타,승용,여,50세,상해없음,보행자,남,78세,경상
2017021500100158,2017년 2월 15일 09시,수요일,강원도 인제군 북면,경상사고,0,0,1,0,차대사람 - 횡단중,안전운전불이행,건조,맑음,단일로 - 기타,승용,남,50세,상해없음,보행자,남,21세,경상
2017021500100177,2017년 2월 15일 10시,수요일,강원도 삼척시 사직동,중상사고,0,1,1,0,차대차 - 추돌,안전운전불이행,건조,맑음,교차로 - 교차로부근,이륜,남,62세,중상,승용,여,61세,경상
2017021500100178,2017년 2월 15일 10시,수요일,강원도 철원군 동송읍,경상사고,0,0,1,0,차대차 - 정면충돌,중앙선침범,건조,맑음,단일로 - 기타,승합,남,54세,상해없음,화물,남,37세,경상
2017021500100207,2017년 2월 15일 11시,수요일,강원도 춘천시 석사동,경상사고,0,0,1,0,차대차 - 측면충돌,안전운전불이행,건조,맑음,기타 - 기타,승용,여,41세,기타불명,승용,여,66세,경상
2017021500100208,2017년 2월 15일 11시,수요일,강원도 원주시 개운동,경상사고,0,0,1,0,차대차 - 측면충돌,안전운전불이행,건조,맑음,교차로 - 교차로안,승용,여,39세,상해없음,승용,여,53세,경상
2017021500100209,2017년 2월 15일 11시,수요일,강원도 인제군 남면,중상사고,0,2,0,0,차대차 - 추돌,안전운전불이행,건조,맑음,교차로 - 교차로부근,승용,여,54세,상해없음,승용,남,53세,중상
2017021500100236,2017년 2월 15일 12시,수요일,강원도 춘천시 효자동,경상사고,0,0,1,0,차대차 - 측면충돌,안전거리미확보,건조,맑음,단일로 - 기타,기타불명,기타불명,미분류,기타불명,이륜,남,55세,경상
2017021500100237,2017년 2월 15일 12시,수요일,강원도 강릉시 사천면,경상사고,0,0,1,0,차대차 - 측면충돌,신호위반,건조,맑음,교차로 - 교차로안,승용,여,41세,상해없음,화물,남,29세,경상
2017021500100238,2017년 2월 15일 12시,수요일,강원도 강릉시 청량동,중상사고,0,1,0,0,차대차 - 측면충돌,안전운전불이행,건조,맑음,단일로 - 기타,승합,남,25세,상해없음,자전거,여,79세,중상
2017021500100239,2017년 2월 15일 12시,수요일,강원도 철원군 갈말읍,중상사고,0,1,0,0,차대사람 - 횡단중,안전운전불이행,건조,맑음,주차장 - 주차장,승용,남,57세,상해없음,보행자,남,41세,중상
2017021500100240,2017년 2월 15일 12시,수요일,강원도 동해시 구미동,중상사고,0,1,0,0,차대사람 - 기타,안전운전불이행,건조,맑음,단일로 - 기타,승용,남,56세,상해없음,보행자,여,83세,중상
2017021500100265,2017년 2월 15일 13시,수요일,강원도 춘천시 후평동,경상사고,0,0,1,0,차대차 - 추돌,안전운전불이행,건조,맑음,교차로 - 교차로부근,승용,여,63세,상해없음,승용,남,54세,경상
2017021500100266,2017년 2월 15일 13시,수요일,강원도 평창군 방림면,중상사고,0,1,0,0,차대차 - 기타,안전운전불이행,건조,맑음,단일로 - 기타,이륜,남,60세,중상,이륜,남,47세,상해없음
2017021500100288,2017년 2월 15일 14시,수요일,강원도 원주시 단구동,경상사고,0,0,1,0,차대차 - 측면충돌,안전운전불이행,건조,맑음,단일로 - 기타,승용,남,60세,상해없음,승합,남,52세,상해없음
2017021500100344,2017년 2월 15일 16시,수요일,강원도 춘천시 온의동,경상사고,0,0,2,0,차대차 - 측면충돌,안전운전불이행,건조,맑음,교차로 - 교차로안,승용,남,47세,상해없음,승용,여,38세,경상
2017021500100345,2017년 2월 15일 16시,수요일,강원도 원주시 명륜동,중상사고,0,1,0,0,차량단독 - 전도전복 - 전도,안전운전불이행,건조,맑음,교차로 - 교차로안,이륜,남,17세,상해없음,,,,
2017021500100397,2017년 2월 15일 18시,수요일,강원도 삼척시 미로면,경상사고,0,0,2,0,차대차 - 추돌,안전운전불이행,건조,맑음,단일로 - 기타,승용,남,59세,상해없음,승용,남,46세,경상
2017021500100430,2017년 2월 15일 19시,수요일,강원도 강릉시 입암동,경상사고,0,0,1,0,차대사람 - 횡단중,안전운전불이행,건조,맑음,단일로 - 기타,승합,남,45세,상해없음,보행자,남,21세,경상
2017021500100431,2017년 2월 15일 19시,수요일,강원도 홍천군 홍천읍,경상사고,0,0,1,0,차대차 - 측면충돌,직진우회전진행방해,건조,맑음,교차로 - 교차로안,승용,남,31세,상해없음,승용,남,47세,경상
2017021600100038,2017년 2월 16일 01시,목요일,강원도 춘천시 효자동,경상사고,0,0,1,0,차대차 - 측면충돌,안전운전불이행,건조,맑음,단일로 - 기타,승용,남,23세,상해없음,승용,남,67세,경상
2017021600100092,2017년 2월 16일 07시,목요일,강원도 동해시 나안동,경상사고,0,0,2,0,차대차 - 측면충돌,교차로운행방법위반,건조,맑음,교차로 - 교차로안,승용,남,47세,상해없음,화물,남,41세,상해없음
2017021600100117,2017년 2월 16일 08시,목요일,강원도 강릉시 주문진읍,중상사고,0,1,0,0,차대차 - 측면충돌,안전운전불이행,건조,맑음,교차로 - 교차로안,승용,여,49세,상해없음,이륜,남,69세,중상
2017021600100118,2017년 2월 16일 08시,목요일,강원도 화천군 화천읍,중상사고,0,1,0,0,차량단독 - 도로외이탈 - 기타,안전운전불이행,건조,맑음,단일로 - 기타,승용,남,32세,중상,,,,
2017021600100119,2017년 2월 16일 08시,목요일,강원도 태백시 황지동,경상사고,0,0,1,0,차대차 - 측면충돌,교차로운행방법위반,건조,맑음,교차로 - 교차로안,화물,남,64세,상해없음,승용,남,21세,경상
2017021600100150,2017년 2월 16일 09시,목요일,강원도 춘천시 온의동,경상사고,0,0,1,0,차대차 - 측면충돌,안전운전불이행,건조,맑음,단일로 - 기타,승용,여,52세,상해없음,원동기,남,64세,경상
2017021600100151,2017년 2월 16일 09시,목요일,강원도 삼척시 남양동,경상사고,0,0,1,0,차대차 - 측면충돌,직진우회전진행방해,건조,맑음,교차로 - 교차로안,승용,여,52세,상해없음,승용,남,31세,경상
2017021600100176,2017년 2월 16일 10시,목요일,강원도 춘천시 후평동,경상사고,0,0,3,0,차대차 - 측면충돌,신호위반,건조,맑음,교차로 - 교차로안,화물,남,59세,상해없음,승용,남,30세,경상
2017021600100226,2017년 2월 16일 12시,목요일,강원도 원주시 소초면,중상사고,0,1,0,0,차대차 - 추돌,안전거리미확보,건조,맑음,교차로 - 교차로부근,승용,남,51세,상해없음,승용,여,59세,중상
2017021600100238,2017년 2월 16일 13시,목요일,강원도 춘천시 효자동,중상사고,0,1,0,0,차대사람 - 횡단중,안전운전불이행,건조,맑음,단일로 - 기타,화물,남,45세,상해없음,보행자,남,80세,중상
2017021600100239,2017년 2월 16일 13시,목요일,강원도 속초시 조양동,경상사고,0,0,3,0,차대차 - 후진중충돌,안전운전불이행,건조,맑음,교차로 - 교차로부근,화물,남,65세,상해없음,승용,여,64세,경상
2017021600100299,2017년 2월 16일 15시,목요일,강원도 고성군 거진읍,중상사고,0,1,0,0,차대차 - 측면충돌,직진우회전진행방해,건조,맑음,교차로 - 교차로안,승용,여,41세,상해없음,자전거,여,61세,중상
2017021600100351,2017년 2월 16일 17시,목요일,강원도 원주시 중앙동,경상사고,0,0,1,0,차대차 - 측면충돌,신호위반,건조,맑음,교차로 - 교차로안,승용,남,36세,상해없음,승용,남,44세,경상
2017021600100352,2017년 2월 16일 17시,목요일,강원도 홍천군 서면,경상사고,0,0,1,0,차대차 - 측면충돌,중앙선침범,건조,맑음,단일로 - 기타,승용,여,60세,상해없음,이륜,남,67세,경상
2017021600100393,2017년 2월 16일 18시,목요일,강원도 춘천시 운교동,경상사고,0,0,1,0,차대차 - 측면충돌,안전운전불이행,건조,맑음,교차로 - 교차로안,화물,남,62세,상해없음,이륜,남,66세,경상
2017021600100427,2017년 2월 16일 19시,목요일,강원도 원주시 명륜동,중상사고,0,1,0,0,차대차 - 측면충돌,교차로운행방법위반,건조,맑음,교차로 - 교차로안,승용,남,22세,상해없음,승용,여,32세,중상
2017021600100428,2017년 2월 16일 19시,목요일,강원도 영월군 영월읍,중상사고,0,1,0,0,차대사람 - 횡단중,안전운전불이행,건조,맑음,단일로 - 기타,승용,여,59세,상해없음,보행자,여,62세,중상
2017021600100496,2017년 2월 16일 21시,목요일,강원도 춘천시 효자동,경상사고,0,0,1,0,차대사람 - 횡단중,안전운전불이행,건조,맑음,교차로 - 교차로안,승용,남,58세,상해없음,보행자,남,28세,경상
2017021600100532,2017년 2월 16일 22시,목요일,강원도 강릉시 교동,중상사고,0,1,3,0,차대차 - 측면충돌,신호위반,건조,맑음,교차로 - 교차로안,승용,남,24세,상해없음,화물,남,18세,경상
2017021600100533,2017년 2월 16일 22시,목요일,강원도 정선군 사북읍,경상사고,0,0,1,0,차대차 - 측면충돌,안전운전불이행,젖음/습기,맑음,교차로 - 교차로안,승용,여,59세,상해없음,승용,남,39세,상해없음
2017021700100057,2017년 2월 17일 01시,금요일,강원도 춘천시 효자동,경상사고,0,0,1,0,차대차 - 추돌,안전운전불이행,젖음/습기,비,교차로 - 교차로부근,승용,남,32세,상해없음,승용,남,74세,상해없음
2017021700100070,2017년 2월 17일 02시,금요일,강원도 홍천군 서면,경상사고,0,0,1,0,차대사람 - 횡단중,기타,젖음/습기,비,단일로 - 기타,승용,남,27세,상해없음,보행자,남,21세,경상
2017021700100154,2017년 2월 17일 08시,금요일,강원도 속초시 조양동,중상사고,0,1,0,0,차대사람 - 횡단중,안전운전불이행,건조,맑음,기타 - 기타,승용,여,30세,상해없음,보행자,남,74세,중상
2017021700100155,2017년 2월 17일 08시,금요일,강원도 화천군 간동면,경상사고,0,0,1,0,차량단독 - 전도전복 - 전도,안전운전불이행,서리/결빙,흐림,단일로 - 기타,승용,남,54세,상해없음,,,,
2017021700100156,2017년 2월 17일 08시,금요일,강원도 양구군 방산면,중상사고,0,1,0,1,차량단독 - 전도전복 - 전도,안전운전불이행,젖음/습기,맑음,단일로 - 기타,승용,여,24세,상해없음,,,,
2017021700100178,2017년 2월 17일 09시,금요일,강원도 속초시 교동,경상사고,0,0,1,0,차대차 - 측면충돌,차로위반,건조,맑음,교차로 - 교차로안,승용,남,56세,상해없음,승용,여,63세,경상
2017021700100224,2017년 2월 17일 11시,금요일,강원도 춘천시 후평동,경상사고,0,0,1,0,차대차 - 정면충돌,직진우회전진행방해,건조,맑음,교차로 - 교차로안,이륜,남,74세,상해없음,승용,여,64세,경상
2017021700100225,2017년 2월 17일 11시,금요일,강원도 원주시 단계동,경상사고,0,0,1,0,차대차 - 측면충돌,안전운전불이행,건조,맑음,단일로 - 기타,승용,여,59세,상해없음,승용,남,44세,경상
2017021700100253,2017년 2월 17일 12시,금요일,강원도 원주시 개운동,경상사고,0,0,1,0,차대차 - 추돌,중앙선침범,건조,맑음,단일로 - 기타,승용,여,32세,상해없음,이륜,남,51세,경상
2017021700100254,2017년 2월 17일 12시,금요일,강원도 홍천군 홍천읍,사망사고,1,0,0,0,차량단독 - 전도전복 - 전도,안전운전불이행,건조,맑음,교차로 - 교차로부근,승용,남,55세,사망,,,,
2017021700100279,2017년 2월 17일 13시,금요일,강원도 춘천시 후평동,중상사고,0,1,0,0,차대사람 - 횡단중,안전운전불이행,건조,맑음,단일로 - 기타,화물,남,60세,상해없음,보행자,여,61세,중상
2017021700100280,2017년 2월 17일 13시,금요일,강원도 원주시 단구동,중상사고,0,1,0,0,차대차 - 측면충돌,중앙선침범,건조,맑음,단일로 - 기타,승용,남,59세,상해없음,이륜,남,56세,중상