사고번호,사고일시,요일,시군구,사고내용,사망자수,중상자수,경상자수,부상신고자수,사고유형,법규위반,노면상태,기상상태,도로형태,가해운전자 차종,가해운전자 성별,가해운전자 연령,가해운전자 상해정도,피해운전자 차종,피해운전자 성별,피해운전자 연령,피해운전자 상해정도
2017030200100452,2017년 3월 2일 20시,목요일,강원도 춘천시 석사동,경상사고,0,0,2,0,차대차 - 측면충돌,차로위반,건조,맑음,교차로 - 교차로안,승용,여,27세,상해없음,승용,여,34세,경상
2017030200100478,2017년 3월 2일 21시,목요일,강원도 속초시 교동,중상사고,0,2,2,0,차대차 - 측면충돌,신호위반,젖음/습기,비,교차로 - 교차로안,승용,남,50세,상해없음,승합,남,34세,상해없음
2017030200100502,2017년 3월 2일 22시,목요일,강원도 강릉시 강동면,경상사고,0,0,2,0,차대차 - 정면충돌,중앙선침범,서리/결빙,흐림,단일로 - 기타,승용,남,20세,상해없음,승용,남,30세,경상
2017030200100503,2017년 3월 2일 22시,목요일,강원도 속초시 조양동,경상사고,0,0,1,0,차대사람 - 횡단중,안전운전불이행,건조,맑음,단일로 - 기타,승용,남,63세,상해없음,보행자,남,36세,경상
2017030200100534,2017년 3월 2일 23시,목요일,강원도 원주시 단구동,경상사고,0,0,1,0,차대차 - 측면충돌,안전거리미확보,건조,맑음,단일로 - 기타,승용,남,62세,상해없음,승용,여,44세,경상
2017030200100535,2017년 3월 2일 23시,목요일,강원도 원주시 단계동,경상사고,0,0,1,0,차대차 - 측면충돌,교차로운행방법위반,건조,맑음,교차로 - 교차로안,승용,남,26세,상해없음,승용,남,50세,경상
2017030300100028,2017년 3월 3일 00시,금요일,강원도 원주시 단계동,경상사고,0,0,1,0,차대사람 - 횡단중,보행자보호의무위반,건조,맑음,교차로 - 교차로횡단보도내,화물,남,50세,상해없음,보행자,남,29세,경상
2017030300100043,2017년 3월 3일 01시,금요일,강원도 강릉시 내곡동,경상사고,0,0,1,0,차대차 - 정면충돌,중앙선침범,건조,맑음,단일로 - 기타,승용,여,45세,상해없음,승용,남,35세,경상
2017030300100077,2017년 3월 3일 06시,금요일,강원도 원주시 반곡동,중상사고,0,1,0,0,차대차 - 기타,직진우회전진행방해,건조,맑음,교차로 - 교차로안,승용,남,63세,상해없음,자전거,남,83세,중상
2017030300100078,2017년 3월 3일 06시,금요일,강원도 홍천군 홍천읍,경상사고,0,0,1,0,차대사람 - 횡단중,보행자보호의무위반,건조,맑음,교차로 - 교차로안,승용,남,50세,상해없음,보행자,남,47세,경상
2017030300100103,2017년 3월 3일 07시,금요일,강원도 강릉시 남문동,경상사고,0,0,1,0,차대차 - 측면충돌,신호위반,건조,맑음,교차로 - 교차로안,화물,남,63세,상해없음,승용,남,42세,경상
2017030300100104,2017년 3월 3일 07시,금요일,강원도 원주시 우산동,경상사고,0,0,2,0,차대차 - 측면충돌,차로위반,건조,맑음,단일로 - 기타,승용,남,48세,상해없음,승용,남,28세,경상
2017030300100105,2017년 3월 3일 07시,금요일,강원도 철원군 서면,경상사고,0,0,1,0,차량단독 - 전도전복 - 전도,안전운전불이행,건조,맑음,단일로 - 기타,승용,여,39세,경상,,,,
2017030300100169,2017년 3월 3일 09시,금요일,강원도 강릉시 홍제동,중상사고,0,1,0,0,차대사람 - 횡단중,보행자보호의무위반,건조,맑음,단일로 - 기타,승용,남,64세,상해없음,보행자,남,90세 이상,중상
2017030300100200,2017년 3월 3일 10시,금요일,강원도 원주시 단계동,경상사고,0,0,1,0,차대차 - 측면충돌,신호위반,건조,맑음,교차로 - 교차로부근,승용,여,55세,상해없음,승용,남,42세,경상
2017030300100201,2017년 3월 3일 10시,금요일,강원도 원주시 무실동,중상사고,0,1,1,0,차대차 - 측면충돌,안전운전불이행,건조,맑음,교차로 - 교차로안,승용,여,43세,경상,승용,여,30세,중상
2017030300100202,2017년 3월 3일 10시,금요일,강원도 삼척시 정상동,경상사고,0,0,2,0,차대차 - 측면충돌,신호위반,건조,맑음,교차로 - 교차로안,승용,남,55세,상해없음,승용,남,52세,경상
2017030300100203,2017년 3월 3일 10시,금요일,강원도 동해시 부곡동,중상사고,0,1,0,0,차대차 - 추돌,안전운전불이행,건조,맑음,교차로 - 교차로부근,이륜,남,79세,중상,승용,여,61세,상해없음
2017030300100256,2017년 3월 3일 12시,금요일,강원도 삼척시 남양동,경상사고,0,0,1,0,차대차 - 측면충돌,안전운전불이행,건조,맑음,단일로 - 기타,승용,남,52세,상해없음,승용,여,59세,경상
2017030300100296,2017년 3월 3일 13시,금요일,강원도 강릉시 포남동,경상사고,0,0,1,0,차대사람 - 횡단중,안전운전불이행,건조,맑음,교차로 - 교차로안,승용,남,40세,상해없음,보행자,여,68세,경상
2017030300100297,2017년 3월 3일 13시,금요일,강원도 강릉시 노암동,경상사고,0,0,1,0,차대차 - 측면충돌,신호위반,건조,맑음,교차로 - 교차로안,화물,남,55세,상해없음,승용,여,41세,경상
2017030300100325,2017년 3월 3일 14시,금요일,강원도 원주시 명륜동,중상사고,0,1,0,0,차대사람 - 횡단중,교차로운행방법위반,건조,맑음,단일로 - 기타,승용,여,46세,상해없음,보행자,남,41세,중상
2017030300100326,2017년 3월 3일 14시,금요일,강원도 속초시 교동,중상사고,0,1,0,0,차대차 - 측면충돌,안전운전불이행,건조,맑음,교차로 - 교차로안,승용,여,63세,상해없음,원동기,남,45세,중상
2017030300100327,2017년 3월 3일 14시,금요일,강원도 동해시 천곡동,경상사고,0,0,3,0,차대차 - 측면충돌,안전운전불이행,건조,맑음,교차로 - 교차로안,승용,남,71세,상해없음,승용,남,24세,경상
2017030300100361,2017년 3월 3일 15시,금요일,강원도 원주시 학성동,부상신고사고,0,0,0,1,차량단독 - 기타,안전운전불이행,건조,맑음,단일로 - 기타,자전거,여,55세,부상신고,,,,
2017030300100362,2017년 3월 3일 15시,금요일,강원도 원주시 반곡동,경상사고,0,0,3,0,차대차 - 측면충돌,직진우회전진행방해,건조,맑음,교차로 - 교차로안,승용,여,31세,경상,승용,여,37세,경상
2017030300100363,2017년 3월 3일 15시,금요일,강원도 속초시 조양동,경상사고,0,0,1,0,차대차 - 측면충돌,안전운전불이행,건조,맑음,교차로 - 교차로안,승용,남,53세,상해없음,승용,여,46세,경상
2017030300100390,2017년 3월 3일 16시,금요일,강원도 원주시 호저면,경상사고,0,0,2,0,차대차 - 측면충돌,차로위반,건조,맑음,단일로 - 기타,승용,여,48세,상해없음,승용,남,34세,상해없음
2017030300100391,2017년 3월 3일 16시,금요일,강원도 삼척시 남양동,경상사고,0,0,3,0,차대차 - 측면충돌,안전운전불이행,건조,맑음,교차로 - 교차로안,화물,남,18세,상해없음,승용,남,56세,상해없음
2017030300100392,2017년 3월 3일 16시,금요일,강원도 정선군 화암면,경상사고,0,0,3,0,차대차 - 정면충돌,중앙선침범,건조,맑음,단일로 - 기타,승용,남,61세,상해없음,승용,남,33세,경상
2017030300100468,2017년 3월 3일 18시,금요일,강원도 인제군 남면,중상사고,0,1,1,0,차대차 - 추돌,안전운전불이행,건조,맑음,단일로 - 기타,승용,여,56세,상해없음,승용,남,34세,경상
2017030300100545,2017년 3월 3일 20시,금요일,강원도 원주시 무실동,경상사고,0,0,3,0,차대차 - 측면충돌,신호위반,건조,맑음,교차로 - 교차로안,승용,남,30세,상해없음,승용,여,57세,경상
2017030300100546,2017년 3월 3일 20시,금요일,강원도 삼척시 성남동,중상사고,0,1,0,0,차대차 - 측면충돌,안전운전불이행,건조,맑음,기타 - 기타,승용,여,29세,상해없음,자전거,남,69세,중상
2017030300100574,2017년 3월 3일 21시,금요일,강원도 춘천시 퇴계동,경상사고,0,0,1,0,차대차 - 기타,안전운전불이행,건조,맑음,단일로 - 기타,승용,여,46세,상해없음,승용,남,40세,상해없음
2017030400100118,2017년 3월 4일 07시,토요일,강원도 강릉시 주문진읍,경상사고,0,0,1,0,차대사람 - 횡단중,안전운전불이행,건조,맑음,단일로 - 기타,화물,남,53세,상해없음,보행자,여,55세,경상
2017030400100136,2017년 3월 4일 08시,토요일,강원도 강릉시 성남동,경상사고,0,0,1,0,차대차 - 측면충돌,안전운전불이행,건조,맑음,교차로 - 교차로안,승용,여,69세,상해없음,승용,여,29세,경상
2017030400100137,2017년 3월 4일 08시,토요일,강원도 평창군 대화면,중상사고,0,1,0,0,차대차 - 기타,기타,건조,맑음,교차로 - 교차로안,승합,남,28세,상해없음,화물,남,59세,중상
2017030400100152,2017년 3월 4일 09시,토요일,강원도 춘천시 사북면,경상사고,0,0,2,0,차대차 - 측면충돌,안전운전불이행,건조,맑음,교차로 - 교차로안,승용,남,31세,상해없음,사륜오토바이(ATV),남,81세,상해없음
2017030400100153,2017년 3월 4일 09시,토요일,강원도 원주시 우산동,경상사고,0,0,1,0,차대차 - 추돌,안전거리미확보,건조,맑음,단일로 - 기타,승용,남,30세,상해없음,승용,여,41세,경상
2017030400100154,2017년 3월 4일 09시,토요일,강원도 횡성군 둔내면,중상사고,0,1,2,0,차대차 - 측면충돌,중앙선침범,건조,맑음,교차로 - 교차로안,이륜,남,73세,중상,승용,여,43세,경상
2017030400100180,2017년 3월 4일 10시,토요일,강원도 원주시 우산동,부상신고사고,0,0,0,1,차대사람 - 횡단중,안전운전불이행,건조,맑음,단일로 - 기타,기타불명,기타불명,미분류,기타불명,보행자,여,29세,부상신고
2017030400100181,2017년 3월 4일 10시,토요일,강원도 동해시 북평동,중상사고,0,1,0,1,차대사람 - 횡단중,안전운전불이행,건조,맑음,단일로 - 기타,이륜,남,69세,부상신고,보행자,남,75세,중상
2017030400100210,2017년 3월 4일 11시,토요일,강원도 원주시 단구동,중상사고,0,1,0,0,차대사람 - 횡단중,안전운전불이행,건조,맑음,교차로 - 교차로부근,승용,여,42세,상해없음,보행자,남,74세,중상
2017030400100211,2017년 3월 4일 11시,토요일,강원도 원주시 무실동,경상사고,0,0,3,0,차대차 - 추돌,안전거리미확보,건조,맑음,단일로 - 기타,승용,남,62세,상해없음,승용,여,32세,경상
2017030400100212,2017년 3월 4일 11시,토요일,강원도 양양군 양양읍,경상사고,0,0,1,0,차대사람 - 횡단중,안전운전불이행,건조,맑음,단일로 - 기타,승용,남,62세,상해없음,보행자,남,22세,경상
2017030400100250,2017년 3월 4일 12시,토요일,강원도 평창군 대관령면,경상사고,0,0,2,0,차대차 - 측면충돌,안전운전불이행,건조,맑음,단일로 - 기타,승용,남,34세,상해없음,승용,남,36세,경상
2017030400100287,2017년 3월 4일 13시,토요일,강원도 춘천시 효자동,경상사고,0,0,2,1,차대차 - 측면충돌,교차로운행방법위반,건조,맑음,교차로 - 교차로안,승합,남,57세,상해없음,승용,남,23세,경상
2017030400100321,2017년 3월 4일 14시,토요일,강원도 평창군 봉평면,경상사고,0,0,1,4,차대차 - 추돌,안전거리미확보,건조,맑음,단일로 - 기타,승용,남,44세,상해없음,승용,남,28세,경상
2017030400100351,2017년 3월 4일 15시,토요일,강원도 춘천시 석사동,경상사고,0,0,2,0,차대차 - 추돌,안전거리미확보,건조,맑음,교차로 - 교차로부근,화물,남,65세,상해없음,승용,남,76세,경상
2017030400100352,2017년 3월 4일 15시,토요일,강원도 동해시 어달동,경상사고,0,0,1,0,차대차 - 측면충돌,중앙선침범,건조,맑음,단일로 - 기타,이륜,남,70세,상해없음,이륜,남,75세,경상
2017030400100373,2017년 3월 4일 16시,토요일,강원도 속초시 교동,경상사고,0,0,1,0,차대차 - 정면충돌,교차로운행방법위반,건조,맑음,교차로 - 교차로안,승용,남,40세,상해없음,승용,남,45세,경상
2017030400100374,2017년 3월 4일 16시,토요일,강원도 영월군 영월읍,경상사고,0,0,1,0,차대차 - 추돌,안전운전불이행,건조,맑음,단일로 - 기타,화물,남,61세,상해없음,승용,남,54세,경상
2017030400100375,2017년 3월 4일 16시,토요일,강원도 홍천군 서면,경상사고,0,0,2,0,차대차 - 정면충돌,안전운전불이행,건조,맑음,단일로 - 기타,화물,남,53세,상해없음,승용,여,70세,경상
2017030400100431,2017년 3월 4일 18시,토요일,강원도 강릉시 교동,중상사고,0,1,0,0,차대사람 - 횡단중,보행자보호의무위반,건조,맑음,교차로 - 교차로횡단보도내,승용,여,33세,상해없음,보행자,여,50세,중상
2017030400100488,2017년 3월 4일 20시,토요일,강원도 동해시 천곡동,경상사고,0,0,1,0,차대차 - 추돌,안전거리미확보,건조,맑음,교차로 - 교차로안,승용,남,57세,상해없음,승용,여,47세,경상
2017030400100503,2017년 3월 4일 21시,토요일,강원도 평창군 진부면,중상사고,0,1,0,0,차대차 - 측면충돌,신호위반,건조,맑음,교차로 - 교차로안,승용,남,55세,상해없음,승용,여,49세,중상
2017030400100520,2017년 3월 4일 22시,토요일,강원도 원주시 명륜동,경상사고,0,0,3,0,차대차 - 측면충돌,안전운전불이행,건조,맑음,단일로 - 기타,승용,남,68세,상해없음,승용,남,54세,경상
2017030500100016,2017년 3월 5일 00시,일요일,강원도 강릉시 교동,중상사고,0,3,0,0,차대차 - 추돌,안전운전불이행,건조,맑음,교차로 - 교차로부근,승용,여,44세,상해없음,승용,남,39세,중상
2017030500100083,2017년 3월 5일 08시,일요일,강원도 동해시 발한동,중상사고,0,1,0,0,차대차 - 측면충돌,신호위반,건조,맑음,교차로 - 교차로안,이륜,남,62세,중상,승용,남,34세,상해없음
2017030500100093,2017년 3월 5일 09시,일요일,강원도 강릉시 연곡면,경상사고,0,0,1,0,차대차 - 측면충돌,안전운전불이행,건조,맑음,교차로 - 교차로안,화물,남,41세,상해없음,화물,여,53세,경상
2017030500100123,2017년 3월 5일 11시,일요일,강원도 강릉시 교동,중상사고,0,1,1,0,차대차 - 정면충돌,안전운전불이행,건조,맑음,교차로 - 교차로안,승용,남,74세,상해없음,승용,남,42세,중상
2017030500100124,2017년 3월 5일 11시,일요일,강원도 원주시 명륜동,경상사고,0,0,1,0,차대차 - 추돌,안전운전불이행,건조,맑음,교차로 - 교차로부근,승용,남,34세,기타불명,승용,남,67세,상해없음
2017030500100147,2017년 3월 5일 12시,일요일,강원도 춘천시 신동면,중상사고,0,1,2,0,차대차 - 추돌,안전운전불이행,건조,맑음,단일로 - 기타,이륜,남,39세,중상,이륜,남,32세,경상
2017030500100167,2017년 3월 5일 13시,일요일,강원도 철원군 서면,경상사고,0,0,5,0,차대차 - 측면충돌,직진우회전진행방해,건조,맑음,교차로 - 교차로안,승용,남,36세,경상,승용,여,39세,경상
2017030500100194,2017년 3월 5일 14시,일요일,강원도 춘천시 서면,경상사고,0,0,1,0,차대차 - 측면충돌,기타,건조,맑음,단일로 - 기타,승용,남,31세,상해없음,자전거,남,32세,경상
2017030500100219,2017년 3월 5일 15시,일요일,강원도 평창군 대관령면,경상사고,0,0,2,0,차대차 - 추돌,안전거리미확보,건조,맑음,단일로 - 기타,승용,남,57세,상해없음,승용,남,34세,경상
2017030500100220,2017년 3월 5일 15시,일요일,강원도 춘천시 남면,경상사고,0,0,2,0,차대차 - 추돌,안전운전불이행,건조,맑음,단일로 - 터널,승용,남,44세,상해없음,승용,남,30세,경상
2017030500100248,2017년 3월 5일 16시,일요일,강원도 원주시 지정면,경상사고,0,0,2,0,차대차 - 추돌,안전거리미확보,건조,맑음,단일로 - 기타,승용,남,64세,상해없음,승용,남,60세,경상
2017030500100249,2017년 3월 5일 16시,일요일,강원도 횡성군 청일면,중상사고,0,1,0,0,차량단독 - 공작물충돌,안전운전불이행,젖음/습기,흐림,기타 - 기타,화물,남,52세,상해없음,,,,
2017030500100250,2017년 3월 5일 16시,일요일,강원도 동해시 천곡동,경상사고,0,0,2,0,차대차 - 후진중충돌,안전운전불이행,건조,맑음,교차로 - 교차로부근,승용,여,49세,상해없음,승용,남,33세,경상
2017030500100274,2017년 3월 5일 17시,일요일,강원도 원주시 봉산동,경상사고,0,0,1,0,차대차 - 추돌,안전거리미확보,건조,맑음,교차로 - 교차로부근,승용,여,44세,상해없음,승용,여,43세,경상
2017030500100301,2017년 3월 5일 18시,일요일,강원도 원주시 무실동,경상사고,0,0,4,0,차대차 - 측면충돌,교차로운행방법위반,건조,맑음,교차로 - 교차로안,승용,남,49세,상해없음,승용,남,30세,경상
2017030500100335,2017년 3월 5일 19시,일요일,강원도 춘천시 효자동,부상신고사고,0,0,0,1,차대차 - 측면충돌,교차로운행방법위반,건조,맑음,교차로 - 교차로안,승용,남,54세,상해없음,자전거,남,44세,부상신고
2017030500100365,2017년 3월 5일 20시,일요일,강원도 춘천시 온의동,부상신고사고,0,0,0,1,차대차 - 기타,안전운전불이행,건조,맑음,단일로 - 기타,승용,남,27세,상해없음,승용,남,35세,부상신고
2017030500100366,2017년 3월 5일 20시,일요일,강원도 원주시 태장동,중상사고,0,1,0,0,차대사람 - 횡단중,안전운전불이행,건조,맑음,단일로 - 기타,승용,남,43세,상해없음,보행자,남,59세,중상
2017030500100401,2017년 3월 5일 21시,일요일,강원도 원주시 무실동,중상사고,0,1,4,0,차대차 - 측면충돌,신호위반,젖음/습기,비,교차로 - 교차로안,승용,남,23세,경상,승용,남,60세,중상
2017030600100033,2017년 3월 6일 02시,월요일,강원도 원주시 명륜동,중상사고,0,1,0,0,차대사람 - 횡단중,안전운전불이행,건조,기타,교차로 - 교차로부근,승용,여,23세,상해없음,보행자,남,46세,중상
2017030600100061,2017년 3월 6일 06시,월요일,강원도 원주시 호저면,중상사고,0,1,2,0,차량단독 - 전도전복 - 전도,안전운전불이행,서리/결빙,기타,교차로 - 교차로부근,화물,남,57세,중상,,,,
2017030600100062,2017년 3월 6일 06시,월요일,강원도 속초시 교동,경상사고,0,0,1,0,차대차 - 추돌,안전운전불이행,적설,눈,교차로 - 교차로부근,승용,남,50세,상해없음,승용,남,25세,경상
2017030600100083,2017년 3월 6일 07시,월요일,강원도 삼척시 우지동,경상사고,0,0,2,0,차대차 - 추돌,안전운전불이행,건조,맑음,단일로 - 기타,승용,남,38세,상해없음,화물,남,67세,경상
2017030600100084,2017년 3월 6일 07시,월요일,강원도 정선군 신동읍,중상사고,0,2,5,0,차대차 - 정면충돌,중앙선침범,서리/결빙,흐림,단일로 - 기타,승용,남,60세,경상,승용,남,68세,중상
2017030600100112,2017년 3월 6일 08시,월요일,강원도 원주시 우산동,중상사고,0,2,0,0,차대차 - 추돌,안전운전불이행,건조,맑음,교차로 - 교차로부근,승용,남,21세,상해없음,승용,여,34세,중상
2017030600100179,2017년 3월 6일 10시,월요일,강원도 삼척시 우지동,경상사고,0,0,3,0,차대차 - 추돌,안전거리미확보,건조,맑음,교차로 - 교차로부근,승용,남,65세,상해없음,승용,남,65세,경상
2017030600100214,2017년 3월 6일 11시,월요일,강원도 춘천시 후평동,경상사고,0,0,1,0,차대차 - 후진중충돌,안전운전불이행,건조,맑음,단일로 - 기타,승용,여,38세,상해없음,승용,남,30세,경상
2017030600100236,2017년 3월 6일 12시,월요일,강원도 강릉시 연곡면,중상사고,0,1,0,0,차대사람 - 횡단중,안전운전불이행,건조,맑음,단일로 - 기타,승용,여,59세,상해없음,보행자,여,46세,중상
2017030600100325,2017년 3월 6일 15시,월요일,강원도 춘천시 퇴계동,경상사고,0,0,1,0,차대차 - 측면충돌,교차로운행방법위반,건조,맑음,교차로 - 교차로부근,화물,남,56세,상해없음,이륜,남,56세,경상
2017030600100424,2017년 3월 6일 18시,월요일,강원도 원주시 단계동,경상사고,0,0,1,0,차대사람 - 차도통행중,안전운전불이행,건조,맑음,교차로 - 교차로안,기타불명,기타불명,미분류,기타불명,보행자,남,13세,경상
2017030600100425,2017년 3월 6일 18시,월요일,강원도 횡성군 우천면,경상사고,0,0,1,0,차대차 - 후진중충돌,안전운전불이행,건조,맑음,단일로 - 기타,화물,남,58세,상해없음,승용,여,28세,경상
2017030600100426,2017년 3월 6일 18시,월요일,강원도 동해시 천곡동,경상사고,0,0,1,0,차대차 - 측면충돌,중앙선침범,건조,맑음,단일로 - 기타,승용,남,39세,상해없음,승용,여,47세,경상
2017030600100495,2017년 3월 6일 20시,월요일,강원도 춘천시 효자동,경상사고,0,0,1,0,차대차 - 추돌,안전운전불이행,건조,맑음,교차로 - 교차로부근,승용,여,40세,상해없음,승용,남,32세,경상
2017030600100562,2017년 3월 6일 23시,월요일,강원도 동해시 망상동,경상사고,0,0,2,0,차대차 - 측면충돌,중앙선침범,건조,맑음,단일로 - 교량,화물,남,41세,상해없음,승용,남,43세,경상
2017030700100059,2017년 3월 7일 06시,화요일,강원도 춘천시 근화동,경상사고,0,0,2,0,차대차 - 측면충돌,직진우회전진행방해,건조,맑음,교차로 - 교차로안,승합,남,55세,상해없음,승용,남,37세,경상
2017030700100068,2017년 3월 7일 07시,화요일,강원도 강릉시 교동,경상사고,0,0,5,0,차대차 - 측면충돌,안전운전불이행,건조,맑음,교차로 - 교차로안,승합,남,48세,상해없음,화물,남,43세,경상
2017030700100069,2017년 3월 7일 07시,화요일,강원도 동해시 대구동,경상사고,0,0,1,0,차대차 - 추돌,안전거리미확보,건조,맑음,교차로 - 교차로부근,승합,남,44세,상해없음,화물,남,56세,경상
2017030700100109,2017년 3월 7일 08시,화요일,강원도 춘천시 후평동,경상사고,0,0,1,0,차대차 - 측면충돌,신호위반,건조,맑음,교차로 - 교차로안,승용,남,41세,상해없음,승용,여,45세,경상
2017030700100110,2017년 3월 7일 08시,화요일,강원도 원주시 소초면,경상사고,0,0,2,0,차대차 - 추돌,안전운전불이행,건조,맑음,단일로 - 기타,승용,여,29세,상해없음,승용,남,54세,상해없음
2017030700100111,2017년 3월 7일 08시,화요일,강원도 원주시 개운동,경상사고,0,0,1,0,차대차 - 측면충돌,교차로운행방법위반,건조,맑음,교차로 - 교차로안,승용,여,46세,상해없음,승용,여,43세,경상
2017030700100240,2017년 3월 7일 12시,화요일,강원도 횡성군 둔내면,경상사고,0,0,1,0,차대차 - 측면충돌,신호위반,건조,맑음,교차로 - 교차로안,화물,남,54세,상해없음,승용,남,52세,경상
2017030700100259,2017년 3월 7일 13시,화요일,강원도 강릉시 임당동,중상사고,0,1,0,0,차대사람 - 횡단중,보행자보호의무위반,건조,맑음,교차로 - 교차로횡단보도내,자전거,남,80세,상해없음,보행자,여,80세,중상
2017030700100281,2017년 3월 7일 14시,화요일,강원도 원주시 호저면,경상사고,0,0,1,0,차대차 - 추돌,기타,건조,맑음,단일로 - 기타,승용,남,62세,상해없음,사륜오토바이(ATV),남,72세,경상
2017030700100306,2017년 3월 7일 15시,화요일,강원도 춘천시 소양로4가,중상사고,0,1,1,0,차대차 - 측면충돌,중앙선침범,건조,맑음,단일로 - 기타,승용,남,69세,중상,승용,남,61세,경상
2017030700100307,2017년 3월 7일 15시,화요일,강원도 원주시 태장동,경상사고,0,0,1,0,차대차 - 측면충돌,안전운전불이행,건조,맑음,단일로 - 기타,승용,남,49세,상해없음,자전거,남,48세,경상
2017030700100308,2017년 3월 7일 15시,화요일,강원도 홍천군 홍천읍,경상사고,0,0,1,0,차대차 - 정면충돌,교차로운행방법위반,건조,맑음,교차로 - 교차로안,화물,남,59세,상해없음,화물,남,44세,경상
2017030700100330,2017년 3월 7일 16시,화요일,강원도 삼척시 도계읍,경상사고,0,0,4,0,차대차 - 측면충돌,안전운전불이행,건조,맑음,기타 - 기타,승용,남,26세,상해없음,승용,여,35세,경상
2017030700100364,2017년 3월 7일 17시,화요일,강원도 영월군 영월읍,중상사고,0,1,0,0,차대차 - 기타,안전운전불이행,건조,맑음,교차로 - 교차로부근,승용,남,57세,상해없음,승용,남,31세,중상
2017030700100365,2017년 3월 7일 17시,화요일,강원도 동해시 동회동,경상사고,0,0,1,0,차대사람 - 횡단중,보행자보호의무위반,건조,맑음,교차로 - 교차로횡단보도내,승용,여,31세,상해없음,보행자,남,8세,경상
2017030700100397,2017년 3월 7일 18시,화요일,강원도 춘천시 석사동,경상사고,0,0,1,0,차대차 - 추돌,안전거리미확보,건조,맑음,단일로 - 기타,승용,남,75세,상해없음,승용,남,27세,경상
2017030700100398,2017년 3월 7일 18시,화요일,강원도 춘천시 효자동,경상사고,0,0,1,0,차대차 - 측면충돌,안전운전불이행,건조,맑음,단일로 - 기타,승용,여,47세,상해없음,승용,여,43세,경상
2017030700100430,2017년 3월 7일 19시,화요일,강원도 강릉시 교동,경상사고,0,0,6,0,차대차 - 정면충돌,안전거리미확보,건조,맑음,교차로 - 교차로부근,승용,여,31세,경상,승용,남,30세,경상
2017030700100431,2017년 3월 7일 19시,화요일,강원도 원주시 명륜동,사망사고,1,0,0,0,차대사람 - 횡단중,안전운전불이행,건조,맑음,단일로 - 기타,승합,남,44세,상해없음,보행자,남,56세,사망
2017030700100470,2017년 3월 7일 20시,화요일,강원도 원주시 반곡동,경상사고,0,0,1,0,차대차 - 측면충돌,교차로운행방법위반,건조,맑음,교차로 - 교차로안,승용,남,27세,상해없음,이륜,남,48세,경상
2017030700100498,2017년 3월 7일 21시,화요일,강원도 삼척시 성남동,경상사고,0,0,1,0,차대차 - 측면충돌,직진우회전진행방해,건조,맑음,교차로 - 교차로안,승용,여,42세,상해없음,승용,남,45세,경상
2017030800100036,2017년 3월 8일 01시,수요일,강원도 평창군 대관령면,사망사고,1,0,0,0,차대사람 - 기타,안전운전불이행,건조,맑음,단일로 - 기타,승용,남,72세,상해없음,보행자,남,56세,사망
2017030800100037,2017년 3월 8일 01시,수요일,강원도 평창군 대관령면,경상사고,0,0,1,0,차량단독 - 기타,안전운전불이행,건조,맑음,단일로 - 기타,승용,남,34세,경상,,,,
2017030800100121,2017년 3월 8일 08시,수요일,강원도 철원군 동송읍,경상사고,0,0,2,0,차대차 - 측면충돌,직진우회전진행방해,건조,맑음,교차로 - 교차로안,사륜오토바이(ATV),여,57세,경상,승용,남,31세,상해없음
2017030800100151,2017년 3월 8일 09시,수요일,강원도 원주시 흥업면,부상신고사고,0,0,0,1,차대차 - 추돌,직진우회전진행방해,건조,맑음,교차로 - 교차로안,승용,여,46세,부상신고,건설기계,남,50세,상해없음
2017030800100152,2017년 3월 8일 09시,수요일,강원도 원주시 무실동,경상사고,0,0,2,0,차대차 - 정면충돌,신호위반,건조,맑음,교차로 - 교차로안,승용,여,44세,상해없음,승용,여,54세,경상
2017030800100217,2017년 3월 8일 12시,수요일,강원도 원주시 단계동,경상사고,0,0,3,0,차대차 - 추돌,안전거리미확보,건조,맑음,단일로 - 기타,화물,남,37세,상해없음,승용,남,54세,경상
2017030800100218,2017년 3월 8일 12시,수요일,강원도 평창군 평창읍,경상사고,0,0,2,0,차대차 - 측면충돌,안전운전불이행,건조,맑음,교차로 - 교차로안,승합,남,56세,상해없음,승용,여,58세,경상
2017030800100379,2017년 3월 8일 18시,수요일,강원도 춘천시 효자동,경상사고,0,0,3,0,차대차 - 측면충돌,차로위반,건조,맑음,교차로 - 교차로안,승용,남,36세,상해없음,승용,남,64세,경상
2017030800100436,2017년 3월 8일 20시,수요일,강원도 평창군 대화면,사망사고,1,0,0,0,차대사람 - 횡단중,안전운전불이행,젖음/습기,흐림,단일로 - 기타,승용,남,45세,상해없음,보행자,여,84세,사망
2017030800100459,2017년 3월 8일 21시,수요일,강원도 강릉시 포남동,경상사고,0,0,1,0,차대사람 - 횡단중,안전운전불이행,건조,맑음,교차로 - 교차로안,이륜,남,44세,상해없음,보행자,남,54세,경상
2017030800100488,2017년 3월 8일 22시,수요일,강원도 춘천시 효자동,중상사고,0,1,0,0,차대사람 - 횡단중,안전운전불이행,건조,맑음,단일로 - 기타,승용,남,52세,상해없음,보행자,남,51세,중상
2017030800100506,2017년 3월 8일 23시,수요일,강원도 속초시 교동,중상사고,0,1,0,0,차대차 - 추돌,교차로운행방법위반,건조,맑음,교차로 - 교차로안,승용,남,29세,상해없음,원동기,남,46세,중상
2017030900100078,2017년 3월 9일 06시,목요일,강원도 평창군 대관령면,사망사고,1,0,1,0,차대차 - 정면충돌,안전거리미확보,건조,맑음,단일로 - 기타,승용,남,26세,사망,승용,남,69세,경상