사고번호,사고일시,요일,시군구,사고내용,사망자수,중상자수,경상자수,부상신고자수,사고유형,법규위반,노면상태,기상상태,도로형태,가해운전자 차종,가해운전자 성별,가해운전자 연령,가해운전자 상해정도,피해운전자 차종,피해운전자 성별,피해운전자 연령,피해운전자 상해정도
2017030900100128,2017년 3월 9일 08시,목요일,강원도 춘천시 소양로2가,사망사고,1,1,0,0,차대사람 - 횡단중,안전운전불이행,건조,맑음,단일로 - 기타,승용,남,26세,상해없음,보행자,여,78세,사망
2017030900100129,2017년 3월 9일 08시,목요일,강원도 원주시 태장동,경상사고,0,0,1,0,차대차 - 기타,안전운전불이행,건조,맑음,단일로 - 기타,화물,남,54세,상해없음,승용,여,59세,경상
2017030900100174,2017년 3월 9일 09시,목요일,강원도 춘천시 동내면,경상사고,0,0,1,0,차대차 - 측면충돌,안전거리미확보,건조,맑음,단일로 - 기타,건설기계,남,59세,상해없음,승용,여,36세,경상
2017030900100204,2017년 3월 9일 10시,목요일,강원도 춘천시 후평동,경상사고,0,0,1,0,차대차 - 측면충돌,안전운전불이행,건조,맑음,교차로 - 교차로안,승용,여,69세,상해없음,자전거,남,17세,경상
2017030900100233,2017년 3월 9일 11시,목요일,강원도 삼척시 가곡면,경상사고,0,0,1,0,차대차 - 정면충돌,안전운전불이행,건조,맑음,단일로 - 기타,승합,여,55세,상해없음,화물,남,53세,경상
2017030900100301,2017년 3월 9일 14시,목요일,강원도 원주시 단구동,경상사고,0,0,3,0,차대차 - 측면충돌,교차로운행방법위반,건조,맑음,교차로 - 교차로안,승용,여,54세,상해없음,승용,남,32세,경상
2017030900100324,2017년 3월 9일 15시,목요일,강원도 원주시 학성동,중상사고,0,1,0,0,차대사람 - 횡단중,안전운전불이행,건조,맑음,단일로 - 기타,승용,남,56세,상해없음,보행자,여,76세,중상
2017030900100352,2017년 3월 9일 16시,목요일,강원도 태백시 백산동,경상사고,0,0,1,0,차대차 - 측면충돌,중앙선침범,서리/결빙,맑음,단일로 - 기타,승용,남,49세,상해없음,승용,여,35세,경상
2017030900100353,2017년 3월 9일 16시,목요일,강원도 정선군 고한읍,경상사고,0,0,3,0,차대차 - 측면충돌,안전운전불이행,건조,맑음,교차로 - 교차로안,승용,남,33세,상해없음,승용,남,32세,경상
2017030900100383,2017년 3월 9일 17시,목요일,강원도 춘천시 효자동,경상사고,0,0,1,0,차대차 - 측면충돌,기타,건조,맑음,단일로 - 기타,승용,남,66세,상해없음,이륜,남,36세,경상
2017030900100384,2017년 3월 9일 17시,목요일,강원도 동해시 발한동,경상사고,0,0,1,0,차대사람 - 길가장자리구역통행중,안전운전불이행,건조,맑음,단일로 - 기타,승용,남,26세,상해없음,보행자,남,16세,경상
2017030900100421,2017년 3월 9일 18시,목요일,강원도 고성군 토성면,중상사고,0,1,1,0,차대차 - 측면충돌,안전거리미확보,건조,맑음,단일로 - 기타,승용,남,27세,상해없음,승용,여,56세,중상
2017030900100453,2017년 3월 9일 19시,목요일,강원도 원주시 흥업면,경상사고,0,0,1,0,차대차 - 측면충돌,불법유턴,건조,기타,교차로 - 교차로횡단보도내,승용,남,47세,상해없음,이륜,남,57세,경상
2017030900100454,2017년 3월 9일 19시,목요일,강원도 원주시 무실동,경상사고,0,0,1,0,차대차 - 측면충돌,안전운전불이행,건조,맑음,교차로 - 교차로부근,승용,여,46세,상해없음,승용,남,60세,경상
2017030900100455,2017년 3월 9일 19시,목요일,강원도 양구군 양구읍,경상사고,0,0,1,0,차대사람 - 횡단중,안전운전불이행,건조,맑음,주차장 - 주차장,승용,남,51세,상해없음,보행자,여,36세,경상
2017030900100456,2017년 3월 9일 19시,목요일,강원도 동해시 발한동,중상사고,0,1,0,0,차대사람 - 횡단중,보행자보호의무위반,건조,맑음,교차로 - 교차로횡단보도내,승용,남,69세,상해없음,보행자,여,78세,중상
2017030900100508,2017년 3월 9일 21시,목요일,강원도 원주시 우산동,중상사고,0,1,1,0,차대사람 - 횡단중,보행자보호의무위반,건조,맑음,단일로 - 기타,이륜,남,26세,경상,보행자,여,72세,중상
2017030900100534,2017년 3월 9일 22시,목요일,강원도 원주시 단계동,경상사고,0,0,3,0,차대차 - 측면충돌,안전운전불이행,건조,맑음,교차로 - 교차로부근,특수,남,43세,상해없음,승용,남,36세,경상
2017031000100167,2017년 3월 10일 09시,금요일,강원도 춘천시 사북면,경상사고,0,0,2,0,차대차 - 측면충돌,중앙선침범,건조,맑음,단일로 - 기타,화물,남,50세,상해없음,화물,여,27세,경상
2017031000100199,2017년 3월 10일 10시,금요일,강원도 원주시 관설동,경상사고,0,0,1,0,차대차 - 측면충돌,안전거리미확보,건조,맑음,단일로 - 기타,화물,남,51세,상해없음,승용,여,48세,경상
2017031000100200,2017년 3월 10일 10시,금요일,강원도 속초시 동명동,중상사고,0,1,1,0,차대차 - 추돌,안전운전불이행,건조,맑음,단일로 - 기타,승합,남,37세,상해없음,승용,남,57세,경상
2017031000100221,2017년 3월 10일 11시,금요일,강원도 원주시 태장동,중상사고,0,1,0,0,차대사람 - 횡단중,보행자보호의무위반,건조,맑음,교차로 - 교차로횡단보도내,승용,남,75세,상해없음,보행자,여,90세 이상,중상
2017031000100253,2017년 3월 10일 12시,금요일,강원도 속초시 교동,경상사고,0,0,3,0,차대차 - 추돌,안전운전불이행,건조,맑음,교차로 - 교차로부근,화물,남,39세,상해없음,승용,여,44세,경상
2017031000100281,2017년 3월 10일 13시,금요일,강원도 강릉시 주문진읍,경상사고,0,0,2,0,차대차 - 정면충돌,안전운전불이행,건조,맑음,교차로 - 교차로부근,승용,여,45세,상해없음,승용,여,61세,경상
2017031000100304,2017년 3월 10일 14시,금요일,강원도 원주시 봉산동,중상사고,0,1,0,0,차대사람 - 횡단중,안전운전불이행,건조,맑음,교차로 - 교차로안,화물,남,62세,상해없음,보행자,여,66세,중상
2017031000100330,2017년 3월 10일 15시,금요일,강원도 춘천시 온의동,경상사고,0,0,2,0,차대차 - 추돌,안전거리미확보,건조,맑음,단일로 - 기타,건설기계,남,59세,상해없음,승용,남,23세,경상
2017031000100331,2017년 3월 10일 15시,금요일,강원도 평창군 방림면,중상사고,0,1,1,0,차대차 - 정면충돌,중앙선침범,건조,맑음,단일로 - 기타,승용,남,27세,경상,화물,남,61세,중상
2017031000100402,2017년 3월 10일 17시,금요일,강원도 춘천시 남산면,부상신고사고,0,0,0,1,차량단독 - 전도전복 - 전도,안전운전불이행,건조,맑음,단일로 - 기타,사륜오토바이(ATV),남,37세,부상신고,,,,
2017031000100443,2017년 3월 10일 18시,금요일,강원도 원주시 개운동,중상사고,0,1,0,0,차대차 - 측면충돌,안전운전불이행,건조,맑음,교차로 - 교차로안,원동기,남,55세,중상,승용,남,41세,상해없음
2017031000100444,2017년 3월 10일 18시,금요일,강원도 춘천시 조양동,경상사고,0,0,2,0,차대차 - 정면충돌,안전운전불이행,건조,맑음,단일로 - 기타,승용,남,38세,상해없음,승용,남,79세,경상
2017031000100484,2017년 3월 10일 19시,금요일,강원도 원주시 개운동,경상사고,0,0,1,0,차대차 - 추돌,안전거리미확보,건조,맑음,단일로 - 기타,승용,남,55세,상해없음,승용,여,44세,경상
2017031000100485,2017년 3월 10일 19시,금요일,강원도 동해시 천곡동,경상사고,0,0,1,0,차대차 - 측면충돌,중앙선침범,건조,맑음,교차로 - 교차로부근,승용,여,55세,상해없음,승용,남,32세,상해없음
2017031000100486,2017년 3월 10일 19시,금요일,강원도 동해시 발한동,경상사고,0,0,2,0,차대사람 - 횡단중,안전운전불이행,건조,맑음,교차로 - 교차로부근,승용,남,38세,상해없음,보행자,남,74세,경상
2017031000100523,2017년 3월 10일 20시,금요일,강원도 강릉시 교동,경상사고,0,0,1,0,차대차 - 추돌,안전운전불이행,건조,맑음,교차로 - 교차로부근,승용,남,59세,상해없음,승합,남,44세,경상
2017031000100583,2017년 3월 10일 22시,금요일,강원도 춘천시 후평동,중상사고,0,1,0,0,차대사람 - 기타,안전운전불이행,건조,맑음,단일로 - 기타,승용,남,28세,상해없음,보행자,남,36세,중상
2017031000100584,2017년 3월 10일 22시,금요일,강원도 춘천시 후평동,경상사고,0,0,3,0,차대차 - 추돌,안전운전불이행,건조,맑음,교차로 - 교차로부근,승용,남,49세,상해없음,승용,남,40세,경상
2017031000100614,2017년 3월 10일 23시,금요일,강원도 원주시 단구동,중상사고,0,1,0,0,차대사람 - 횡단중,안전운전불이행,건조,맑음,교차로 - 교차로안,승용,남,34세,상해없음,보행자,여,49세,중상
2017031100100046,2017년 3월 11일 01시,토요일,강원도 춘천시 퇴계동,경상사고,0,0,1,0,차대사람 - 횡단중,보행자보호의무위반,건조,맑음,교차로 - 교차로횡단보도내,승용,여,57세,상해없음,보행자,남,27세,경상
2017031100100088,2017년 3월 11일 05시,토요일,강원도 강릉시 교동,중상사고,0,1,0,0,차대차 - 정면충돌,중앙선침범,건조,맑음,교차로 - 교차로안,승용,남,30세,상해없음,승용,여,71세,중상
2017031100100101,2017년 3월 11일 06시,토요일,강원도 춘천시 석사동,중상사고,0,1,1,0,차대차 - 측면충돌,안전운전불이행,건조,맑음,교차로 - 교차로부근,승용,남,34세,중상,화물,남,54세,경상
2017031100100109,2017년 3월 11일 07시,토요일,강원도 동해시 천곡동,경상사고,0,0,2,0,차대차 - 측면충돌,안전운전불이행,건조,맑음,교차로 - 교차로안,승용,남,36세,상해없음,승용,남,61세,경상
2017031100100128,2017년 3월 11일 08시,토요일,강원도 원주시 학성동,부상신고사고,0,0,0,1,차대사람 - 횡단중,안전운전불이행,건조,맑음,단일로 - 기타,승용,여,47세,상해없음,보행자,남,58세,부상신고
2017031100100173,2017년 3월 11일 10시,토요일,강원도 삼척시 도계읍,경상사고,0,0,2,0,차대차 - 추돌,안전운전불이행,건조,맑음,단일로 - 터널,승용,남,56세,상해없음,승용,여,32세,경상
2017031100100232,2017년 3월 11일 12시,토요일,강원도 강릉시 교동,경상사고,0,0,4,0,차대차 - 추돌,안전운전불이행,건조,맑음,단일로 - 기타,승용,남,57세,상해없음,승용,남,32세,경상
2017031100100259,2017년 3월 11일 13시,토요일,강원도 원주시 문막읍,경상사고,0,0,5,0,차대차 - 측면충돌,교차로운행방법위반,건조,맑음,단일로 - 기타,승합,남,60세,상해없음,화물,남,49세,경상
2017031100100297,2017년 3월 11일 14시,토요일,강원도 원주시 단계동,경상사고,0,0,1,0,차대차 - 측면충돌,신호위반,건조,맑음,교차로 - 교차로안,승용,여,42세,기타불명,승용,남,56세,경상
2017031100100298,2017년 3월 11일 14시,토요일,강원도 속초시 동명동,중상사고,0,1,0,0,차대차 - 측면충돌,교차로운행방법위반,건조,맑음,교차로 - 교차로안,승용,남,43세,상해없음,이륜,남,35세,중상
2017031100100299,2017년 3월 11일 14시,토요일,강원도 동해시 구미동,경상사고,0,0,4,0,차대차 - 추돌,안전거리미확보,건조,맑음,교차로 - 교차로부근,승용,남,44세,상해없음,승용,여,41세,경상
2017031100100343,2017년 3월 11일 15시,토요일,강원도 원주시 단계동,경상사고,0,0,2,0,차대차 - 측면충돌,안전거리미확보,건조,맑음,단일로 - 기타,승용,여,58세,상해없음,승용,남,32세,경상
2017031100100386,2017년 3월 11일 16시,토요일,강원도 원주시 봉산동,경상사고,0,0,1,0,차량단독 - 전도전복,안전운전불이행,건조,맑음,단일로 - 기타,사륜오토바이(ATV),여,61세,경상,미분류,미분류,미분류,미분류
2017031100100425,2017년 3월 11일 18시,토요일,강원도 원주시 행구동,중상사고,0,1,1,0,차대사람 - 횡단중,신호위반,건조,맑음,교차로 - 교차로부근,승용,남,52세,상해없음,보행자,여,77세,중상
2017031100100466,2017년 3월 11일 19시,토요일,강원도 춘천시 후평동,경상사고,0,0,1,0,차대차 - 측면충돌,중앙선침범,건조,맑음,단일로 - 기타,승용,남,66세,상해없음,원동기,남,19세,경상
2017031100100524,2017년 3월 11일 21시,토요일,강원도 정선군 남면,중상사고,0,1,1,0,차대차 - 추돌,안전운전불이행,건조,맑음,단일로 - 기타,화물,남,54세,기타불명,승용,남,47세,중상
2017031100100525,2017년 3월 11일 21시,토요일,강원도 동해시 평릉동,경상사고,0,0,1,0,차대차 - 추돌,안전거리미확보,건조,맑음,교차로 - 교차로부근,승용,남,56세,상해없음,승용,여,44세,경상
2017031200100050,2017년 3월 12일 03시,일요일,강원도 정선군 신동읍,경상사고,0,0,2,0,차대차 - 추돌,안전운전불이행,건조,맑음,교차로 - 교차로부근,승용,여,62세,상해없음,승용,남,54세,경상
2017031200100078,2017년 3월 12일 06시,일요일,강원도 강릉시 성내동,경상사고,0,0,1,0,차대차 - 측면충돌,안전운전불이행,건조,맑음,교차로 - 교차로부근,승용,여,21세,상해없음,자전거,남,60세,경상
2017031200100115,2017년 3월 12일 09시,일요일,강원도 원주시 문막읍,경상사고,0,0,2,0,차대차 - 측면충돌,안전거리미확보,건조,맑음,단일로 - 기타,화물,남,70세,상해없음,승용,남,62세,경상
2017031200100208,2017년 3월 12일 14시,일요일,강원도 원주시 판부면,경상사고,0,0,1,1,차대차 - 추돌,신호위반,건조,맑음,교차로 - 교차로안,승용,여,54세,부상신고,승용,여,35세,경상
2017031200100209,2017년 3월 12일 14시,일요일,강원도 화천군 상서면,중상사고,0,2,1,0,차대차 - 정면충돌,중앙선침범,건조,맑음,단일로 - 기타,승용,남,24세,경상,승용,남,20세,중상
2017031200100233,2017년 3월 12일 15시,일요일,강원도 원주시 중앙동,중상사고,0,1,0,0,차대사람 - 횡단중,안전운전불이행,건조,맑음,단일로 - 기타,승용,남,75세,상해없음,보행자,남,62세,중상
2017031200100262,2017년 3월 12일 16시,일요일,강원도 춘천시 효자동,경상사고,0,0,1,0,차대차 - 측면충돌,안전거리미확보,건조,맑음,단일로 - 기타,승용,여,48세,상해없음,원동기,남,63세,경상
2017031200100313,2017년 3월 12일 18시,일요일,강원도 삼척시 교동,경상사고,0,0,1,0,차대차 - 측면충돌,직진우회전진행방해,건조,맑음,교차로 - 교차로안,승합,남,67세,상해없음,승용,여,33세,경상
2017031200100407,2017년 3월 12일 21시,일요일,강원도 원주시 단구동,경상사고,0,0,2,0,차대차 - 측면충돌,신호위반,건조,맑음,교차로 - 교차로안,이륜,남,18세,상해없음,승용,남,59세,경상
2017031300100054,2017년 3월 13일 06시,월요일,강원도 원주시 반곡동,중상사고,0,1,0,0,차대차 - 측면충돌,신호위반,건조,맑음,교차로 - 교차로안,승용,남,38세,상해없음,승용,남,45세,중상
2017031300100158,2017년 3월 13일 09시,월요일,강원도 춘천시 동내면,중상사고,0,1,0,0,차대차 - 측면충돌,안전운전불이행,건조,맑음,단일로 - 기타,화물,남,30세,상해없음,이륜,남,59세,중상
2017031300100159,2017년 3월 13일 09시,월요일,강원도 강릉시 강동면,경상사고,0,0,1,0,차대차 - 측면충돌,안전운전불이행,건조,맑음,교차로 - 교차로안,화물,남,58세,상해없음,원동기,남,86세,경상
2017031300100160,2017년 3월 13일 09시,월요일,강원도 영월군 주천면,부상신고사고,0,0,0,1,차대사람 - 횡단중,안전운전불이행,건조,맑음,단일로 - 기타,화물,여,59세,상해없음,보행자,여,73세,부상신고
2017031300100161,2017년 3월 13일 09시,월요일,강원도 평창군 평창읍,경상사고,0,0,2,0,차대차 - 측면충돌,안전운전불이행,건조,맑음,교차로 - 교차로안,승용,여,40세,경상,승용,여,54세,경상
2017031300100162,2017년 3월 13일 09시,월요일,강원도 횡성군 횡성읍,경상사고,0,0,2,0,차대차 - 측면충돌,안전운전불이행,건조,맑음,교차로 - 교차로안,승용,남,76세,상해없음,승용,남,55세,경상
2017031300100189,2017년 3월 13일 10시,월요일,강원도 양구군 동면,경상사고,0,0,3,0,차량단독 - 전도전복 - 전도,안전운전불이행,건조,맑음,단일로 - 기타,승용,남,25세,경상,,,,
2017031300100190,2017년 3월 13일 10시,월요일,강원도 동해시 송정동,경상사고,0,0,2,0,차대차 - 측면충돌,직진우회전진행방해,건조,맑음,교차로 - 교차로안,승용,여,48세,상해없음,승합,여,51세,경상
2017031300100217,2017년 3월 13일 11시,월요일,강원도 원주시 반곡동,사망사고,1,0,0,0,차대차 - 기타,중앙선침범,건조,맑음,교차로 - 교차로안,승용,여,62세,상해없음,이륜,남,77세,사망
2017031300100240,2017년 3월 13일 12시,월요일,강원도 원주시 단구동,중상사고,0,1,0,0,차대차 - 기타,교차로운행방법위반,건조,맑음,교차로 - 교차로안,승용,남,63세,상해없음,자전거,남,55세,중상
2017031300100260,2017년 3월 13일 13시,월요일,강원도 속초시 조양동,경상사고,0,0,3,0,차대차 - 측면충돌,교차로운행방법위반,건조,맑음,교차로 - 교차로부근,승용,남,55세,상해없음,승용,남,58세,경상
2017031300100261,2017년 3월 13일 13시,월요일,강원도 태백시 장성동,중상사고,0,1,0,0,차대사람 - 기타,안전운전불이행,건조,맑음,단일로 - 기타,승합,남,33세,상해없음,보행자,여,68세,중상
2017031300100288,2017년 3월 13일 14시,월요일,강원도 화천군 화천읍,경상사고,0,0,3,0,차대차 - 측면충돌,신호위반,건조,맑음,교차로 - 교차로안,승용,남,28세,경상,승용,남,56세,경상
2017031300100350,2017년 3월 13일 16시,월요일,강원도 춘천시 석사동,경상사고,0,0,2,0,차대차 - 측면충돌,안전운전불이행,건조,맑음,교차로 - 교차로안,이륜,남,60세,상해없음,승용,남,26세,경상
2017031300100351,2017년 3월 13일 16시,월요일,강원도 강릉시 교동,경상사고,0,0,3,0,차대차 - 측면충돌,안전운전불이행,건조,맑음,교차로 - 교차로부근,승합,여,54세,상해없음,승용,여,28세,경상
2017031300100352,2017년 3월 13일 16시,월요일,강원도 동해시 천곡동,중상사고,0,1,0,0,차대차 - 추돌,안전운전불이행,건조,맑음,단일로 - 기타,승용,남,62세,상해없음,화물,남,57세,상해없음
2017031300100385,2017년 3월 13일 17시,월요일,강원도 춘천시 우두동,중상사고,0,1,0,0,차대차 - 측면충돌,안전운전불이행,건조,맑음,단일로 - 기타,승용,여,29세,상해없음,자전거,여,22세,중상
2017031300100386,2017년 3월 13일 17시,월요일,강원도 삼척시 사직동,경상사고,0,0,1,0,차대사람 - 기타,안전운전불이행,건조,맑음,단일로 - 기타,승용,남,74세,상해없음,보행자,여,16세,경상
2017031300100440,2017년 3월 13일 19시,월요일,강원도 강릉시 교동,경상사고,0,0,1,0,차대사람 - 횡단중,안전운전불이행,건조,맑음,단일로 - 기타,승용,남,46세,상해없음,보행자,남,59세,경상
2017031300100441,2017년 3월 13일 19시,월요일,강원도 속초시 교동,경상사고,0,0,1,0,차대차 - 측면충돌,교차로운행방법위반,건조,흐림,교차로 - 교차로안,승용,여,48세,상해없음,자전거,남,42세,경상
2017031300100468,2017년 3월 13일 20시,월요일,강원도 춘천시 석사동,경상사고,0,0,1,0,차대차 - 측면충돌,신호위반,건조,맑음,교차로 - 교차로횡단보도내,승용,여,46세,상해없음,자전거,여,29세,경상
2017031300100469,2017년 3월 13일 20시,월요일,강원도 홍천군 두촌면,중상사고,0,1,0,0,차대사람 - 횡단중,안전운전불이행,건조,맑음,교차로 - 교차로부근,승용,남,33세,상해없음,보행자,남,64세,중상
2017031300100493,2017년 3월 13일 21시,월요일,강원도 춘천시 퇴계동,중상사고,0,1,0,0,차대사람 - 횡단중,보행자보호의무위반,건조,맑음,교차로 - 교차로횡단보도내,승용,여,31세,상해없음,보행자,남,57세,중상
2017031300100534,2017년 3월 13일 23시,월요일,강원도 춘천시 후평동,경상사고,0,0,1,0,차대차 - 측면충돌,기타,건조,맑음,교차로 - 교차로안,승용,남,47세,상해없음,원동기,남,31세,경상
2017031300100535,2017년 3월 13일 23시,월요일,강원도 원주시 무실동,중상사고,0,1,0,0,차대차 - 추돌,안전거리미확보,건조,맑음,교차로 - 교차로부근,승용,남,31세,상해없음,승용,여,33세,중상
2017031400100066,2017년 3월 14일 06시,화요일,강원도 삼척시 자원동,중상사고,0,1,0,0,차대차 - 측면충돌,안전거리미확보,건조,맑음,단일로 - 기타,건설기계,남,40세,상해없음,승용,남,61세,중상
2017031400100104,2017년 3월 14일 08시,화요일,강원도 춘천시 온의동,중상사고,0,2,1,0,차대차 - 추돌,기타,건조,맑음,단일로 - 기타,승용,여,46세,경상,승용,남,39세,중상
2017031400100164,2017년 3월 14일 10시,화요일,강원도 춘천시 후평동,경상사고,0,0,2,0,차대차 - 측면충돌,직진우회전진행방해,건조,맑음,교차로 - 교차로안,승용,여,53세,상해없음,승용,여,46세,경상
2017031400100165,2017년 3월 14일 10시,화요일,강원도 원주시 학성동,경상사고,0,0,2,0,차대차 - 측면충돌,신호위반,건조,맑음,교차로 - 교차로안,승용,남,76세,상해없음,승용,여,54세,경상
2017031400100166,2017년 3월 14일 10시,화요일,강원도 삼척시 등봉동,중상사고,0,1,1,0,차대차 - 측면충돌,신호위반,건조,맑음,교차로 - 교차로안,승용,남,79세,중상,건설기계,남,50세,경상
2017031400100214,2017년 3월 14일 12시,화요일,강원도 속초시 교동,중상사고,0,1,0,0,차대사람 - 횡단중,안전운전불이행,젖음/습기,눈,교차로 - 교차로안,승용,남,73세,상해없음,보행자,남,90세 이상,중상
2017031400100248,2017년 3월 14일 13시,화요일,강원도 태백시 황지동,경상사고,0,0,1,0,차대차 - 측면충돌,안전운전불이행,건조,맑음,주차장 - 주차장,승용,남,64세,상해없음,승용,여,40세,경상
2017031400100280,2017년 3월 14일 14시,화요일,강원도 강릉시 주문진읍,중상사고,0,1,0,0,차대사람 - 길가장자리구역통행중,안전운전불이행,건조,맑음,교차로 - 교차로안,화물,남,62세,상해없음,보행자,남,73세,중상
2017031400100281,2017년 3월 14일 14시,화요일,강원도 화천군 화천읍,중상사고,0,3,2,0,차대차 - 정면충돌,안전운전불이행,건조,맑음,교차로 - 교차로안,승합,남,70세,중상,건설기계,남,54세,경상
2017031400100337,2017년 3월 14일 16시,화요일,강원도 횡성군 안흥면,부상신고사고,0,0,0,1,차량단독 - 전도전복,안전운전불이행,건조,맑음,단일로 - 기타,이륜,여,62세,부상신고,미분류,미분류,미분류,미분류
2017031400100376,2017년 3월 14일 17시,화요일,강원도 양구군 동면,경상사고,0,0,2,0,차대차 - 정면충돌,교차로운행방법위반,건조,맑음,교차로 - 교차로부근,승용,남,65세,상해없음,승합,남,20세,상해없음
2017031400100404,2017년 3월 14일 18시,화요일,강원도 강릉시 옥천동,중상사고,0,1,0,0,차대사람 - 횡단중,안전운전불이행,젖음/습기,비,교차로 - 교차로안,화물,남,60세,상해없음,보행자,남,62세,중상
2017031400100405,2017년 3월 14일 18시,화요일,강원도 원주시 반곡동,경상사고,0,0,2,0,차대차 - 측면충돌,불법유턴,건조,맑음,단일로 - 기타,승용,남,59세,상해없음,승용,남,46세,경상
2017031400100406,2017년 3월 14일 18시,화요일,강원도 원주시 평원동,부상신고사고,0,0,0,1,차대사람 - 횡단중,안전운전불이행,건조,맑음,교차로 - 교차로부근,기타불명,기타불명,미분류,기타불명,보행자,남,64세,부상신고
2017031400100407,2017년 3월 14일 18시,화요일,강원도 삼척시 교동,경상사고,0,0,2,0,차대차 - 측면충돌,안전운전불이행,젖음/습기,비,교차로 - 교차로안,승용,남,50세,기타불명,승용,남,58세,경상
2017031400100441,2017년 3월 14일 19시,화요일,강원도 원주시 단계동,경상사고,0,0,3,0,차대차 - 측면충돌,안전운전불이행,건조,맑음,교차로 - 교차로안,승합,남,55세,상해없음,승용,남,77세,경상
2017031400100442,2017년 3월 14일 19시,화요일,강원도 원주시 단계동,중상사고,0,2,0,0,차대차 - 측면충돌,안전운전불이행,건조,맑음,교차로 - 교차로부근,승용,여,39세,상해없음,승용,남,32세,중상
2017031400100466,2017년 3월 14일 20시,화요일,강원도 원주시 학성동,중상사고,0,1,0,0,차대사람 - 횡단중,보행자보호의무위반,건조,흐림,단일로 - 기타,승용,남,32세,상해없음,보행자,여,70세,중상
2017031400100522,2017년 3월 14일 22시,화요일,강원도 정선군 고한읍,경상사고,0,0,3,0,차대차 - 정면충돌,중앙선침범,젖음/습기,비,단일로 - 터널,승용,여,49세,경상,승용,남,60세,경상
2017031500100089,2017년 3월 15일 07시,수요일,강원도 평창군 봉평면,중상사고,0,1,0,0,차대차 - 정면충돌,안전운전불이행,건조,맑음,단일로 - 기타,화물,남,55세,상해없음,승용,남,34세,중상
2017031500100167,2017년 3월 15일 09시,수요일,강원도 춘천시 사북면,부상신고사고,0,0,0,1,차대차 - 측면충돌,직진우회전진행방해,건조,맑음,교차로 - 교차로안,화물,남,22세,상해없음,화물,남,64세,부상신고
2017031500100168,2017년 3월 15일 09시,수요일,강원도 원주시 학성동,경상사고,0,0,1,0,차대차 - 측면충돌,교차로운행방법위반,건조,맑음,단일로 - 기타,화물,남,49세,상해없음,승용,여,60세,경상
2017031500100169,2017년 3월 15일 09시,수요일,강원도 삼척시 원덕읍,중상사고,0,2,0,0,차대차 - 추돌,기타,건조,맑음,단일로 - 기타,화물,남,59세,상해없음,승용,여,39세,중상
2017031500100207,2017년 3월 15일 10시,수요일,강원도 원주시 단구동,경상사고,0,0,1,0,차대차 - 기타,안전운전불이행,건조,맑음,기타 - 기타,승용,남,77세,상해없음,자전거,남,84세,경상
2017031500100208,2017년 3월 15일 10시,수요일,강원도 속초시 조양동,경상사고,0,0,2,0,차대차 - 추돌,안전운전불이행,건조,맑음,교차로 - 교차로부근,승용,여,41세,상해없음,승용,여,38세,경상
2017031500100209,2017년 3월 15일 10시,수요일,강원도 태백시 철암동,경상사고,0,0,1,0,차대차 - 측면충돌,안전운전불이행,건조,맑음,교차로 - 교차로안,승합,남,47세,상해없음,승용,여,57세,경상
2017031500100236,2017년 3월 15일 11시,수요일,강원도 원주시 반곡동,경상사고,0,0,1,0,차대차 - 측면충돌,신호위반,건조,맑음,교차로 - 교차로안,건설기계,남,35세,상해없음,승합,남,31세,경상
2017031500100261,2017년 3월 15일 12시,수요일,강원도 춘천시 사농동,경상사고,0,0,1,0,차대차 - 측면충돌,교차로운행방법위반,건조,맑음,교차로 - 교차로안,승용,남,75세,상해없음,자전거,남,64세,경상
2017031500100262,2017년 3월 15일 12시,수요일,강원도 홍천군 내촌면,경상사고,0,0,1,0,차대차 - 정면충돌,직진우회전진행방해,건조,맑음,교차로 - 교차로안,농기계,남,68세,경상,승용,남,61세,상해없음
2017031500100326,2017년 3월 15일 14시,수요일,강원도 원주시 태장동,중상사고,0,1,0,0,차대사람 - 횡단중,안전운전불이행,건조,맑음,단일로 - 기타,승용,남,63세,상해없음,보행자,여,89세,중상
2017031500100394,2017년 3월 15일 16시,수요일,강원도 춘천시 퇴계동,경상사고,0,0,1,0,차대차 - 측면충돌,안전운전불이행,건조,맑음,교차로 - 교차로안,승용,여,54세,상해없음,이륜,남,60세,경상
2017031500100395,2017년 3월 15일 16시,수요일,강원도 원주시 명륜동,경상사고,0,0,1,0,차대차 - 측면충돌,안전운전불이행,건조,맑음,교차로 - 교차로안,승용,남,40세,상해없음,이륜,남,59세,경상
2017031500100396,2017년 3월 15일 16시,수요일,강원도 삼척시 원덕읍,경상사고,0,0,1,0,차대사람 - 횡단중,안전운전불이행,건조,맑음,단일로 - 기타,승용,남,74세,상해없음,보행자,여,65세,경상
2017031500100397,2017년 3월 15일 16시,수요일,강원도 동해시 천곡동,경상사고,0,0,1,0,차대사람 - 길가장자리구역통행중,안전운전불이행,건조,맑음,단일로 - 기타,승용,남,52세,상해없음,보행자,여,37세,경상
2017031500100462,2017년 3월 15일 18시,수요일,강원도 강릉시 포남동,경상사고,0,0,1,0,차대사람 - 횡단중,신호위반,건조,맑음,교차로 - 교차로횡단보도내,승용,여,31세,상해없음,보행자,여,42세,경상
2017031500100463,2017년 3월 15일 18시,수요일,강원도 원주시 단구동,중상사고,0,1,0,0,차대차 - 측면충돌,교차로운행방법위반,건조,맑음,교차로 - 교차로안,승합,남,70세,상해없음,자전거,남,18세,중상