사고번호,사고일시,요일,시군구,사고내용,사망자수,중상자수,경상자수,부상신고자수,사고유형,법규위반,노면상태,기상상태,도로형태,가해운전자 차종,가해운전자 성별,가해운전자 연령,가해운전자 상해정도,피해운전자 차종,피해운전자 성별,피해운전자 연령,피해운전자 상해정도
2017031500100464,2017년 3월 15일 18시,수요일,강원도 동해시 송정동,경상사고,0,0,1,0,차대차 - 측면충돌,안전운전불이행,건조,맑음,단일로 - 기타,승용,여,28세,상해없음,승용,여,34세,경상
2017031500100537,2017년 3월 15일 20시,수요일,강원도 원주시 중앙동,경상사고,0,0,1,0,차대차 - 측면충돌,신호위반,건조,맑음,교차로 - 교차로안,승용,여,47세,상해없음,승용,남,40세,경상
2017031500100563,2017년 3월 15일 21시,수요일,강원도 고성군 죽왕면,경상사고,0,0,1,0,차대차 - 추돌,안전운전불이행,건조,맑음,단일로 - 기타,승용,남,41세,상해없음,승용,여,52세,경상
2017031500100586,2017년 3월 15일 22시,수요일,강원도 속초시 청학동,경상사고,0,0,1,0,차대차 - 기타,교차로운행방법위반,건조,맑음,교차로 - 교차로안,승용,여,51세,상해없음,이륜,남,29세,경상
2017031500100587,2017년 3월 15일 22시,수요일,강원도 고성군 토성면,중상사고,0,1,0,0,차대차 - 측면충돌,안전거리미확보,건조,맑음,단일로 - 기타,승용,남,27세,상해없음,이륜,남,48세,중상
2017031600100033,2017년 3월 16일 01시,목요일,강원도 강릉시 포남동,사망사고,1,0,0,0,차대차 - 추돌,과속,건조,맑음,교차로 - 교차로부근,승용,여,31세,상해없음,승합,남,67세,기타불명
2017031600100173,2017년 3월 16일 10시,목요일,강원도 고성군 간성읍,경상사고,0,0,1,0,차대차 - 정면충돌,직진우회전진행방해,건조,맑음,교차로 - 교차로부근,승용,여,29세,상해없음,승용,남,33세,경상
2017031600100205,2017년 3월 16일 11시,목요일,강원도 춘천시 신북읍,중상사고,0,2,2,0,차대차 - 측면충돌,중앙선침범,건조,맑음,단일로 - 기타,승용,여,60세,경상,승용,남,64세,중상
2017031600100206,2017년 3월 16일 11시,목요일,강원도 고성군 토성면,경상사고,0,0,2,0,차대차 - 측면충돌,안전운전불이행,건조,맑음,교차로 - 교차로안,승용,남,51세,상해없음,승용,남,66세,경상
2017031600100234,2017년 3월 16일 12시,목요일,강원도 동해시 평릉동,경상사고,0,0,2,0,차대차 - 추돌,안전거리미확보,건조,맑음,단일로 - 기타,건설기계,남,57세,상해없음,승용,남,73세,경상
2017031600100255,2017년 3월 16일 13시,목요일,강원도 동해시 송정동,경상사고,0,0,1,0,차대차 - 측면충돌,중앙선침범,건조,맑음,단일로 - 기타,승용,남,69세,상해없음,승용,여,32세,경상
2017031600100256,2017년 3월 16일 13시,목요일,강원도 동해시 송정동,경상사고,0,0,1,0,차대차 - 측면충돌,안전운전불이행,건조,맑음,단일로 - 기타,승합,남,50세,상해없음,자전거,남,57세,경상
2017031600100283,2017년 3월 16일 14시,목요일,강원도 춘천시 석사동,중상사고,0,1,0,0,차대차 - 추돌,안전운전불이행,건조,맑음,단일로 - 기타,화물,여,57세,상해없음,화물,남,28세,중상
2017031600100343,2017년 3월 16일 16시,목요일,강원도 원주시 소초면,중상사고,0,3,2,0,차대차 - 측면충돌,신호위반,건조,맑음,교차로 - 교차로안,화물,남,37세,상해없음,승합,남,22세,중상
2017031600100419,2017년 3월 16일 18시,목요일,강원도 춘천시 후평동,경상사고,0,0,1,1,차대차 - 측면충돌,안전운전불이행,건조,맑음,단일로 - 기타,승용,남,52세,상해없음,승용,남,75세,부상신고
2017031600100420,2017년 3월 16일 18시,목요일,강원도 정선군 고한읍,경상사고,0,0,1,0,차대차 - 측면충돌,안전운전불이행,건조,맑음,단일로 - 기타,승용,남,23세,상해없음,승용,남,46세,경상
2017031600100502,2017년 3월 16일 21시,목요일,강원도 춘천시 효자동,경상사고,0,0,1,0,차대차 - 측면충돌,교차로운행방법위반,건조,맑음,교차로 - 교차로안,승용,남,48세,상해없음,이륜,남,69세,경상
2017031600100503,2017년 3월 16일 21시,목요일,강원도 춘천시 석사동,부상신고사고,0,0,0,1,차대차 - 측면충돌,차로위반,건조,맑음,단일로 - 기타,승용,남,52세,상해없음,이륜,남,37세,부상신고
2017031600100504,2017년 3월 16일 21시,목요일,강원도 고성군 간성읍,부상신고사고,0,0,0,1,차대사람 - 기타,안전운전불이행,건조,맑음,단일로 - 기타,승용,남,37세,상해없음,보행자,남,76세,부상신고
2017031600100531,2017년 3월 16일 22시,목요일,강원도 춘천시 후평동,경상사고,0,0,1,0,차대차 - 기타,안전운전불이행,건조,맑음,단일로 - 기타,승용,남,26세,상해없음,이륜,남,45세,경상
2017031600100532,2017년 3월 16일 22시,목요일,강원도 속초시 교동,중상사고,0,1,0,0,차대차 - 측면충돌,교차로운행방법위반,건조,맑음,교차로 - 교차로안,승용,남,59세,상해없음,원동기,남,47세,중상
2017031700100046,2017년 3월 17일 02시,금요일,강원도 삼척시 도계읍,경상사고,0,0,5,0,차대차 - 측면충돌,안전운전불이행,건조,맑음,교차로 - 교차로부근,승용,남,50세,상해없음,승용,여,54세,기타불명
2017031700100126,2017년 3월 17일 08시,금요일,강원도 원주시 우산동,경상사고,0,0,1,0,차대사람 - 횡단중,안전운전불이행,건조,맑음,단일로 - 기타,승용,여,30세,상해없음,보행자,여,10세,경상
2017031700100165,2017년 3월 17일 09시,금요일,강원도 춘천시 효자동,경상사고,0,0,1,0,차대차 - 측면충돌,직진우회전진행방해,건조,맑음,교차로 - 교차로안,승용,남,49세,상해없음,이륜,남,24세,경상
2017031700100166,2017년 3월 17일 09시,금요일,강원도 강릉시 임당동,경상사고,0,0,1,0,차대사람 - 횡단중,안전운전불이행,건조,맑음,단일로 - 기타,승용,여,54세,상해없음,보행자,여,66세,경상
2017031700100167,2017년 3월 17일 09시,금요일,강원도 동해시 묵호진동,중상사고,0,1,0,0,차대차 - 후진중충돌,직진우회전진행방해,건조,맑음,단일로 - 기타,승용,남,52세,상해없음,승용,여,54세,중상
2017031700100191,2017년 3월 17일 10시,금요일,강원도 홍천군 홍천읍,경상사고,0,0,1,0,차대차 - 정면충돌,교차로운행방법위반,건조,맑음,교차로 - 교차로안,건설기계,남,48세,상해없음,승용,여,38세,경상
2017031700100192,2017년 3월 17일 10시,금요일,강원도 동해시 동회동,경상사고,0,0,1,0,차대차 - 측면충돌,교차로운행방법위반,건조,맑음,교차로 - 교차로안,승용,남,57세,상해없음,승용,남,73세,경상
2017031700100245,2017년 3월 17일 12시,금요일,강원도 횡성군 안흥면,중상사고,0,1,0,0,차대차 - 측면충돌,과속,건조,맑음,단일로 - 기타,화물,남,64세,상해없음,화물,남,59세,중상
2017031700100246,2017년 3월 17일 12시,금요일,강원도 평창군 평창읍,경상사고,0,0,3,0,차대차 - 정면충돌,안전거리미확보,건조,맑음,단일로 - 기타,화물,남,55세,상해없음,승용,여,45세,경상
2017031700100276,2017년 3월 17일 13시,금요일,강원도 춘천시 후평동,중상사고,0,1,0,0,차대차 - 측면충돌,신호위반,건조,맑음,교차로 - 교차로안,승용,남,75세,기타불명,승용,남,42세,중상
2017031700100343,2017년 3월 17일 15시,금요일,강원도 춘천시 동면,사망사고,1,0,0,0,차대차 - 추돌,안전운전불이행,건조,맑음,단일로 - 기타,이륜,남,20세,사망,승용,남,59세,기타불명
2017031700100370,2017년 3월 17일 16시,금요일,강원도 춘천시 낙원동,경상사고,0,0,1,0,차대사람 - 횡단중,안전운전불이행,건조,맑음,교차로 - 교차로안,화물,남,59세,상해없음,보행자,남,77세,경상
2017031700100371,2017년 3월 17일 16시,금요일,강원도 고성군 거진읍,중상사고,0,1,0,0,차대차 - 정면충돌,안전운전불이행,건조,맑음,교차로 - 교차로안,승용,여,63세,상해없음,승용,여,51세,중상
2017031700100406,2017년 3월 17일 17시,금요일,강원도 강릉시 주문진읍,경상사고,0,0,1,0,차량단독 - 전도전복 - 전도,안전운전불이행,건조,맑음,단일로 - 기타,화물,남,22세,상해없음,,,,
2017031700100407,2017년 3월 17일 17시,금요일,강원도 강릉시 포남동,경상사고,0,0,1,0,차대차 - 추돌,안전운전불이행,건조,맑음,단일로 - 기타,승용,남,24세,상해없음,이륜,남,45세,경상
2017031700100408,2017년 3월 17일 17시,금요일,강원도 동해시 천곡동,경상사고,0,0,2,0,차대차 - 기타,직진우회전진행방해,건조,맑음,교차로 - 교차로안,승용,남,60세,상해없음,승용,남,55세,경상
2017031700100439,2017년 3월 17일 18시,금요일,강원도 양양군 양양읍,중상사고,0,1,0,0,차대사람 - 횡단중,안전운전불이행,건조,맑음,단일로 - 기타,승용,남,40세,상해없음,보행자,남,49세,중상
2017031700100561,2017년 3월 17일 21시,금요일,강원도 양구군 양구읍,경상사고,0,0,1,0,차대사람 - 횡단중,안전운전불이행,건조,맑음,교차로 - 교차로부근,승용,남,26세,상해없음,보행자,여,4세,경상
2017031800100050,2017년 3월 18일 01시,토요일,강원도 강릉시 포남동,중상사고,0,1,0,0,차대차 - 정면충돌,안전운전불이행,건조,맑음,교차로 - 교차로안,승용,남,25세,상해없음,승용,남,38세,상해없음
2017031800100098,2017년 3월 18일 05시,토요일,강원도 삼척시 원덕읍,경상사고,0,0,1,0,차량단독 - 공작물충돌,안전운전불이행,건조,맑음,교차로 - 교차로안,승용,남,55세,경상,,,,
2017031800100124,2017년 3월 18일 07시,토요일,강원도 철원군 서면,중상사고,0,1,0,0,차대차 - 측면충돌,안전운전불이행,건조,맑음,단일로 - 기타,화물,남,54세,상해없음,승용,남,66세,상해없음
2017031800100189,2017년 3월 18일 10시,토요일,강원도 삼척시 남양동,경상사고,0,0,1,0,차대차 - 정면충돌,안전운전불이행,건조,맑음,교차로 - 교차로횡단보도내,승용,남,61세,상해없음,자전거,남,66세,경상
2017031800100190,2017년 3월 18일 10시,토요일,강원도 홍천군 두촌면,중상사고,0,1,0,0,차대차 - 측면충돌,안전운전불이행,건조,맑음,교차로 - 교차로안,이륜,남,42세,중상,승용,남,40세,상해없음
2017031800100191,2017년 3월 18일 10시,토요일,강원도 홍천군 홍천읍,경상사고,0,0,1,0,차대차 - 추돌,안전거리미확보,건조,맑음,교차로 - 교차로부근,승용,남,67세,상해없음,승용,여,33세,경상
2017031800100192,2017년 3월 18일 10시,토요일,강원도 고성군 현내면,중상사고,0,1,0,0,차대차 - 정면충돌,안전운전불이행,건조,맑음,기타 - 기타,승용,남,62세,상해없음,이륜,남,37세,중상
2017031800100221,2017년 3월 18일 11시,토요일,강원도 평창군 평창읍,경상사고,0,0,4,1,차대차 - 추돌,안전거리미확보,건조,맑음,단일로 - 기타,승용,남,38세,경상,승용,여,46세,경상
2017031800100222,2017년 3월 18일 11시,토요일,강원도 평창군 평창읍,경상사고,0,0,8,0,차대차 - 추돌,안전거리미확보,건조,맑음,단일로 - 기타,승합,남,22세,상해없음,승용,남,38세,경상
2017031800100250,2017년 3월 18일 12시,토요일,강원도 춘천시 후평동,경상사고,0,0,1,0,차대차 - 측면충돌,직진우회전진행방해,건조,맑음,교차로 - 교차로안,승용,여,66세,상해없음,원동기,남,23세,경상
2017031800100251,2017년 3월 18일 12시,토요일,강원도 평창군 용평면,경상사고,0,0,1,0,차대차 - 추돌,안전운전불이행,건조,맑음,단일로 - 기타,승용,남,63세,상해없음,승용,여,46세,경상
2017031800100285,2017년 3월 18일 13시,토요일,강원도 춘천시 동면,경상사고,0,0,3,0,차대차 - 측면충돌,안전거리미확보,건조,맑음,단일로 - 기타,건설기계,남,60세,상해없음,승용,남,55세,경상
2017031800100286,2017년 3월 18일 13시,토요일,강원도 강릉시 사천면,경상사고,0,0,2,0,차대차 - 측면충돌,안전운전불이행,건조,맑음,교차로 - 교차로안,승용,남,59세,상해없음,승용,남,58세,경상
2017031800100287,2017년 3월 18일 13시,토요일,강원도 속초시 중앙동,경상사고,0,0,2,0,차대차 - 추돌,안전운전불이행,건조,맑음,단일로 - 기타,승용,남,24세,상해없음,승용,여,37세,경상
2017031800100318,2017년 3월 18일 14시,토요일,강원도 강릉시 지변동,경상사고,0,0,1,0,차대차 - 측면충돌,안전운전불이행,건조,맑음,단일로 - 기타,승용,남,23세,상해없음,원동기,남,46세,경상
2017031800100319,2017년 3월 18일 14시,토요일,강원도 삼척시 정상동,경상사고,0,0,2,0,차대차 - 측면충돌,안전운전불이행,건조,맑음,교차로 - 교차로부근,건설기계,남,59세,상해없음,승용,여,50세,경상
2017031800100357,2017년 3월 18일 15시,토요일,강원도 춘천시 퇴계동,경상사고,0,0,1,0,차대차 - 후진중충돌,안전운전불이행,건조,맑음,교차로 - 교차로안,승용,남,72세,상해없음,승용,남,58세,경상
2017031800100358,2017년 3월 18일 15시,토요일,강원도 강릉시 주문진읍,중상사고,0,1,0,0,차대사람 - 횡단중,안전운전불이행,건조,맑음,단일로 - 기타,승용,남,41세,상해없음,보행자,여,7세,중상
2017031800100359,2017년 3월 18일 15시,토요일,강원도 원주시 단구동,부상신고사고,0,0,0,1,차대차 - 측면충돌,안전운전불이행,건조,맑음,단일로 - 기타,자전거,남,90세 이상,부상신고,자전거,남,64세,상해없음
2017031800100360,2017년 3월 18일 15시,토요일,강원도 홍천군 홍천읍,경상사고,0,0,1,0,차대차 - 정면충돌,교차로운행방법위반,건조,맑음,교차로 - 교차로안,승용,남,52세,상해없음,화물,남,34세,경상
2017031800100387,2017년 3월 18일 16시,토요일,강원도 홍천군 홍천읍,경상사고,0,0,1,0,차대차 - 정면충돌,교차로운행방법위반,건조,맑음,교차로 - 교차로안,승용,남,72세,상해없음,승용,여,20세,경상
2017031800100423,2017년 3월 18일 17시,토요일,강원도 춘천시 근화동,경상사고,0,0,2,0,차대차 - 측면충돌,안전운전불이행,건조,맑음,교차로 - 교차로안,승용,남,23세,상해없음,승용,여,60세,경상
2017031800100451,2017년 3월 18일 18시,토요일,강원도 영월군 김삿갓면,부상신고사고,0,0,0,3,차대차 - 기타,중앙선침범,건조,맑음,단일로 - 기타,기타불명,기타불명,미분류,기타불명,승용,남,30세,부상신고
2017031800100452,2017년 3월 18일 18시,토요일,강원도 홍천군 동면,경상사고,0,0,4,0,차대차 - 추돌,안전운전불이행,건조,맑음,단일로 - 기타,승용,남,28세,상해없음,승용,남,42세,경상
2017031800100492,2017년 3월 18일 19시,토요일,강원도 양양군 강현면,경상사고,0,0,1,0,차대차 - 후진중충돌,안전운전불이행,건조,맑음,주차장 - 주차장,승용,남,47세,상해없음,승용,남,23세,경상
2017031800100493,2017년 3월 18일 19시,토요일,강원도 홍천군 홍천읍,경상사고,0,0,1,0,차대차 - 정면충돌,중앙선침범,건조,맑음,단일로 - 기타,승용,남,55세,상해없음,승합,남,57세,상해없음
2017031800100558,2017년 3월 18일 21시,토요일,강원도 춘천시 후평동,경상사고,0,0,1,0,차대차 - 측면충돌,직진우회전진행방해,건조,맑음,교차로 - 교차로안,승용,남,26세,상해없음,이륜,남,23세,경상
2017031800100559,2017년 3월 18일 21시,토요일,강원도 원주시 태장동,경상사고,0,0,1,0,차대차 - 측면충돌,교차로운행방법위반,건조,맑음,교차로 - 교차로부근,승합,남,23세,상해없음,화물,남,43세,상해없음
2017031800100577,2017년 3월 18일 22시,토요일,강원도 속초시 대포동,중상사고,0,1,0,0,차대사람 - 횡단중,안전운전불이행,건조,맑음,단일로 - 기타,농기계,남,27세,상해없음,보행자,남,53세,중상
2017031800100578,2017년 3월 18일 22시,토요일,강원도 영월군 한반도면,경상사고,0,0,2,0,차대차 - 측면충돌,안전거리미확보,건조,맑음,단일로 - 기타,건설기계,남,57세,상해없음,승용,남,70세,경상
2017031800100595,2017년 3월 18일 23시,토요일,강원도 정선군 사북읍,경상사고,0,0,1,0,차대차 - 측면충돌,안전운전불이행,건조,맑음,단일로 - 기타,승용,남,18세,상해없음,승용,남,30세,경상
2017031900100028,2017년 3월 19일 00시,일요일,강원도 원주시 단구동,중상사고,0,1,4,0,차대차 - 측면충돌,안전운전불이행,건조,맑음,교차로 - 교차로부근,승용,남,36세,상해없음,승용,여,63세,중상
2017031900100029,2017년 3월 19일 00시,일요일,강원도 양양군 양양읍,중상사고,0,1,1,0,차량단독 - 공작물충돌,안전운전불이행,건조,맑음,교차로 - 교차로안,승용,남,26세,상해없음,,,,
2017031900100077,2017년 3월 19일 03시,일요일,강원도 원주시 부론면,부상신고사고,0,0,0,1,차량단독 - 전도전복 - 전도,안전운전불이행,건조,흐림,단일로 - 기타,승용,남,53세,부상신고,,,,
2017031900100140,2017년 3월 19일 09시,일요일,강원도 춘천시 동면,경상사고,0,0,2,0,차대차 - 측면충돌,안전운전불이행,건조,맑음,단일로 - 기타,이륜,남,19세,경상,승용,남,64세,경상
2017031900100157,2017년 3월 19일 10시,일요일,강원도 속초시 노학동,경상사고,0,0,1,0,차대사람 - 기타,안전운전불이행,건조,맑음,단일로 - 기타,승합,남,58세,상해없음,보행자,여,62세,경상
2017031900100158,2017년 3월 19일 10시,일요일,강원도 횡성군 횡성읍,중상사고,0,1,0,0,차대차 - 측면충돌,안전운전불이행,건조,맑음,교차로 - 교차로안,승용,여,52세,상해없음,이륜,남,81세,중상
2017031900100225,2017년 3월 19일 13시,일요일,강원도 원주시 인동,경상사고,0,0,2,0,차대차 - 측면충돌,안전운전불이행,건조,맑음,교차로 - 교차로안,기타불명,기타불명,미분류,기타불명,승용,여,25세,경상
2017031900100226,2017년 3월 19일 13시,일요일,강원도 횡성군 횡성읍,경상사고,0,0,1,0,차대차 - 기타,과속,건조,맑음,단일로 - 기타,이륜,남,36세,상해없음,승용,남,45세,경상
2017031900100250,2017년 3월 19일 14시,일요일,강원도 춘천시 석사동,부상신고사고,0,0,0,1,차대사람 - 기타,안전운전불이행,건조,맑음,기타 - 기타,자전거,남,74세,기타불명,보행자,여,74세,부상신고
2017031900100308,2017년 3월 19일 16시,일요일,강원도 춘천시 조양동,경상사고,0,0,1,0,차대차 - 측면충돌,안전운전불이행,건조,맑음,교차로 - 교차로안,승용,여,50세,상해없음,승합,남,49세,경상
2017031900100356,2017년 3월 19일 18시,일요일,강원도 춘천시 동내면,경상사고,0,0,1,0,차대차 - 측면충돌,안전운전불이행,건조,맑음,교차로 - 교차로안,승합,남,48세,상해없음,화물,남,59세,상해없음
2017031900100383,2017년 3월 19일 19시,일요일,강원도 춘천시 온의동,경상사고,0,0,1,0,차대차 - 정면충돌,중앙선침범,건조,맑음,단일로 - 기타,승용,남,27세,상해없음,승용,남,43세,경상
2017031900100384,2017년 3월 19일 19시,일요일,강원도 춘천시 소양로2가,중상사고,0,1,0,0,차대사람 - 횡단중,보행자보호의무위반,건조,맑음,단일로 - 기타,승용,여,68세,상해없음,보행자,여,75세,중상
2017031900100385,2017년 3월 19일 19시,일요일,강원도 강릉시 홍제동,경상사고,0,0,4,0,차대차 - 추돌,안전거리미확보,건조,맑음,단일로 - 기타,승용,여,53세,상해없음,승용,남,35세,경상
2017031900100386,2017년 3월 19일 19시,일요일,강원도 강릉시 성산면,경상사고,0,0,3,0,차대차 - 측면충돌,안전운전불이행,건조,맑음,주차장 - 주차장,승용,남,62세,상해없음,승용,남,46세,경상
2017032000100014,2017년 3월 20일 00시,월요일,강원도 삼척시 정상동,중상사고,0,1,1,0,차대사람 - 횡단중,보행자보호의무위반,건조,맑음,교차로 - 교차로횡단보도내,승용,남,62세,상해없음,보행자,여,17세,중상
2017032000100037,2017년 3월 20일 04시,월요일,강원도 강릉시 옥천동,경상사고,0,0,1,0,차대사람 - 횡단중,안전운전불이행,건조,맑음,단일로 - 기타,승용,남,42세,상해없음,보행자,여,35세,경상
2017032000100099,2017년 3월 20일 08시,월요일,강원도 원주시 개운동,경상사고,0,0,1,0,차대차 - 추돌,신호위반,건조,맑음,교차로 - 교차로안,승용,남,43세,상해없음,화물,남,34세,경상
2017032000100148,2017년 3월 20일 10시,월요일,강원도 춘천시 우두동,경상사고,0,0,2,0,차대차 - 추돌,안전거리미확보,건조,맑음,단일로 - 기타,화물,남,58세,상해없음,승용,남,81세,경상
2017032000100149,2017년 3월 20일 10시,월요일,강원도 홍천군 홍천읍,경상사고,0,0,1,0,차대사람 - 차도통행중,안전운전불이행,건조,맑음,단일로 - 기타,화물,남,77세,상해없음,보행자,남,62세,경상
2017032000100252,2017년 3월 20일 14시,월요일,강원도 양양군 현남면,중상사고,0,1,0,0,차대차 - 측면충돌,신호위반,건조,맑음,교차로 - 교차로안,승용,여,64세,상해없음,승용,남,58세,중상
2017032000100253,2017년 3월 20일 14시,월요일,강원도 속초시 동명동,경상사고,0,0,2,0,차대차 - 측면충돌,교차로운행방법위반,건조,맑음,교차로 - 교차로부근,승합,남,50세,상해없음,승용,남,36세,경상
2017032000100254,2017년 3월 20일 14시,월요일,강원도 삼척시 원덕읍,중상사고,0,1,0,0,차대차 - 후진중충돌,안전운전불이행,건조,맑음,기타 - 기타,승용,남,59세,상해없음,승용,남,58세,중상
2017032000100255,2017년 3월 20일 14시,월요일,강원도 정선군 고한읍,경상사고,0,0,3,0,차대차 - 추돌,안전운전불이행,건조,맑음,교차로 - 교차로부근,화물,남,60세,상해없음,승용,남,36세,경상
2017032000100283,2017년 3월 20일 15시,월요일,강원도 춘천시 석사동,경상사고,0,0,1,0,차대차 - 추돌,안전거리미확보,건조,맑음,단일로 - 기타,승용,남,54세,상해없음,승용,남,25세,경상
2017032000100284,2017년 3월 20일 15시,월요일,강원도 동해시 천곡동,경상사고,0,0,1,0,차대사람 - 횡단중,안전운전불이행,건조,맑음,주차장 - 주차장,승용,여,36세,상해없음,보행자,남,54세,경상
2017032000100313,2017년 3월 20일 16시,월요일,강원도 양구군 양구읍,경상사고,0,0,1,0,차대차 - 추돌,안전운전불이행,건조,맑음,교차로 - 교차로부근,농기계,남,46세,경상,화물,남,32세,상해없음
2017032000100427,2017년 3월 20일 19시,월요일,강원도 동해시 천곡동,경상사고,0,0,1,0,차대사람 - 길가장자리구역통행중,안전운전불이행,건조,맑음,단일로 - 기타,승용,남,43세,상해없음,보행자,남,11세,경상
2017032100100049,2017년 3월 21일 02시,화요일,강원도 원주시 단구동,경상사고,0,0,1,0,차대차 - 측면충돌,안전운전불이행,건조,맑음,교차로 - 교차로안,승용,남,32세,상해없음,승용,여,40세,경상
2017032100100107,2017년 3월 21일 07시,화요일,강원도 강릉시 용강동,경상사고,0,0,1,0,차대차 - 정면충돌,안전운전불이행,젖음/습기,비,교차로 - 교차로안,승용,남,40세,상해없음,이륜,남,50세,경상
2017032100100108,2017년 3월 21일 07시,화요일,강원도 강릉시 연곡면,경상사고,0,0,1,0,차대차 - 정면충돌,중앙선침범,젖음/습기,비,단일로 - 기타,승용,여,60세,상해없음,화물,남,36세,경상
2017032100100109,2017년 3월 21일 07시,화요일,강원도 원주시 단계동,중상사고,0,1,0,0,차대차 - 측면충돌,안전운전불이행,건조,맑음,단일로 - 기타,승용,남,24세,상해없음,이륜,남,32세,중상
2017032100100136,2017년 3월 21일 08시,화요일,강원도 삼척시 남양동,경상사고,0,0,2,0,차대차 - 측면충돌,기타,젖음/습기,비,단일로 - 기타,승용,여,51세,상해없음,승용,남,55세,경상
2017032100100175,2017년 3월 21일 09시,화요일,강원도 춘천시 사북면,경상사고,0,0,2,0,차대차 - 측면충돌,안전거리미확보,건조,맑음,단일로 - 기타,승용,남,76세,상해없음,승용,남,48세,경상
2017032100100176,2017년 3월 21일 09시,화요일,강원도 동해시 평릉동,경상사고,0,0,2,0,차대차 - 측면충돌,안전운전불이행,젖음/습기,비,단일로 - 기타,승용,여,43세,경상,승용,남,43세,경상
2017032100100223,2017년 3월 21일 11시,화요일,강원도 속초시 교동,경상사고,0,0,1,0,차대차 - 측면충돌,신호위반,젖음/습기,맑음,교차로 - 교차로안,화물,남,27세,기타불명,승합,남,62세,경상
2017032100100273,2017년 3월 21일 13시,화요일,강원도 속초시 조양동,경상사고,0,0,1,0,차대차 - 측면충돌,신호위반,건조,흐림,교차로 - 교차로안,원동기,남,75세,상해없음,승용,남,56세,상해없음
2017032100100274,2017년 3월 21일 13시,화요일,강원도 동해시 용정동,경상사고,0,0,1,0,차대차 - 측면충돌,안전운전불이행,건조,맑음,교차로 - 교차로안,승용,남,74세,상해없음,승용,여,54세,경상
2017032100100303,2017년 3월 21일 14시,화요일,강원도 춘천시 석사동,경상사고,0,0,1,0,차대차 - 측면충돌,신호위반,건조,맑음,교차로 - 교차로안,승용,여,50세,상해없음,승용,남,46세,경상
2017032100100331,2017년 3월 21일 15시,화요일,강원도 강릉시 입암동,중상사고,0,1,0,0,차대차 - 측면충돌,안전운전불이행,건조,맑음,교차로 - 교차로안,화물,남,47세,상해없음,이륜,남,41세,중상
2017032100100332,2017년 3월 21일 15시,화요일,강원도 평창군 평창읍,경상사고,0,0,1,0,차대차 - 추돌,안전운전불이행,건조,맑음,단일로 - 기타,승용,여,48세,상해없음,화물,남,64세,경상
2017032100100350,2017년 3월 21일 16시,화요일,강원도 영월군 영월읍,중상사고,0,1,0,1,차량단독 - 공작물충돌,안전운전불이행,건조,맑음,단일로 - 교량,화물,남,57세,부상신고,,,,
2017032100100390,2017년 3월 21일 17시,화요일,강원도 양구군 양구읍,경상사고,0,0,1,0,차대사람 - 횡단중,안전운전불이행,건조,맑음,단일로 - 기타,승용,여,30세,상해없음,보행자,남,15세,경상
2017032100100419,2017년 3월 21일 18시,화요일,강원도 춘천시 퇴계동,경상사고,0,0,1,0,차대차 - 추돌,안전운전불이행,건조,맑음,단일로 - 기타,승용,여,58세,상해없음,승용,남,48세,경상
2017032100100420,2017년 3월 21일 18시,화요일,강원도 원주시 반곡동,경상사고,0,0,1,0,차대차 - 측면충돌,신호위반,건조,맑음,교차로 - 교차로안,승용,남,39세,상해없음,승용,여,37세,경상
2017032100100421,2017년 3월 21일 18시,화요일,강원도 원주시 개운동,경상사고,0,0,1,0,차대차 - 추돌,안전운전불이행,건조,맑음,단일로 - 기타,승용,여,38세,상해없음,승용,남,50세,경상
2017032100100422,2017년 3월 21일 18시,화요일,강원도 영월군 영월읍,경상사고,0,0,1,1,차대차 - 측면충돌,교차로운행방법위반,건조,맑음,교차로 - 교차로안,승용,남,67세,상해없음,승용,여,66세,경상
2017032100100452,2017년 3월 21일 19시,화요일,강원도 속초시 청학동,경상사고,0,0,2,0,차대차 - 측면충돌,교차로운행방법위반,건조,맑음,교차로 - 교차로안,승용,남,25세,상해없음,화물,남,59세,경상
2017032100100485,2017년 3월 21일 20시,화요일,강원도 동해시 천곡동,경상사고,0,0,1,0,차대사람 - 횡단중,안전운전불이행,건조,맑음,단일로 - 기타,승용,여,23세,상해없음,보행자,여,15세,경상
2017032100100515,2017년 3월 21일 21시,화요일,강원도 춘천시 조양동,경상사고,0,0,1,0,차대사람 - 기타,보행자보호의무위반,건조,맑음,단일로 - 기타,이륜,남,17세,상해없음,보행자,여,20세,경상
2017032100100516,2017년 3월 21일 21시,화요일,강원도 동해시 이로동,사망사고,1,0,0,0,차대사람 - 횡단중,안전운전불이행,건조,맑음,교차로 - 교차로부근,승용,여,49세,상해없음,보행자,남,72세,사망
2017032100100534,2017년 3월 21일 22시,화요일,강원도 원주시 학성동,중상사고,0,1,0,0,차대차 - 측면충돌,안전운전불이행,건조,맑음,교차로 - 교차로부근,승용,남,37세,상해없음,승용,여,29세,중상
2017032100100557,2017년 3월 21일 23시,화요일,강원도 강릉시 죽헌동,경상사고,0,0,1,0,차대사람 - 횡단중,안전운전불이행,건조,맑음,단일로 - 기타,승용,남,59세,상해없음,보행자,남,39세,경상
2017032200100016,2017년 3월 22일 00시,수요일,강원도 원주시 단구동,경상사고,0,0,1,0,차대차 - 추돌,신호위반,건조,맑음,교차로 - 교차로안,승용,여,37세,상해없음,승용,남,27세,경상