사고번호,사고일시,요일,시군구,사고내용,사망자수,중상자수,경상자수,부상신고자수,사고유형,법규위반,노면상태,기상상태,도로형태,가해운전자 차종,가해운전자 성별,가해운전자 연령,가해운전자 상해정도,피해운전자 차종,피해운전자 성별,피해운전자 연령,피해운전자 상해정도
2017032200100035,2017년 3월 22일 02시,수요일,강원도 원주시 태장동,중상사고,0,2,0,0,차량단독 - 전도전복 - 전도,안전운전불이행,건조,맑음,단일로 - 기타,승용,남,58세,상해없음,,,,
2017032200100083,2017년 3월 22일 07시,수요일,강원도 홍천군 홍천읍,경상사고,0,0,1,0,차대차 - 기타,직진우회전진행방해,건조,맑음,교차로 - 교차로안,화물,남,42세,상해없음,승용,남,28세,경상
2017032200100151,2017년 3월 22일 09시,수요일,강원도 원주시 중앙동,중상사고,0,1,0,0,차대사람 - 차도통행중,안전운전불이행,건조,맑음,단일로 - 기타,승용,여,55세,상해없음,보행자,남,63세,중상
2017032200100152,2017년 3월 22일 09시,수요일,강원도 고성군 죽왕면,경상사고,0,0,1,0,차대차 - 추돌,안전거리미확보,건조,맑음,교차로 - 교차로부근,승용,남,44세,상해없음,승용,여,56세,경상
2017032200100207,2017년 3월 22일 11시,수요일,강원도 춘천시 사농동,경상사고,0,0,1,0,차대차 - 측면충돌,기타,건조,맑음,단일로 - 기타,건설기계,남,46세,상해없음,승용,남,33세,경상
2017032200100230,2017년 3월 22일 12시,수요일,강원도 춘천시 동내면,경상사고,0,0,1,0,차대차 - 측면충돌,직진우회전진행방해,건조,맑음,교차로 - 교차로안,화물,남,47세,상해없음,승용,여,36세,경상
2017032200100283,2017년 3월 22일 14시,수요일,강원도 춘천시 퇴계동,경상사고,0,0,1,0,차대차 - 측면충돌,직진우회전진행방해,건조,맑음,교차로 - 교차로안,승용,여,45세,상해없음,승용,여,42세,경상
2017032200100284,2017년 3월 22일 14시,수요일,강원도 강릉시 교동,중상사고,0,1,0,0,차대차 - 측면충돌,신호위반,건조,맑음,교차로 - 교차로안,승용,여,57세,상해없음,승용,여,56세,중상
2017032200100285,2017년 3월 22일 14시,수요일,강원도 원주시 단구동,경상사고,0,0,1,0,차대사람 - 횡단중,안전운전불이행,건조,맑음,단일로 - 기타,승용,여,48세,상해없음,보행자,남,48세,경상
2017032200100307,2017년 3월 22일 15시,수요일,강원도 강릉시 포남동,중상사고,0,1,0,0,차대사람 - 횡단중,안전운전불이행,건조,맑음,단일로 - 기타,승용,남,65세,상해없음,보행자,남,66세,중상
2017032200100308,2017년 3월 22일 15시,수요일,강원도 원주시 명륜동,경상사고,0,0,1,0,차대사람 - 횡단중,보행자보호의무위반,건조,맑음,교차로 - 교차로횡단보도내,승용,여,25세,상해없음,보행자,남,77세,경상
2017032200100309,2017년 3월 22일 15시,수요일,강원도 영월군 영월읍,경상사고,0,0,2,0,차대차 - 측면충돌,교차로운행방법위반,건조,맑음,교차로 - 교차로안,승용,여,46세,상해없음,승용,남,27세,경상
2017032200100337,2017년 3월 22일 16시,수요일,강원도 춘천시 퇴계동,경상사고,0,0,1,0,차대차 - 측면충돌,안전운전불이행,건조,맑음,단일로 - 기타,승용,여,42세,상해없음,승용,남,52세,경상
2017032200100338,2017년 3월 22일 16시,수요일,강원도 원주시 단구동,중상사고,0,1,0,0,차량단독 - 전도전복 - 전도,안전운전불이행,건조,맑음,단일로 - 기타,승용,남,60세,상해없음,,,,
2017032200100339,2017년 3월 22일 16시,수요일,강원도 태백시 화전동,중상사고,0,1,0,0,차대차 - 측면충돌,안전운전불이행,건조,맑음,단일로 - 기타,화물,남,53세,상해없음,승용,여,58세,중상
2017032200100371,2017년 3월 22일 17시,수요일,강원도 춘천시 칠전동,경상사고,0,0,1,0,차대차 - 정면충돌,안전거리미확보,건조,맑음,교차로 - 교차로부근,승용,남,66세,상해없음,승용,여,38세,경상
2017032200100408,2017년 3월 22일 18시,수요일,강원도 춘천시 석사동,경상사고,0,0,1,0,차대사람 - 횡단중,보행자보호의무위반,건조,맑음,단일로 - 기타,승용,남,33세,상해없음,보행자,여,6세,경상
2017032200100409,2017년 3월 22일 18시,수요일,강원도 속초시 조양동,경상사고,0,0,1,0,차대사람 - 기타,안전운전불이행,건조,맑음,단일로 - 기타,승용,여,34세,상해없음,보행자,남,56세,경상
2017032200100449,2017년 3월 22일 19시,수요일,강원도 태백시 통동,중상사고,0,2,0,0,차대차 - 기타,안전운전불이행,건조,맑음,단일로 - 기타,건설기계,남,56세,상해없음,화물,남,65세,중상
2017032200100450,2017년 3월 22일 19시,수요일,강원도 양구군 남면,사망사고,1,0,0,0,차대차 - 추돌,안전거리미확보,건조,맑음,단일로 - 기타,화물,남,54세,상해없음,농기계,남,77세,사망
2017032200100483,2017년 3월 22일 20시,수요일,강원도 춘천시 퇴계동,경상사고,0,0,2,0,차대차 - 추돌,안전운전불이행,건조,맑음,단일로 - 기타,승용,남,50세,상해없음,승용,남,32세,경상
2017032200100484,2017년 3월 22일 20시,수요일,강원도 강릉시 교동,중상사고,0,1,0,0,차대사람 - 횡단중,안전운전불이행,건조,맑음,교차로 - 교차로횡단보도내,승용,남,27세,상해없음,보행자,남,68세,중상
2017032200100485,2017년 3월 22일 20시,수요일,강원도 원주시 문막읍,중상사고,0,1,0,0,차대차 - 추돌,안전운전불이행,건조,맑음,단일로 - 기타,승합,남,42세,상해없음,승용,여,31세,중상
2017032200100509,2017년 3월 22일 21시,수요일,강원도 원주시 단구동,경상사고,0,0,1,0,차대차 - 측면충돌,안전거리미확보,건조,맑음,단일로 - 기타,승용,여,21세,상해없음,승용,남,37세,상해없음
2017032200100564,2017년 3월 22일 23시,수요일,강원도 강릉시 홍제동,경상사고,0,0,1,0,차대차 - 추돌,안전운전불이행,건조,맑음,교차로 - 교차로안,승용,남,42세,상해없음,승용,남,43세,경상
2017032300100038,2017년 3월 23일 01시,목요일,강원도 원주시 우산동,경상사고,0,0,2,0,차대차 - 측면충돌,안전운전불이행,건조,맑음,교차로 - 교차로안,승용,남,21세,상해없음,승용,남,67세,경상
2017032300100053,2017년 3월 23일 02시,목요일,강원도 원주시 개운동,경상사고,0,0,1,0,차대사람 - 횡단중,안전운전불이행,건조,맑음,교차로 - 교차로부근,승용,남,50세,상해없음,보행자,남,45세,경상
2017032300100139,2017년 3월 23일 09시,목요일,강원도 삼척시 도계읍,경상사고,0,0,1,0,차대차 - 측면충돌,안전운전불이행,건조,맑음,단일로 - 기타,승용,남,44세,상해없음,승용,남,46세,상해없음
2017032300100203,2017년 3월 23일 11시,목요일,강원도 원주시 단계동,경상사고,0,0,1,0,차대차 - 측면충돌,차로위반,건조,맑음,단일로 - 기타,화물,남,62세,상해없음,이륜,남,74세,상해없음
2017032300100204,2017년 3월 23일 11시,목요일,강원도 고성군 간성읍,중상사고,0,2,1,0,차대차 - 정면충돌,신호위반,건조,맑음,교차로 - 교차로안,승용,남,51세,상해없음,승용,남,59세,중상
2017032300100242,2017년 3월 23일 13시,목요일,강원도 춘천시 효자동,경상사고,0,0,1,0,차대차 - 측면충돌,안전운전불이행,건조,맑음,단일로 - 기타,승용,남,38세,상해없음,승용,여,35세,경상
2017032300100243,2017년 3월 23일 13시,목요일,강원도 원주시 문막읍,중상사고,0,1,0,0,차대차 - 측면충돌,안전운전불이행,건조,맑음,단일로 - 기타,화물,남,39세,상해없음,승용,여,48세,중상
2017032300100268,2017년 3월 23일 14시,목요일,강원도 원주시 평원동,부상신고사고,0,0,0,1,차대차 - 측면충돌,안전운전불이행,건조,맑음,교차로 - 교차로부근,승용,남,52세,상해없음,자전거,남,64세,부상신고
2017032300100330,2017년 3월 23일 16시,목요일,강원도 원주시 우산동,경상사고,0,0,1,0,차대차 - 측면충돌,안전운전불이행,건조,맑음,교차로 - 교차로안,승용,남,61세,상해없음,이륜,남,27세,경상
2017032300100331,2017년 3월 23일 16시,목요일,강원도 태백시 장성동,경상사고,0,0,1,0,차대사람 - 보도통행중,안전운전불이행,건조,맑음,단일로 - 기타,승용,남,55세,상해없음,보행자,남,32세,경상
2017032300100332,2017년 3월 23일 16시,목요일,강원도 정선군 정선읍,사망사고,1,1,0,0,차대차 - 정면충돌,중앙선침범,건조,맑음,단일로 - 기타,승용,남,75세,사망,승용,남,38세,중상
2017032300100333,2017년 3월 23일 16시,목요일,강원도 인제군 북면,사망사고,1,0,0,0,차량단독 - 공작물충돌,안전운전불이행,건조,맑음,단일로 - 교량,이륜,남,44세,사망,,,,
2017032300100405,2017년 3월 23일 18시,목요일,강원도 춘천시 석사동,경상사고,0,0,1,0,차대차 - 측면충돌,안전운전불이행,건조,맑음,교차로 - 교차로안,승용,남,46세,상해없음,승용,여,54세,경상
2017032300100406,2017년 3월 23일 18시,목요일,강원도 속초시 영랑동,중상사고,0,1,0,0,차대차 - 측면충돌,안전운전불이행,건조,흐림,단일로 - 기타,승용,여,50세,상해없음,자전거,남,69세,중상
2017032300100443,2017년 3월 23일 19시,목요일,강원도 춘천시 효자동,경상사고,0,0,1,0,차대사람 - 횡단중,보행자보호의무위반,건조,맑음,교차로 - 교차로부근,승용,남,24세,상해없음,보행자,남,52세,경상
2017032300100444,2017년 3월 23일 19시,목요일,강원도 춘천시 후평동,경상사고,0,0,4,0,차대차 - 추돌,안전거리미확보,건조,맑음,단일로 - 기타,승용,남,64세,상해없음,승용,여,24세,경상
2017032300100445,2017년 3월 23일 19시,목요일,강원도 원주시 단계동,경상사고,0,0,1,0,차대차 - 측면충돌,신호위반,건조,맑음,교차로 - 교차로안,승용,남,30세,상해없음,이륜,남,22세,경상
2017032300100446,2017년 3월 23일 19시,목요일,강원도 원주시 인동,중상사고,0,1,0,0,차대차 - 측면충돌,신호위반,건조,맑음,교차로 - 교차로안,승용,남,48세,상해없음,승용,여,59세,중상
2017032300100524,2017년 3월 23일 21시,목요일,강원도 강릉시 성내동,중상사고,0,1,0,0,차대차 - 측면충돌,중앙선침범,건조,맑음,교차로 - 교차로안,승용,남,34세,상해없음,승용,여,55세,중상
2017032300100582,2017년 3월 23일 23시,목요일,강원도 삼척시 당저동,부상신고사고,0,0,0,1,차대차 - 측면충돌,직진우회전진행방해,건조,맑음,교차로 - 교차로안,원동기,남,20세,부상신고,승용,남,57세,상해없음
2017032400100068,2017년 3월 24일 02시,금요일,강원도 평창군 용평면,경상사고,0,0,1,0,차대차 - 측면충돌,안전운전불이행,건조,맑음,단일로 - 기타,승용,남,28세,상해없음,승용,여,25세,경상
2017032400100094,2017년 3월 24일 06시,금요일,강원도 속초시 영랑동,중상사고,0,2,0,0,차대차 - 정면충돌,중앙선침범,건조,맑음,단일로 - 기타,승용,남,23세,상해없음,승용,남,42세,상해없음
2017032400100109,2017년 3월 24일 07시,금요일,강원도 평창군 용평면,경상사고,0,0,3,0,차대차 - 추돌,안전운전불이행,건조,맑음,교차로 - 교차로안,승합,남,45세,상해없음,화물,남,61세,경상
2017032400100136,2017년 3월 24일 08시,금요일,강원도 춘천시 사농동,경상사고,0,0,1,0,차대차 - 측면충돌,안전운전불이행,건조,맑음,단일로 - 기타,이륜,남,57세,상해없음,자전거,남,17세,경상
2017032400100137,2017년 3월 24일 08시,금요일,강원도 원주시 문막읍,경상사고,0,0,2,0,차대차 - 정면충돌,안전운전불이행,건조,맑음,교차로 - 교차로부근,승용,남,79세,상해없음,승용,남,21세,경상
2017032400100165,2017년 3월 24일 09시,금요일,강원도 평창군 평창읍,경상사고,0,0,2,0,차대차 - 측면충돌,안전운전불이행,건조,맑음,단일로 - 기타,특수,남,55세,상해없음,승용,여,47세,경상
2017032400100249,2017년 3월 24일 12시,금요일,강원도 춘천시 퇴계동,경상사고,0,0,1,0,차대차 - 측면충돌,안전운전불이행,건조,맑음,단일로 - 기타,승합,남,32세,상해없음,원동기,남,41세,경상
2017032400100272,2017년 3월 24일 13시,금요일,강원도 강릉시 구정면,경상사고,0,0,1,0,차대차 - 기타,안전운전불이행,건조,맑음,단일로 - 기타,화물,남,33세,상해없음,화물,남,35세,경상
2017032400100336,2017년 3월 24일 15시,금요일,강원도 속초시 대포동,경상사고,0,0,1,0,차대사람 - 횡단중,안전운전불이행,건조,맑음,교차로 - 교차로안,화물,남,44세,상해없음,보행자,남,76세,경상
2017032400100337,2017년 3월 24일 15시,금요일,강원도 홍천군 화촌면,중상사고,0,1,1,0,차대차 - 정면충돌,중앙선침범,건조,맑음,단일로 - 기타,건설기계,남,40세,상해없음,승용,남,60세,경상
2017032400100371,2017년 3월 24일 16시,금요일,강원도 태백시 황지동,경상사고,0,0,1,2,차대차 - 측면충돌,교차로운행방법위반,건조,맑음,교차로 - 교차로안,승용,남,62세,상해없음,승용,여,33세,부상신고
2017032400100408,2017년 3월 24일 17시,금요일,강원도 강릉시 옥천동,경상사고,0,0,1,0,차대차 - 정면충돌,안전운전불이행,건조,맑음,단일로 - 기타,승용,남,35세,상해없음,원동기,남,16세,경상
2017032400100443,2017년 3월 24일 18시,금요일,강원도 강릉시 병산동,중상사고,0,1,1,0,차대차 - 측면충돌,안전운전불이행,건조,맑음,교차로 - 교차로안,화물,남,70세,상해없음,승용,남,74세,경상
2017032400100444,2017년 3월 24일 18시,금요일,강원도 속초시 교동,경상사고,0,0,1,0,차대차 - 측면충돌,교차로운행방법위반,건조,맑음,교차로 - 교차로안,승용,남,45세,상해없음,승용,여,52세,경상
2017032400100445,2017년 3월 24일 18시,금요일,강원도 영월군 영월읍,중상사고,0,1,0,0,차대사람 - 횡단중,안전운전불이행,건조,맑음,교차로 - 교차로안,승용,남,37세,상해없음,보행자,남,5세,중상
2017032400100446,2017년 3월 24일 18시,금요일,강원도 평창군 진부면,경상사고,0,0,1,0,차대차 - 추돌,안전운전불이행,건조,맑음,단일로 - 기타,승합,남,65세,상해없음,승용,남,52세,경상
2017032400100485,2017년 3월 24일 19시,금요일,강원도 춘천시 효자동,경상사고,0,0,1,0,차대차 - 측면충돌,직진우회전진행방해,건조,맑음,교차로 - 교차로안,승용,여,54세,상해없음,승용,여,45세,경상
2017032400100486,2017년 3월 24일 19시,금요일,강원도 원주시 중앙동,경상사고,0,0,1,0,차대사람 - 횡단중,안전운전불이행,건조,맑음,단일로 - 기타,승용,여,52세,상해없음,보행자,남,60세,경상
2017032400100487,2017년 3월 24일 19시,금요일,강원도 원주시 단계동,경상사고,0,0,2,0,차대차 - 정면충돌,안전운전불이행,건조,맑음,교차로 - 교차로부근,승합,여,53세,상해없음,승용,남,57세,경상
2017032400100562,2017년 3월 24일 21시,금요일,강원도 춘천시 효자동,경상사고,0,0,1,0,차대사람 - 보도통행중,중앙선침범,건조,맑음,교차로 - 교차로부근,화물,남,31세,상해없음,보행자,남,46세,경상
2017032400100563,2017년 3월 24일 21시,금요일,강원도 춘천시 효자동,경상사고,0,0,1,0,차대차 - 후진중충돌,안전운전불이행,건조,맑음,단일로 - 기타,화물,남,30세,상해없음,승용,여,57세,경상
2017032400100608,2017년 3월 24일 22시,금요일,강원도 원주시 명륜동,중상사고,0,3,0,0,차대차 - 측면충돌,신호위반,건조,맑음,교차로 - 교차로안,승용,여,62세,상해없음,승용,여,53세,중상
2017032400100609,2017년 3월 24일 22시,금요일,강원도 속초시 대포동,경상사고,0,0,1,0,차대사람 - 횡단중,안전운전불이행,건조,맑음,단일로 - 기타,승용,남,53세,상해없음,보행자,남,5세,경상
2017032500100088,2017년 3월 25일 04시,토요일,강원도 동해시 천곡동,중상사고,0,1,0,0,차량단독 - 전도전복 - 전도,안전운전불이행,건조,흐림,단일로 - 기타,이륜,남,18세,중상,,,,
2017032500100142,2017년 3월 25일 08시,토요일,강원도 강릉시 강문동,중상사고,0,2,1,0,차대차 - 측면충돌,안전운전불이행,건조,맑음,교차로 - 교차로안,승용,남,85세,경상,승용,남,78세,중상
2017032500100143,2017년 3월 25일 08시,토요일,강원도 홍천군 홍천읍,경상사고,0,0,1,0,차대차 - 측면충돌,직진우회전진행방해,젖음/습기,비,교차로 - 교차로안,승용,여,39세,상해없음,승용,남,49세,경상
2017032500100176,2017년 3월 25일 10시,토요일,강원도 속초시 교동,경상사고,0,0,1,0,차대차 - 측면충돌,신호위반,건조,맑음,교차로 - 교차로안,이륜,남,18세,경상,승용,여,52세,상해없음
2017032500100208,2017년 3월 25일 11시,토요일,강원도 춘천시 퇴계동,경상사고,0,0,1,0,차대차 - 측면충돌,직진우회전진행방해,건조,맑음,교차로 - 교차로횡단보도내,승합,남,70세,상해없음,승용,여,51세,경상
2017032500100240,2017년 3월 25일 12시,토요일,강원도 춘천시 온의동,부상신고사고,0,0,0,1,차대차 - 측면충돌,안전거리미확보,젖음/습기,비,교차로 - 교차로부근,승용,여,53세,상해없음,승용,여,42세,부상신고
2017032500100241,2017년 3월 25일 12시,토요일,강원도 평창군 평창읍,중상사고,0,1,0,0,차대차 - 측면충돌,안전운전불이행,젖음/습기,비,교차로 - 교차로안,승용,여,67세,상해없음,이륜,남,66세,중상
2017032500100264,2017년 3월 25일 13시,토요일,강원도 원주시 중앙동,중상사고,0,1,0,0,차대사람 - 횡단중,안전운전불이행,젖음/습기,비,단일로 - 기타,화물,남,65세,상해없음,보행자,여,76세,중상
2017032500100265,2017년 3월 25일 13시,토요일,강원도 삼척시 정상동,중상사고,0,1,0,0,차대차 - 추돌,안전거리미확보,건조,맑음,단일로 - 기타,건설기계,남,58세,상해없음,승용,남,41세,중상
2017032500100266,2017년 3월 25일 13시,토요일,강원도 평창군 평창읍,경상사고,0,0,1,0,차대차 - 측면충돌,신호위반,젖음/습기,맑음,교차로 - 교차로안,승용,남,58세,상해없음,승용,여,49세,경상
2017032500100296,2017년 3월 25일 14시,토요일,강원도 춘천시 조양동,경상사고,0,0,2,0,차대사람 - 횡단중,기타,건조,맑음,단일로 - 기타,승용,남,63세,상해없음,보행자,여,80세,경상
2017032500100297,2017년 3월 25일 14시,토요일,강원도 홍천군 서면,경상사고,0,0,1,0,차대차 - 추돌,안전거리미확보,젖음/습기,흐림,단일로 - 기타,화물,남,57세,상해없음,화물,남,64세,경상
2017032500100298,2017년 3월 25일 14시,토요일,강원도 화천군 하남면,경상사고,0,0,1,0,차대차 - 정면충돌,교차로운행방법위반,젖음/습기,비,교차로 - 교차로안,승용,남,60세,경상,승용,남,63세,상해없음
2017032500100323,2017년 3월 25일 15시,토요일,강원도 원주시 단계동,경상사고,0,0,3,0,차대차 - 측면충돌,직진우회전진행방해,건조,맑음,교차로 - 교차로안,승용,여,56세,상해없음,승용,남,34세,경상
2017032500100346,2017년 3월 25일 16시,토요일,강원도 원주시 소초면,경상사고,0,0,1,0,차대차 - 추돌,중앙선침범,젖음/습기,비,단일로 - 기타,승용,남,56세,상해없음,승용,남,51세,경상
2017032500100347,2017년 3월 25일 16시,토요일,강원도 횡성군 안흥면,중상사고,0,3,0,0,차대차 - 측면충돌,안전운전불이행,젖음/습기,비,단일로 - 기타,화물,남,67세,상해없음,승용,남,24세,중상
2017032500100368,2017년 3월 25일 17시,토요일,강원도 춘천시 온의동,경상사고,0,0,5,0,차대차 - 측면충돌,안전거리미확보,건조,맑음,교차로 - 교차로부근,승합,남,56세,상해없음,승용,남,27세,경상
2017032500100369,2017년 3월 25일 17시,토요일,강원도 강릉시 포남동,경상사고,0,0,1,0,차대차 - 측면충돌,안전운전불이행,건조,맑음,교차로 - 교차로부근,승용,남,35세,상해없음,승합,여,46세,경상
2017032500100396,2017년 3월 25일 18시,토요일,강원도 춘천시 후평동,중상사고,0,1,0,0,차대차 - 측면충돌,안전운전불이행,젖음/습기,비,교차로 - 교차로부근,화물,남,60세,상해없음,원동기,남,33세,중상
2017032500100397,2017년 3월 25일 18시,토요일,강원도 춘천시 석사동,경상사고,0,0,2,0,차대차 - 추돌,안전운전불이행,건조,맑음,교차로 - 교차로부근,승용,남,57세,상해없음,승용,여,34세,경상
2017032500100398,2017년 3월 25일 18시,토요일,강원도 속초시 교동,경상사고,0,0,1,0,차대차 - 측면충돌,안전운전불이행,젖음/습기,비,단일로 - 지하차도(도로)내,승용,남,63세,상해없음,원동기,남,27세,경상
2017032500100399,2017년 3월 25일 18시,토요일,강원도 삼척시 남양동,중상사고,0,1,0,0,차대차 - 측면충돌,안전운전불이행,건조,맑음,단일로 - 기타,원동기,남,17세,중상,승용,남,54세,상해없음
2017032500100441,2017년 3월 25일 19시,토요일,강원도 강릉시 포남동,중상사고,0,1,0,0,차대사람 - 횡단중,안전운전불이행,젖음/습기,비,단일로 - 기타,승용,남,65세,상해없음,보행자,남,63세,중상
2017032500100481,2017년 3월 25일 20시,토요일,강원도 동해시 대구동,경상사고,0,0,2,0,차대차 - 추돌,안전거리미확보,젖음/습기,비,교차로 - 교차로부근,화물,남,38세,상해없음,승용,남,49세,경상
2017032500100584,2017년 3월 25일 23시,토요일,강원도 삼척시 교동,중상사고,0,2,1,0,차대차 - 후진중충돌,안전운전불이행,젖음/습기,흐림,기타 - 기타,승용,남,46세,상해없음,승용,남,35세,중상
2017032600100039,2017년 3월 26일 02시,일요일,강원도 춘천시 효자동,중상사고,0,1,0,0,차대사람 - 횡단중,안전운전불이행,건조,맑음,단일로 - 기타,승용,남,68세,상해없음,보행자,남,21세,중상
2017032600100040,2017년 3월 26일 02시,일요일,강원도 원주시 명륜동,중상사고,0,1,1,0,차대차 - 측면충돌,안전운전불이행,건조,맑음,교차로 - 교차로안,승합,남,37세,기타불명,승용,남,56세,중상
2017032600100093,2017년 3월 26일 07시,일요일,강원도 양양군 양양읍,경상사고,0,0,1,0,차대차 - 측면충돌,안전운전불이행,건조,맑음,단일로 - 기타,승용,여,68세,상해없음,승용,여,74세,경상
2017032600100114,2017년 3월 26일 09시,일요일,강원도 강릉시 노암동,중상사고,0,2,0,0,차대차 - 측면충돌,안전운전불이행,건조,맑음,교차로 - 교차로안,승용,남,79세,상해없음,승용,남,37세,기타불명
2017032600100147,2017년 3월 26일 11시,일요일,강원도 춘천시 남산면,중상사고,0,1,0,0,차대차 - 측면충돌,직진우회전진행방해,건조,맑음,교차로 - 교차로안,승용,남,56세,상해없음,자전거,남,69세,중상
2017032600100148,2017년 3월 26일 11시,일요일,강원도 원주시 봉산동,중상사고,0,1,2,0,차대차 - 측면충돌,안전운전불이행,건조,맑음,단일로 - 기타,승용,남,56세,중상,승용,남,47세,경상
2017032600100149,2017년 3월 26일 11시,일요일,강원도 홍천군 남면,경상사고,0,0,1,0,차대사람 - 기타,기타,건조,맑음,단일로 - 기타,승합,남,58세,상해없음,보행자,여,65세,경상
2017032600100163,2017년 3월 26일 12시,일요일,강원도 원주시 무실동,경상사고,0,0,2,0,차대차 - 추돌,안전운전불이행,건조,맑음,단일로 - 기타,승용,남,30세,기타불명,승용,남,26세,경상
2017032600100214,2017년 3월 26일 14시,일요일,강원도 평창군 평창읍,경상사고,0,0,2,0,차대차 - 추돌,안전거리미확보,건조,맑음,단일로 - 기타,승용,남,51세,상해없음,승용,남,31세,경상
2017032600100304,2017년 3월 26일 18시,일요일,강원도 춘천시 후평동,경상사고,0,0,1,1,차대차 - 정면충돌,안전운전불이행,건조,맑음,단일로 - 기타,승합,남,69세,상해없음,승용,남,45세,경상
2017032600100305,2017년 3월 26일 18시,일요일,강원도 원주시 태장동,중상사고,0,1,0,0,차대차 - 측면충돌,안전운전불이행,건조,맑음,단일로 - 기타,승용,남,66세,상해없음,이륜,남,31세,중상
2017032600100326,2017년 3월 26일 19시,일요일,강원도 춘천시 죽림동,중상사고,0,1,0,0,차대사람 - 횡단중,안전운전불이행,젖음/습기,비,단일로 - 기타,승용,여,27세,상해없음,보행자,여,62세,중상
2017032600100327,2017년 3월 26일 19시,일요일,강원도 원주시 명륜동,부상신고사고,0,0,0,1,차대차 - 측면충돌,차로위반,건조,맑음,교차로 - 교차로안,승용,남,33세,상해없음,승용,남,30세,부상신고
2017032600100386,2017년 3월 26일 21시,일요일,강원도 원주시 단구동,경상사고,0,0,1,0,차대차 - 측면충돌,차로위반,건조,맑음,단일로 - 기타,승용,남,21세,상해없음,승용,남,56세,상해없음
2017032600100387,2017년 3월 26일 21시,일요일,강원도 평창군 대화면,경상사고,0,0,1,0,차량단독 - 도로외이탈 - 추락,안전운전불이행,젖음/습기,비,단일로 - 기타,화물,남,68세,경상,,,,
2017032600100410,2017년 3월 26일 22시,일요일,강원도 원주시 단계동,중상사고,0,1,1,0,차대차 - 측면충돌,안전운전불이행,건조,맑음,단일로 - 기타,승합,남,53세,상해없음,승용,남,53세,경상
2017032600100425,2017년 3월 26일 23시,일요일,강원도 강릉시 내곡동,경상사고,0,0,1,0,차대사람 - 횡단중,중앙선침범,건조,맑음,교차로 - 교차로안,승용,남,60세,상해없음,보행자,남,18세,경상
2017032700100030,2017년 3월 27일 01시,월요일,강원도 영월군 영월읍,중상사고,0,1,0,0,차대차 - 기타,교차로운행방법위반,젖음/습기,비,교차로 - 교차로안,화물,남,30세,상해없음,승용,남,25세,중상
2017032700100046,2017년 3월 27일 04시,월요일,강원도 춘천시 석사동,경상사고,0,0,2,0,차대차 - 측면충돌,교차로운행방법위반,건조,맑음,교차로 - 교차로안,승용,남,70세,상해없음,승용,여,57세,경상
2017032700100056,2017년 3월 27일 05시,월요일,강원도 강릉시 포남동,경상사고,0,0,2,0,차대차 - 측면충돌,안전운전불이행,건조,맑음,교차로 - 교차로안,승용,남,54세,상해없음,승용,남,79세,경상
2017032700100154,2017년 3월 27일 10시,월요일,강원도 동해시 북평동,경상사고,0,0,1,0,차대차 - 측면충돌,직진우회전진행방해,건조,맑음,교차로 - 교차로안,승합,여,44세,상해없음,자전거,남,64세,경상
2017032700100180,2017년 3월 27일 11시,월요일,강원도 춘천시 효자동,경상사고,0,0,1,0,차대차 - 측면충돌,교차로운행방법위반,건조,맑음,교차로 - 교차로안,승용,여,54세,상해없음,이륜,남,33세,경상
2017032700100181,2017년 3월 27일 11시,월요일,강원도 춘천시 남산면,중상사고,0,1,3,0,차대차 - 측면충돌,교차로운행방법위반,건조,흐림,교차로 - 교차로안,승용,남,39세,상해없음,승합,남,52세,경상
2017032700100196,2017년 3월 27일 12시,월요일,강원도 춘천시 퇴계동,경상사고,0,0,4,0,차대차 - 추돌,안전운전불이행,건조,맑음,교차로 - 교차로부근,승용,남,52세,상해없음,승용,남,35세,경상
2017032700100197,2017년 3월 27일 12시,월요일,강원도 춘천시 후평동,경상사고,0,0,1,0,차대차 - 추돌,안전운전불이행,건조,맑음,교차로 - 교차로부근,승용,여,44세,상해없음,승용,남,62세,경상
2017032700100198,2017년 3월 27일 12시,월요일,강원도 속초시 금호동,경상사고,0,0,1,0,차대사람 - 횡단중,신호위반,건조,맑음,단일로 - 기타,승용,여,36세,상해없음,보행자,여,26세,경상
2017032700100199,2017년 3월 27일 12시,월요일,강원도 홍천군 내촌면,중상사고,0,2,0,0,차량단독 - 전도전복 - 전도,안전운전불이행,건조,맑음,단일로 - 기타,승용,여,49세,중상,,,,
2017032700100225,2017년 3월 27일 13시,월요일,강원도 춘천시 효자동,중상사고,0,1,0,0,차대차 - 측면충돌,교차로운행방법위반,건조,맑음,교차로 - 교차로안,승용,남,28세,상해없음,이륜,남,57세,중상
2017032700100226,2017년 3월 27일 13시,월요일,강원도 원주시 학성동,중상사고,0,1,0,0,차대차 - 측면충돌,안전운전불이행,건조,맑음,단일로 - 기타,승용,남,79세,상해없음,자전거,남,71세,중상
2017032700100297,2017년 3월 27일 15시,월요일,강원도 강릉시 성산면,중상사고,0,1,0,0,차대차 - 정면충돌,안전운전불이행,젖음/습기,맑음,단일로 - 기타,화물,남,60세,상해없음,화물,남,35세,중상
2017032700100322,2017년 3월 27일 16시,월요일,강원도 원주시 단계동,경상사고,0,0,2,0,차대차 - 측면충돌,교차로운행방법위반,젖음/습기,비,교차로 - 교차로안,승용,여,20세,경상,승용,남,64세,경상