사고번호,사고일시,요일,시군구,사고내용,사망자수,중상자수,경상자수,부상신고자수,사고유형,법규위반,노면상태,기상상태,도로형태,가해운전자 차종,가해운전자 성별,가해운전자 연령,가해운전자 상해정도,피해운전자 차종,피해운전자 성별,피해운전자 연령,피해운전자 상해정도
2017040200100378,2017년 4월 2일 18시,일요일,강원도 철원군 갈말읍,중상사고,0,2,0,0,차대차 - 측면충돌,신호위반,건조,맑음,교차로 - 교차로안,승용,남,44세,상해없음,승용,남,25세,중상
2017040200100379,2017년 4월 2일 18시,일요일,강원도 강릉시 옥계면,사망사고,1,0,0,0,차량단독 - 전도전복 - 전도,안전운전불이행,건조,맑음,단일로 - 기타,화물,남,33세,사망,,,,
2017040200100404,2017년 4월 2일 19시,일요일,강원도 원주시 우산동,경상사고,0,0,2,0,차대차 - 측면충돌,직진우회전진행방해,건조,맑음,교차로 - 교차로안,화물,여,57세,경상,승용,남,43세,경상
2017040200100405,2017년 4월 2일 19시,일요일,강원도 원주시 단구동,경상사고,0,0,1,0,차대차 - 추돌,직진우회전진행방해,건조,맑음,교차로 - 교차로안,승용,여,28세,상해없음,승용,여,61세,경상
2017040200100406,2017년 4월 2일 19시,일요일,강원도 철원군 김화읍,중상사고,0,1,0,0,차대차 - 측면충돌,중앙선침범,건조,맑음,단일로 - 기타,화물,남,47세,상해없음,승합,남,20세,중상
2017040200100425,2017년 4월 2일 20시,일요일,강원도 원주시 단구동,경상사고,0,0,2,0,차대차 - 측면충돌,안전운전불이행,건조,맑음,교차로 - 교차로안,승용,남,51세,상해없음,승용,남,43세,경상
2017040200100465,2017년 4월 2일 22시,일요일,강원도 원주시 무실동,부상신고사고,0,0,0,1,차대차 - 측면충돌,안전운전불이행,건조,맑음,교차로 - 교차로횡단보도내,승용,남,68세,상해없음,승용,남,29세,부상신고
2017040300100054,2017년 4월 3일 05시,월요일,강원도 원주시 단구동,경상사고,0,0,2,0,차대차 - 측면충돌,신호위반,건조,맑음,교차로 - 교차로안,승용,남,43세,상해없음,승용,여,64세,경상
2017040300100064,2017년 4월 3일 06시,월요일,강원도 강릉시 홍제동,중상사고,0,1,0,0,차대사람 - 횡단중,안전운전불이행,건조,맑음,교차로 - 교차로안,이륜,남,22세,상해없음,보행자,여,75세,중상
2017040300100118,2017년 4월 3일 08시,월요일,강원도 춘천시 중앙로2가,경상사고,0,0,2,0,차대차 - 측면충돌,안전거리미확보,건조,맑음,단일로 - 기타,건설기계,남,66세,상해없음,승용,남,24세,경상
2017040300100119,2017년 4월 3일 08시,월요일,강원도 춘천시 우두동,경상사고,0,0,2,0,차대차 - 측면충돌,안전운전불이행,건조,맑음,교차로 - 교차로부근,승용,남,44세,상해없음,승용,남,53세,경상
2017040300100120,2017년 4월 3일 08시,월요일,강원도 춘천시 석사동,경상사고,0,0,4,0,차대차 - 측면충돌,안전거리미확보,건조,맑음,교차로 - 교차로부근,화물,남,24세,상해없음,승용,여,30세,경상
2017040300100121,2017년 4월 3일 08시,월요일,강원도 양양군 양양읍,경상사고,0,0,1,0,차대차 - 측면충돌,교차로운행방법위반,건조,맑음,교차로 - 교차로안,승용,남,39세,상해없음,자전거,남,14세,경상
2017040300100218,2017년 4월 3일 11시,월요일,강원도 삼척시 사직동,경상사고,0,0,3,0,차대차 - 측면충돌,안전운전불이행,건조,맑음,단일로 - 기타,승용,여,45세,상해없음,승용,남,41세,경상
2017040300100275,2017년 4월 3일 13시,월요일,강원도 강릉시 임당동,경상사고,0,0,2,0,차대차 - 추돌,안전운전불이행,건조,맑음,단일로 - 기타,화물,남,59세,상해없음,승합,남,42세,경상
2017040300100308,2017년 4월 3일 14시,월요일,강원도 홍천군 홍천읍,경상사고,0,0,1,0,차대차 - 기타,신호위반,건조,맑음,교차로 - 교차로안,승용,남,80세,상해없음,승용,남,48세,경상
2017040300100338,2017년 4월 3일 15시,월요일,강원도 태백시 화전동,중상사고,0,2,0,0,차대차 - 측면충돌,신호위반,건조,맑음,교차로 - 교차로안,승용,남,74세,상해없음,승용,남,66세,중상
2017040300100339,2017년 4월 3일 15시,월요일,강원도 동해시 지흥동,경상사고,0,0,1,0,차대사람 - 횡단중,보행자보호의무위반,건조,맑음,교차로 - 교차로횡단보도내,승용,여,26세,상해없음,보행자,여,7세,경상
2017040300100372,2017년 4월 3일 16시,월요일,강원도 춘천시 후평동,경상사고,0,0,1,0,차대차 - 측면충돌,안전운전불이행,건조,맑음,단일로 - 기타,승용,남,43세,상해없음,승용,남,24세,경상
2017040300100373,2017년 4월 3일 16시,월요일,강원도 춘천시 퇴계동,경상사고,0,0,2,0,차대차 - 측면충돌,신호위반,건조,맑음,교차로 - 교차로횡단보도내,승용,남,78세,상해없음,이륜,남,75세,경상
2017040300100374,2017년 4월 3일 16시,월요일,강원도 강릉시 포남동,경상사고,0,0,1,0,차대차 - 측면충돌,안전운전불이행,건조,맑음,교차로 - 교차로안,승용,여,45세,상해없음,자전거,남,12세,경상
2017040300100375,2017년 4월 3일 16시,월요일,강원도 홍천군 화촌면,부상신고사고,0,0,0,1,차량단독 - 전도전복 - 전도,안전운전불이행,건조,맑음,단일로 - 기타,이륜,남,37세,상해없음,,,,
2017040300100449,2017년 4월 3일 18시,월요일,강원도 강릉시 사천면,경상사고,0,0,1,0,차대차 - 정면충돌,안전운전불이행,건조,맑음,교차로 - 교차로안,승용,남,59세,상해없음,승용,남,71세,경상
2017040300100486,2017년 4월 3일 19시,월요일,강원도 평창군 대화면,경상사고,0,0,1,0,차대차 - 측면충돌,중앙선침범,건조,맑음,단일로 - 기타,화물,남,73세,상해없음,화물,남,45세,경상
2017040300100487,2017년 4월 3일 19시,월요일,강원도 횡성군 횡성읍,사망사고,1,0,0,0,차대차 - 추돌,안전운전불이행,건조,맑음,교차로 - 교차로안,승합,남,59세,상해없음,사륜오토바이(ATV),남,77세,사망
2017040300100488,2017년 4월 3일 19시,월요일,강원도 철원군 동송읍,경상사고,0,0,1,0,차대사람 - 횡단중,안전운전불이행,건조,맑음,교차로 - 교차로부근,화물,남,66세,상해없음,보행자,여,70세,경상
2017040300100582,2017년 4월 3일 22시,월요일,강원도 고성군 토성면,경상사고,0,0,1,0,차대차 - 정면충돌,신호위반,건조,맑음,교차로 - 교차로안,승용,남,47세,상해없음,승용,남,59세,경상
2017040400100039,2017년 4월 4일 04시,화요일,강원도 강릉시 포남동,경상사고,0,0,1,0,차대차 - 추돌,안전운전불이행,건조,맑음,교차로 - 교차로부근,승용,남,51세,기타불명,승용,여,50세,경상
2017040400100066,2017년 4월 4일 07시,화요일,강원도 평창군 대관령면,경상사고,0,0,1,0,차대차 - 측면충돌,안전운전불이행,건조,맑음,단일로 - 기타,건설기계,남,49세,상해없음,건설기계,남,59세,경상
2017040400100067,2017년 4월 4일 07시,화요일,강원도 철원군 갈말읍,경상사고,0,0,1,0,차대차 - 측면충돌,안전운전불이행,건조,맑음,교차로 - 교차로안,승용,남,67세,상해없음,승용,남,27세,상해없음
2017040400100068,2017년 4월 4일 07시,화요일,강원도 동해시 천곡동,경상사고,0,0,2,0,차대차 - 측면충돌,교차로운행방법위반,건조,맑음,교차로 - 교차로안,승용,남,62세,상해없음,승용,남,55세,경상
2017040400100102,2017년 4월 4일 08시,화요일,강원도 동해시 동회동,부상신고사고,0,0,0,1,차대사람 - 보도통행중,안전운전불이행,건조,맑음,단일로 - 기타,자전거,남,12세,상해없음,보행자,남,82세,부상신고
2017040400100170,2017년 4월 4일 10시,화요일,강원도 춘천시 효자동,중상사고,0,1,0,0,차대사람 - 횡단중,보행자보호의무위반,건조,맑음,단일로 - 기타,승용,남,49세,상해없음,보행자,여,65세,중상
2017040400100171,2017년 4월 4일 10시,화요일,강원도 홍천군 동면,경상사고,0,0,1,0,차대차 - 측면충돌,안전운전불이행,건조,맑음,단일로 - 기타,승용,남,60세,상해없음,자전거,남,59세,경상
2017040400100187,2017년 4월 4일 11시,화요일,강원도 원주시 단계동,경상사고,0,0,2,0,차대차 - 측면충돌,신호위반,건조,맑음,교차로 - 교차로안,승용,남,73세,상해없음,승용,여,25세,경상
2017040400100188,2017년 4월 4일 11시,화요일,강원도 원주시 명륜동,경상사고,0,0,1,0,차대차 - 측면충돌,교차로운행방법위반,건조,맑음,교차로 - 교차로안,승용,여,39세,상해없음,승용,여,58세,경상
2017040400100189,2017년 4월 4일 11시,화요일,강원도 정선군 여량면,사망사고,1,0,0,0,차량단독 - 전도전복 - 전복,안전운전불이행,건조,맑음,단일로 - 기타,화물,남,38세,사망,,,,
2017040400100247,2017년 4월 4일 13시,화요일,강원도 원주시 단구동,중상사고,0,1,1,0,차대차 - 측면충돌,신호위반,건조,맑음,교차로 - 교차로안,승용,여,42세,상해없음,승용,남,58세,중상
2017040400100248,2017년 4월 4일 13시,화요일,강원도 인제군 남면,중상사고,0,2,3,0,차대차 - 정면충돌,안전운전불이행,건조,맑음,교차로 - 교차로부근,승용,여,49세,상해없음,승용,여,39세,경상
2017040400100273,2017년 4월 4일 14시,화요일,강원도 고성군 토성면,경상사고,0,0,3,0,차대차 - 정면충돌,안전거리미확보,건조,맑음,기타 - 기타,건설기계,남,54세,상해없음,승용,남,49세,경상
2017040400100274,2017년 4월 4일 14시,화요일,강원도 동해시 북평동,경상사고,0,0,1,0,차대차 - 추돌,안전거리미확보,건조,맑음,교차로 - 교차로부근,승용,남,22세,상해없음,승용,남,53세,경상
2017040400100299,2017년 4월 4일 15시,화요일,강원도 강릉시 교동,경상사고,0,0,1,0,차대사람 - 횡단중,안전운전불이행,건조,맑음,단일로 - 기타,승용,여,33세,상해없음,보행자,여,68세,경상
2017040400100300,2017년 4월 4일 15시,화요일,강원도 강릉시 포남동,중상사고,0,1,0,0,차대차 - 측면충돌,신호위반,건조,맑음,교차로 - 교차로횡단보도내,승용,여,71세,상해없음,자전거,남,77세,중상
2017040400100334,2017년 4월 4일 16시,화요일,강원도 춘천시 우두동,경상사고,0,0,1,0,차대차 - 측면충돌,안전운전불이행,건조,맑음,단일로 - 기타,기타불명,기타불명,미분류,기타불명,자전거,남,11세,경상
2017040400100335,2017년 4월 4일 16시,화요일,강원도 삼척시 도계읍,중상사고,0,1,0,0,차량단독 - 전도전복 - 전도,안전운전불이행,건조,맑음,단일로 - 기타,화물,남,52세,중상,,,,
2017040400100372,2017년 4월 4일 17시,화요일,강원도 춘천시 퇴계동,경상사고,0,0,1,0,차대차 - 추돌,안전거리미확보,건조,맑음,단일로 - 기타,승용,남,56세,상해없음,승용,남,35세,경상
2017040400100415,2017년 4월 4일 19시,화요일,강원도 원주시 중앙동,부상신고사고,0,0,0,1,차대사람 - 보도통행중,안전운전불이행,건조,맑음,기타 - 기타,기타불명,남,63세,상해없음,보행자,남,48세,부상신고
2017040400100438,2017년 4월 4일 20시,화요일,강원도 인제군 인제읍,경상사고,0,0,2,0,차대차 - 정면충돌,중앙선침범,건조,맑음,기타 - 기타,승용,남,62세,상해없음,승용,남,48세,경상
2017040400100439,2017년 4월 4일 20시,화요일,강원도 동해시 천곡동,중상사고,0,1,0,0,차대사람 - 횡단중,안전운전불이행,건조,맑음,단일로 - 기타,화물,남,55세,상해없음,보행자,남,9세,중상
2017040400100468,2017년 4월 4일 21시,화요일,강원도 원주시 단구동,경상사고,0,0,1,0,차대차 - 측면충돌,신호위반,건조,맑음,교차로 - 교차로안,승용,남,43세,상해없음,이륜,남,19세,경상
2017040400100469,2017년 4월 4일 21시,화요일,강원도 속초시 조양동,경상사고,0,0,2,0,차대차 - 추돌,안전운전불이행,건조,맑음,단일로 - 기타,화물,남,52세,상해없음,승용,여,19세,경상
2017040500100092,2017년 4월 5일 07시,수요일,강원도 원주시 반곡동,경상사고,0,0,1,0,차대사람 - 횡단중,안전운전불이행,건조,맑음,단일로 - 기타,승용,남,44세,상해없음,보행자,여,18세,경상
2017040500100110,2017년 4월 5일 08시,수요일,강원도 춘천시 북산면,중상사고,0,1,0,0,차대사람 - 횡단중,안전운전불이행,건조,맑음,단일로 - 기타,승용,남,73세,상해없음,보행자,여,78세,중상
2017040500100111,2017년 4월 5일 08시,수요일,강원도 원주시 무실동,경상사고,0,0,3,0,차대차 - 측면충돌,직진우회전진행방해,건조,흐림,교차로 - 교차로안,승용,여,47세,경상,승용,남,50세,경상
2017040500100112,2017년 4월 5일 08시,수요일,강원도 원주시 태장동,경상사고,0,0,3,0,차대차 - 측면충돌,불법유턴,건조,맑음,단일로 - 기타,승용,남,70세,상해없음,승용,남,31세,경상
2017040500100113,2017년 4월 5일 08시,수요일,강원도 평창군 미탄면,중상사고,0,1,1,0,차대차 - 측면충돌,안전운전불이행,건조,흐림,교차로 - 교차로안,화물,남,69세,상해없음,승용,남,83세,경상
2017040500100140,2017년 4월 5일 09시,수요일,강원도 양양군 양양읍,경상사고,0,0,1,0,차대차 - 측면충돌,직진우회전진행방해,건조,맑음,교차로 - 교차로안,승합,남,27세,상해없음,승용,남,59세,경상
2017040500100167,2017년 4월 5일 10시,수요일,강원도 고성군 현내면,중상사고,0,1,1,0,차대사람 - 기타,안전운전불이행,건조,맑음,단일로 - 기타,승용,여,59세,경상,보행자,남,64세,중상
2017040500100270,2017년 4월 5일 14시,수요일,강원도 속초시 조양동,경상사고,0,0,1,0,차대차 - 측면충돌,직진우회전진행방해,젖음/습기,비,교차로 - 교차로안,승용,여,61세,상해없음,승용,여,44세,경상
2017040500100301,2017년 4월 5일 15시,수요일,강원도 원주시 지정면,경상사고,0,0,2,0,차량단독 - 전도전복 - 전도,안전운전불이행,건조,흐림,교차로 - 교차로안,승용,남,45세,경상,,,,
2017040500100338,2017년 4월 5일 16시,수요일,강원도 정선군 남면,중상사고,0,2,0,0,차대차 - 측면충돌,안전운전불이행,젖음/습기,흐림,단일로 - 기타,승용,남,54세,상해없음,승용,남,65세,중상
2017040500100373,2017년 4월 5일 17시,수요일,강원도 원주시 무실동,중상사고,0,1,1,0,차대차 - 측면충돌,신호위반,젖음/습기,비,교차로 - 교차로안,승합,남,55세,상해없음,화물,남,45세,경상
2017040500100374,2017년 4월 5일 17시,수요일,강원도 평창군 진부면,경상사고,0,0,1,0,차대사람 - 횡단중,안전운전불이행,젖음/습기,비,단일로 - 기타,화물,여,50세,상해없음,보행자,여,86세,경상
2017040500100422,2017년 4월 5일 18시,수요일,강원도 춘천시 퇴계동,경상사고,0,0,2,0,차대차 - 정면충돌,중앙선침범,젖음/습기,비,교차로 - 교차로부근,승용,남,58세,상해없음,승용,남,46세,경상
2017040500100423,2017년 4월 5일 18시,수요일,강원도 원주시 문막읍,경상사고,0,0,4,0,차대차 - 측면충돌,안전운전불이행,젖음/습기,비,단일로 - 기타,승용,여,33세,상해없음,승용,남,60세,경상
2017040500100579,2017년 4월 5일 21시,수요일,강원도 원주시 원동,경상사고,0,0,1,0,차대사람 - 횡단중,보행자보호의무위반,건조,맑음,단일로 - 기타,승용,남,52세,상해없음,보행자,남,15세,경상
2017040500100639,2017년 4월 5일 22시,수요일,강원도 양양군 양양읍,경상사고,0,0,1,0,차대차 - 측면충돌,교차로운행방법위반,젖음/습기,비,교차로 - 교차로안,승용,여,23세,상해없음,이륜,남,19세,경상
2017040500100685,2017년 4월 5일 23시,수요일,강원도 원주시 귀래면,경상사고,0,0,1,1,차대차 - 측면충돌,안전운전불이행,건조,맑음,단일로 - 기타,승용,남,54세,부상신고,화물,남,59세,경상
2017040600100029,2017년 4월 6일 00시,목요일,강원도 춘천시 효자동,경상사고,0,0,1,0,차대차 - 측면충돌,안전운전불이행,적설,비,교차로 - 교차로부근,승용,남,42세,상해없음,승용,여,52세,경상
2017040600100030,2017년 4월 6일 00시,목요일,강원도 원주시 흥업면,경상사고,0,0,1,0,차대차 - 후진중충돌,안전운전불이행,건조,기타,주차장 - 주차장,승용,남,42세,상해없음,승용,남,36세,경상
2017040600100061,2017년 4월 6일 01시,목요일,강원도 원주시 태장동,중상사고,0,1,0,0,차대사람 - 횡단중,안전운전불이행,젖음/습기,비,단일로 - 기타,승용,남,38세,상해없음,보행자,남,57세,중상
2017040600100102,2017년 4월 6일 04시,목요일,강원도 원주시 태장동,중상사고,0,1,0,0,차대차 - 측면충돌,중앙선침범,건조,맑음,단일로 - 기타,승용,남,37세,상해없음,승용,남,43세,중상
2017040600100259,2017년 4월 6일 11시,목요일,강원도 원주시 단계동,부상신고사고,0,0,0,1,차대사람 - 횡단중,안전운전불이행,건조,맑음,단일로 - 기타,화물,남,62세,상해없음,보행자,남,70세,부상신고
2017040600100260,2017년 4월 6일 11시,목요일,강원도 삼척시 오분동,중상사고,0,1,0,0,차대차 - 측면충돌,안전운전불이행,건조,흐림,단일로 - 기타,화물,남,58세,상해없음,자전거,남,78세,중상
2017040600100261,2017년 4월 6일 11시,목요일,강원도 영월군 영월읍,경상사고,0,0,2,0,차대차 - 기타,불법유턴,젖음/습기,흐림,주차장 - 주차장,승용,남,44세,경상,승용,남,68세,경상
2017040600100283,2017년 4월 6일 12시,목요일,강원도 강릉시 교동,중상사고,0,1,1,0,차대차 - 측면충돌,안전운전불이행,건조,맑음,교차로 - 교차로안,이륜,남,68세,경상,승용,남,41세,상해없음
2017040600100310,2017년 4월 6일 13시,목요일,강원도 속초시 교동,경상사고,0,0,2,1,차대차 - 추돌,안전거리미확보,건조,맑음,교차로 - 교차로부근,승용,남,62세,상해없음,승용,남,31세,경상
2017040600100342,2017년 4월 6일 14시,목요일,강원도 원주시 단계동,경상사고,0,0,1,0,차대차 - 측면충돌,안전운전불이행,건조,맑음,교차로 - 교차로안,승용,남,66세,상해없음,승용,여,33세,경상
2017040600100343,2017년 4월 6일 14시,목요일,강원도 양양군 양양읍,경상사고,0,0,1,0,차대차 - 측면충돌,안전운전불이행,건조,맑음,기타 - 기타,승용,남,36세,상해없음,이륜,남,23세,경상
2017040600100368,2017년 4월 6일 15시,목요일,강원도 춘천시 석사동,경상사고,0,0,1,0,차대차 - 측면충돌,안전운전불이행,건조,맑음,단일로 - 기타,승용,남,49세,상해없음,승용,여,30세,경상
2017040600100369,2017년 4월 6일 15시,목요일,강원도 원주시 태장동,중상사고,0,1,0,0,차대사람 - 횡단중,안전운전불이행,건조,맑음,기타 - 기타,화물,남,44세,상해없음,보행자,남,73세,중상
2017040600100370,2017년 4월 6일 15시,목요일,강원도 영월군 주천면,경상사고,0,0,2,0,차대차 - 측면충돌,중앙선침범,건조,맑음,단일로 - 기타,승용,남,62세,상해없음,승용,남,60세,경상
2017040600100394,2017년 4월 6일 16시,목요일,강원도 원주시 봉산동,경상사고,0,0,1,0,차대사람 - 기타,안전운전불이행,건조,맑음,단일로 - 기타,승용,남,62세,상해없음,보행자,남,24세,경상
2017040600100430,2017년 4월 6일 17시,목요일,강원도 원주시 우산동,중상사고,0,1,1,0,차대차 - 측면충돌,차로위반,건조,맑음,교차로 - 교차로부근,이륜,남,66세,중상,승용,남,64세,경상
2017040600100467,2017년 4월 6일 18시,목요일,강원도 춘천시 운교동,경상사고,0,0,5,0,차대차 - 추돌,안전거리미확보,건조,맑음,단일로 - 기타,승용,여,33세,상해없음,승용,남,21세,경상
2017040600100502,2017년 4월 6일 19시,목요일,강원도 원주시 일산동,중상사고,0,1,1,0,차대차 - 추돌,안전운전불이행,건조,맑음,단일로 - 기타,화물,남,40세,상해없음,승용,남,50세,경상
2017040600100604,2017년 4월 6일 23시,목요일,강원도 삼척시 남양동,중상사고,0,1,1,0,차대차 - 측면충돌,신호위반,건조,맑음,교차로 - 교차로안,승용,남,59세,경상,승용,여,21세,중상
2017040700100084,2017년 4월 7일 07시,금요일,강원도 동해시 대구동,경상사고,0,0,1,0,차대차 - 측면충돌,안전거리미확보,건조,맑음,단일로 - 기타,건설기계,남,52세,상해없음,승용,남,61세,경상
2017040700100149,2017년 4월 7일 09시,금요일,강원도 철원군 갈말읍,중상사고,0,2,0,0,차대차 - 측면충돌,직진우회전진행방해,건조,맑음,교차로 - 교차로안,승용,여,54세,중상,승합,여,51세,중상
2017040700100181,2017년 4월 7일 10시,금요일,강원도 화천군 상서면,경상사고,0,0,1,0,차대차 - 측면충돌,중앙선침범,건조,맑음,단일로 - 기타,화물,남,73세,상해없음,승용,여,30세,경상
2017040700100182,2017년 4월 7일 10시,금요일,강원도 동해시 발한동,중상사고,0,1,0,0,차대사람 - 횡단중,안전운전불이행,건조,맑음,단일로 - 기타,이륜,남,75세,상해없음,보행자,여,85세,중상
2017040700100210,2017년 4월 7일 11시,금요일,강원도 원주시 단계동,중상사고,0,1,5,0,차대차 - 측면충돌,중앙선침범,건조,맑음,교차로 - 교차로부근,승용,여,60세,상해없음,승합,남,31세,상해없음
2017040700100211,2017년 4월 7일 11시,금요일,강원도 원주시 단구동,경상사고,0,0,1,0,차대차 - 측면충돌,안전운전불이행,건조,맑음,교차로 - 교차로안,승용,남,62세,경상,기타불명,기타불명,미분류,기타불명
2017040700100212,2017년 4월 7일 11시,금요일,강원도 삼척시 사직동,경상사고,0,0,1,0,차대차 - 측면충돌,안전운전불이행,건조,맑음,기타 - 기타,승용,남,56세,상해없음,승용,남,58세,경상
2017040700100244,2017년 4월 7일 12시,금요일,강원도 강릉시 저동,경상사고,0,0,2,0,차대차 - 추돌,안전운전불이행,건조,맑음,교차로 - 교차로안,화물,남,61세,상해없음,승용,남,50세,경상
2017040700100245,2017년 4월 7일 12시,금요일,강원도 홍천군 홍천읍,사망사고,1,0,0,0,차대차 - 정면충돌,안전운전불이행,건조,맑음,단일로 - 기타,승용,남,79세,상해없음,승용,남,78세,상해없음
2017040700100276,2017년 4월 7일 13시,금요일,강원도 속초시 조양동,경상사고,0,0,1,0,차량단독 - 공작물충돌,안전운전불이행,건조,맑음,단일로 - 기타,승용,남,53세,상해없음,,,,
2017040700100310,2017년 4월 7일 14시,금요일,강원도 춘천시 근화동,경상사고,0,0,1,0,차대차 - 추돌,안전거리미확보,건조,맑음,단일로 - 기타,건설기계,남,50세,상해없음,화물,남,43세,경상
2017040700100311,2017년 4월 7일 14시,금요일,강원도 춘천시 석사동,경상사고,0,0,1,0,차대사람 - 기타,안전운전불이행,건조,맑음,교차로 - 교차로안,승용,여,68세,상해없음,보행자,여,77세,경상
2017040700100312,2017년 4월 7일 14시,금요일,강원도 양구군 양구읍,경상사고,0,0,3,0,차대차 - 측면충돌,직진우회전진행방해,건조,맑음,교차로 - 교차로안,화물,남,43세,상해없음,승용,여,23세,경상
2017040700100346,2017년 4월 7일 15시,금요일,강원도 원주시 일산동,경상사고,0,0,2,0,차대차 - 측면충돌,안전거리미확보,건조,맑음,교차로 - 교차로부근,승용,남,77세,상해없음,승합,남,63세,상해없음
2017040700100347,2017년 4월 7일 15시,금요일,강원도 원주시 단구동,경상사고,0,0,1,0,차대차 - 측면충돌,교차로운행방법위반,건조,맑음,교차로 - 교차로안,승용,여,65세,상해없음,승용,여,55세,경상
2017040700100348,2017년 4월 7일 15시,금요일,강원도 동해시 동회동,중상사고,0,1,0,0,차대차 - 기타,안전운전불이행,건조,맑음,교차로 - 교차로횡단보도내,승용,여,34세,상해없음,자전거,남,14세,중상
2017040700100380,2017년 4월 7일 16시,금요일,강원도 속초시 조양동,중상사고,0,1,0,0,차대차 - 측면충돌,안전운전불이행,건조,맑음,주차장 - 주차장,승용,여,37세,상해없음,승용,남,41세,중상
2017040700100416,2017년 4월 7일 17시,금요일,강원도 동해시 쇄운동,중상사고,0,1,0,0,차대사람 - 횡단중,보행자보호의무위반,건조,맑음,교차로 - 교차로부근,승용,여,31세,상해없음,보행자,남,13세,중상
2017040700100453,2017년 4월 7일 18시,금요일,강원도 정선군 여량면,경상사고,0,0,1,0,차대사람 - 횡단중,안전운전불이행,건조,맑음,교차로 - 교차로부근,승용,남,27세,상해없음,보행자,남,13세,경상
2017040700100498,2017년 4월 7일 19시,금요일,강원도 춘천시 사농동,경상사고,0,0,1,0,차대차 - 추돌,안전운전불이행,건조,맑음,단일로 - 기타,화물,남,74세,상해없음,이륜,남,41세,경상
2017040700100499,2017년 4월 7일 19시,금요일,강원도 양양군 강현면,중상사고,0,1,0,0,차대사람 - 횡단중,안전운전불이행,건조,맑음,교차로 - 교차로안,승용,남,33세,상해없음,보행자,남,47세,중상
2017040700100538,2017년 4월 7일 20시,금요일,강원도 원주시 태장동,경상사고,0,0,2,4,차대차 - 측면충돌,안전운전불이행,건조,맑음,교차로 - 교차로안,승용,남,58세,상해없음,승용,남,37세,경상
2017040700100539,2017년 4월 7일 20시,금요일,강원도 횡성군 우천면,사망사고,1,0,0,0,차대사람 - 차도통행중,안전운전불이행,건조,맑음,단일로 - 기타,승용,남,62세,상해없음,보행자,여,75세,사망
2017040700100568,2017년 4월 7일 21시,금요일,강원도 춘천시 퇴계동,경상사고,0,0,1,0,차대사람 - 횡단중,안전운전불이행,건조,맑음,단일로 - 기타,승용,남,61세,상해없음,보행자,남,47세,경상
2017040700100569,2017년 4월 7일 21시,금요일,강원도 춘천시 퇴계동,경상사고,0,0,1,1,차대차 - 측면충돌,신호위반,건조,맑음,교차로 - 교차로횡단보도내,승용,여,24세,상해없음,자전거,남,12세,부상신고
2017040700100570,2017년 4월 7일 21시,금요일,강원도 정선군 정선읍,경상사고,0,0,1,0,차대차 - 기타,직진우회전진행방해,건조,맑음,교차로 - 교차로안,승용,남,55세,상해없음,승용,여,20세,경상
2017040700100631,2017년 4월 7일 23시,금요일,강원도 원주시 단계동,경상사고,0,0,3,0,차대차 - 측면충돌,직진우회전진행방해,건조,맑음,교차로 - 교차로안,승용,남,52세,경상,승용,남,28세,상해없음
2017040800100099,2017년 4월 8일 05시,토요일,강원도 원주시 단계동,중상사고,0,1,0,0,차대차 - 기타,안전거리미확보,건조,맑음,단일로 - 기타,승용,남,31세,상해없음,승용,남,55세,중상
2017040800100100,2017년 4월 8일 05시,토요일,강원도 동해시 이도동,경상사고,0,0,1,0,차대사람 - 횡단중,보행자보호의무위반,건조,맑음,교차로 - 교차로횡단보도내,승용,남,54세,상해없음,보행자,여,75세,경상
2017040800100134,2017년 4월 8일 07시,토요일,강원도 원주시 무실동,경상사고,0,0,1,0,차대차 - 측면충돌,안전운전불이행,건조,맑음,교차로 - 교차로안,승용,남,65세,상해없음,승용,여,51세,경상
2017040800100158,2017년 4월 8일 08시,토요일,강원도 원주시 봉산동,중상사고,0,1,0,0,차대사람 - 횡단중,안전운전불이행,건조,맑음,단일로 - 기타,승합,남,61세,상해없음,보행자,여,71세,중상
2017040800100159,2017년 4월 8일 08시,토요일,강원도 홍천군 홍천읍,중상사고,0,1,1,0,차대차 - 정면충돌,교차로운행방법위반,건조,맑음,교차로 - 교차로안,화물,남,62세,경상,승용,남,66세,중상
2017040800100203,2017년 4월 8일 10시,토요일,강원도 춘천시 퇴계동,경상사고,0,0,2,0,차대차 - 측면충돌,교차로운행방법위반,건조,맑음,교차로 - 교차로안,승용,여,45세,상해없음,승용,남,59세,경상
2017040800100204,2017년 4월 8일 10시,토요일,강원도 원주시 무실동,중상사고,0,1,6,0,차대차 - 추돌,안전거리미확보,건조,맑음,단일로 - 기타,승용,남,42세,상해없음,승용,여,40세,경상
2017040800100234,2017년 4월 8일 11시,토요일,강원도 동해시 천곡동,중상사고,0,1,0,0,차대사람 - 길가장자리구역통행중,안전운전불이행,건조,맑음,단일로 - 기타,승용,남,41세,상해없음,보행자,여,78세,중상
2017040800100262,2017년 4월 8일 12시,토요일,강원도 홍천군 홍천읍,중상사고,0,1,0,0,차대차 - 추돌,안전거리미확보,건조,맑음,교차로 - 교차로안,이륜,남,41세,중상,이륜,남,37세,상해없음
2017040800100263,2017년 4월 8일 12시,토요일,강원도 동해시 대구동,경상사고,0,0,4,0,차대차 - 추돌,안전운전불이행,건조,맑음,교차로 - 교차로안,승용,여,54세,상해없음,승용,여,52세,경상
2017040800100305,2017년 4월 8일 13시,토요일,강원도 춘천시 운교동,경상사고,0,0,1,0,차대차 - 정면충돌,중앙선침범,건조,맑음,교차로 - 교차로부근,이륜,남,24세,상해없음,이륜,남,31세,경상