사고번호,사고일시,요일,시군구,사고내용,사망자수,중상자수,경상자수,부상신고자수,사고유형,법규위반,노면상태,기상상태,도로형태,가해운전자 차종,가해운전자 성별,가해운전자 연령,가해운전자 상해정도,피해운전자 차종,피해운전자 성별,피해운전자 연령,피해운전자 상해정도
2017041300100175,2017년 4월 13일 10시,목요일,강원도 원주시 태장동,경상사고,0,0,1,0,차대차 - 추돌,안전운전불이행,건조,맑음,교차로 - 교차로부근,승용,남,49세,상해없음,승용,남,53세,경상
2017041300100176,2017년 4월 13일 10시,목요일,강원도 횡성군 횡성읍,중상사고,0,1,0,0,차대사람 - 횡단중,안전운전불이행,건조,맑음,단일로 - 기타,화물,남,65세,상해없음,보행자,여,34세,중상
2017041300100208,2017년 4월 13일 11시,목요일,강원도 홍천군 홍천읍,경상사고,0,0,1,0,차대차 - 기타,안전거리미확보,건조,맑음,단일로 - 기타,화물,남,63세,상해없음,승용,여,61세,경상
2017041300100209,2017년 4월 13일 11시,목요일,강원도 양구군 양구읍,중상사고,0,1,0,0,차대차 - 측면충돌,중앙선침범,건조,맑음,교차로 - 교차로부근,이륜,남,55세,중상,승용,남,21세,상해없음
2017041300100313,2017년 4월 13일 15시,목요일,강원도 춘천시 석사동,경상사고,0,0,1,0,차대사람 - 횡단중,보행자보호의무위반,건조,맑음,교차로 - 교차로횡단보도내,승합,남,38세,상해없음,보행자,여,11세,경상
2017041300100314,2017년 4월 13일 15시,목요일,강원도 강릉시 금학동,중상사고,0,1,0,0,차대사람 - 횡단중,안전운전불이행,건조,맑음,단일로 - 기타,승용,여,54세,상해없음,보행자,여,51세,중상
2017041300100366,2017년 4월 13일 17시,목요일,강원도 삼척시 근덕면,중상사고,0,1,0,0,차대차 - 측면충돌,중앙선침범,건조,맑음,단일로 - 기타,승용,남,54세,상해없음,자전거,남,44세,중상
2017041300100367,2017년 4월 13일 17시,목요일,강원도 홍천군 서면,경상사고,0,0,1,0,차대차 - 추돌,안전운전불이행,건조,맑음,교차로 - 교차로부근,화물,남,55세,상해없음,승용,남,26세,경상
2017041300100407,2017년 4월 13일 18시,목요일,강원도 춘천시 퇴계동,경상사고,0,0,2,0,차대차 - 측면충돌,교차로운행방법위반,건조,맑음,교차로 - 교차로안,승용,여,52세,상해없음,승용,여,43세,경상
2017041300100408,2017년 4월 13일 18시,목요일,강원도 원주시 우산동,경상사고,0,0,1,0,차대차 - 정면충돌,안전거리미확보,건조,맑음,교차로 - 교차로안,승용,여,45세,상해없음,승용,여,56세,경상
2017041300100440,2017년 4월 13일 19시,목요일,강원도 양양군 양양읍,경상사고,0,0,2,0,차대차 - 추돌,안전운전불이행,건조,맑음,단일로 - 기타,승용,남,74세,경상,승용,남,61세,경상
2017041300100476,2017년 4월 13일 20시,목요일,강원도 동해시 천곡동,경상사고,0,0,1,0,차대사람 - 횡단중,중앙선침범,건조,맑음,단일로 - 기타,승용,남,39세,상해없음,보행자,남,57세,경상
2017041300100503,2017년 4월 13일 21시,목요일,강원도 강릉시 입암동,중상사고,0,1,0,0,차대차 - 기타,신호위반,건조,맑음,단일로 - 기타,승용,여,48세,상해없음,자전거,남,10세,중상
2017041300100504,2017년 4월 13일 21시,목요일,강원도 강릉시 주문진읍,중상사고,0,1,0,0,차대차 - 정면충돌,신호위반,건조,맑음,교차로 - 교차로안,화물,남,57세,상해없음,이륜,남,77세,중상
2017041300100530,2017년 4월 13일 22시,목요일,강원도 원주시 무실동,경상사고,0,0,1,0,차대차 - 추돌,안전운전불이행,건조,맑음,교차로 - 교차로부근,승용,남,26세,상해없음,승용,남,64세,경상
2017041300100531,2017년 4월 13일 22시,목요일,강원도 속초시 조양동,경상사고,0,0,1,0,차대차 - 측면충돌,안전운전불이행,건조,맑음,단일로 - 기타,승용,남,54세,상해없음,이륜,남,40세,경상
2017041400100023,2017년 4월 14일 00시,금요일,강원도 원주시 단계동,경상사고,0,0,1,0,차대차 - 추돌,신호위반,건조,맑음,교차로 - 교차로안,승용,여,45세,상해없음,승용,남,40세,경상
2017041400100024,2017년 4월 14일 00시,금요일,강원도 원주시 흥업면,중상사고,0,1,0,1,차대차 - 측면충돌,안전운전불이행,건조,맑음,교차로 - 교차로안,승용,여,19세,부상신고,승용,남,52세,중상
2017041400100070,2017년 4월 14일 05시,금요일,강원도 강릉시 남문동,경상사고,0,0,3,0,차대차 - 측면충돌,신호위반,건조,맑음,교차로 - 교차로안,승용,남,68세,상해없음,승용,여,56세,경상
2017041400100094,2017년 4월 14일 07시,금요일,강원도 춘천시 동산면,경상사고,0,0,1,0,차대차 - 정면충돌,교차로운행방법위반,건조,맑음,교차로 - 교차로안,승용,남,78세,상해없음,승용,남,74세,경상
2017041400100095,2017년 4월 14일 07시,금요일,강원도 원주시 부론면,중상사고,0,1,0,0,차대차 - 측면충돌,중앙선침범,건조,맑음,단일로 - 기타,승용,남,48세,상해없음,승용,여,46세,중상
2017041400100096,2017년 4월 14일 07시,금요일,강원도 원주시 가현동,부상신고사고,0,0,0,1,차대차 - 측면충돌,안전운전불이행,건조,맑음,단일로 - 기타,승용,남,48세,상해없음,승용,남,46세,부상신고
2017041400100097,2017년 4월 14일 07시,금요일,강원도 태백시 황지동,경상사고,0,0,4,1,차대차 - 측면충돌,중앙선침범,건조,맑음,단일로 - 기타,승용,남,54세,상해없음,승용,남,67세,경상
2017041400100120,2017년 4월 14일 08시,금요일,강원도 춘천시 교동,중상사고,0,1,0,0,차대사람 - 차도통행중,안전운전불이행,건조,맑음,교차로 - 교차로안,화물,남,50세,상해없음,보행자,여,79세,중상
2017041400100121,2017년 4월 14일 08시,금요일,강원도 강릉시 포남동,중상사고,0,1,1,0,차대차 - 측면충돌,안전운전불이행,건조,맑음,교차로 - 교차로안,승용,남,61세,상해없음,이륜,남,36세,중상
2017041400100122,2017년 4월 14일 08시,금요일,강원도 원주시 우산동,경상사고,0,0,1,0,차대차 - 측면충돌,교차로운행방법위반,건조,맑음,교차로 - 교차로안,승용,남,73세,상해없음,승용,여,37세,경상
2017041400100123,2017년 4월 14일 08시,금요일,강원도 인제군 북면,중상사고,0,1,0,0,차대사람 - 횡단중,보행자보호의무위반,건조,맑음,교차로 - 교차로횡단보도내,승용,남,54세,상해없음,보행자,여,86세,중상
2017041400100173,2017년 4월 14일 10시,금요일,강원도 원주시 단구동,경상사고,0,0,1,0,차대사람 - 횡단중,보행자보호의무위반,건조,맑음,교차로 - 교차로안,승용,남,57세,상해없음,보행자,여,34세,경상
2017041400100174,2017년 4월 14일 10시,금요일,강원도 삼척시 갈천동,중상사고,0,2,0,0,차대차 - 추돌,안전거리미확보,건조,맑음,교차로 - 교차로부근,승용,남,23세,상해없음,승용,남,63세,중상
2017041400100221,2017년 4월 14일 12시,금요일,강원도 철원군 철원읍,경상사고,0,0,1,0,차대차 - 측면충돌,직진우회전진행방해,건조,흐림,교차로 - 교차로안,승용,남,31세,상해없음,승용,남,56세,경상
2017041400100259,2017년 4월 14일 13시,금요일,강원도 동해시 대구동,중상사고,0,1,0,0,차대차 - 측면충돌,안전운전불이행,건조,맑음,단일로 - 기타,특수,남,54세,상해없음,승용,여,33세,중상
2017041400100284,2017년 4월 14일 14시,금요일,강원도 홍천군 홍천읍,경상사고,0,0,1,0,차대사람 - 횡단중,안전운전불이행,건조,맑음,단일로 - 기타,승용,남,43세,상해없음,보행자,여,27세,경상
2017041400100386,2017년 4월 14일 17시,금요일,강원도 강릉시 교동,경상사고,0,0,1,0,차대차 - 측면충돌,안전운전불이행,젖음/습기,비,단일로 - 기타,승용,남,56세,상해없음,승용,남,51세,경상
2017041400100419,2017년 4월 14일 18시,금요일,강원도 철원군 갈말읍,중상사고,0,2,2,0,차대차 - 정면충돌,중앙선침범,젖음/습기,비,단일로 - 기타,승용,여,38세,경상,승용,남,31세,중상
2017041400100456,2017년 4월 14일 19시,금요일,강원도 태백시 문곡동,경상사고,0,0,1,0,차대차 - 추돌,안전운전불이행,건조,맑음,단일로 - 기타,화물,남,76세,상해없음,승용,남,47세,경상
2017041400100457,2017년 4월 14일 19시,금요일,강원도 평창군 진부면,중상사고,0,3,6,0,차대차 - 추돌,안전운전불이행,젖음/습기,비,단일로 - 기타,승용,남,42세,경상,승용,남,52세,경상
2017041400100522,2017년 4월 14일 21시,금요일,강원도 동해시 쇄운동,경상사고,0,0,1,0,차대사람 - 횡단중,안전운전불이행,건조,맑음,단일로 - 기타,승용,남,39세,상해없음,보행자,여,18세,경상
2017041400100576,2017년 4월 14일 23시,금요일,강원도 원주시 단계동,경상사고,0,0,1,0,차대차 - 추돌,안전운전불이행,건조,흐림,교차로 - 교차로부근,승용,남,46세,상해없음,승용,남,63세,경상
2017041500100137,2017년 4월 15일 08시,토요일,강원도 춘천시 온의동,경상사고,0,0,2,0,차대차 - 측면충돌,안전거리미확보,건조,맑음,단일로 - 기타,승용,남,36세,상해없음,승용,남,42세,경상
2017041500100138,2017년 4월 15일 08시,토요일,강원도 원주시 단계동,경상사고,0,0,1,0,차량단독 - 기타,기타,건조,맑음,단일로 - 기타,승합,남,61세,상해없음,,,,
2017041500100139,2017년 4월 15일 08시,토요일,강원도 원주시 행구동,중상사고,0,1,0,0,차대사람 - 횡단중,보행자보호의무위반,건조,맑음,교차로 - 교차로횡단보도내,승용,남,51세,상해없음,보행자,남,50세,중상
2017041500100158,2017년 4월 15일 09시,토요일,강원도 강릉시 초당동,경상사고,0,0,1,0,차대차 - 측면충돌,안전운전불이행,건조,맑음,교차로 - 교차로안,승용,여,64세,상해없음,승용,여,39세,경상
2017041500100159,2017년 4월 15일 09시,토요일,강원도 동해시 천곡동,중상사고,0,1,0,0,차대사람 - 횡단중,안전운전불이행,건조,맑음,단일로 - 기타,승용,여,42세,상해없음,보행자,남,61세,중상
2017041500100189,2017년 4월 15일 10시,토요일,강원도 속초시 조양동,경상사고,0,0,1,0,차대사람 - 횡단중,보행자보호의무위반,건조,맑음,단일로 - 기타,승용,남,59세,상해없음,보행자,남,67세,경상
2017041500100190,2017년 4월 15일 10시,토요일,강원도 인제군 북면,경상사고,0,0,1,2,차대차 - 정면충돌,안전운전불이행,건조,맑음,교차로 - 교차로안,승합,남,54세,상해없음,승용,여,42세,상해없음
2017041500100191,2017년 4월 15일 10시,토요일,강원도 동해시 효가동,부상신고사고,0,0,0,1,차대차 - 측면충돌,안전운전불이행,건조,맑음,단일로 - 기타,자전거,남,13세,부상신고,승용,여,38세,상해없음
2017041500100221,2017년 4월 15일 11시,토요일,강원도 원주시 행구동,경상사고,0,0,2,0,차대차 - 측면충돌,안전운전불이행,건조,맑음,단일로 - 기타,이륜,남,53세,경상,승용,남,33세,경상
2017041500100222,2017년 4월 15일 11시,토요일,강원도 양양군 강현면,경상사고,0,0,3,0,차대차 - 측면충돌,안전운전불이행,건조,맑음,교차로 - 교차로부근,승용,남,60세,상해없음,승용,남,51세,상해없음
2017041500100257,2017년 4월 15일 12시,토요일,강원도 강릉시 입암동,경상사고,0,0,1,0,차대사람 - 횡단중,안전운전불이행,건조,맑음,단일로 - 기타,승용,남,43세,상해없음,보행자,남,5세,경상
2017041500100258,2017년 4월 15일 12시,토요일,강원도 동해시 천곡동,중상사고,0,1,0,0,차대차 - 측면충돌,직진우회전진행방해,건조,맑음,교차로 - 교차로안,승용,여,36세,상해없음,이륜,남,19세,중상
2017041500100299,2017년 4월 15일 13시,토요일,강원도 강릉시 교동,경상사고,0,0,3,0,차대차 - 측면충돌,안전운전불이행,건조,맑음,교차로 - 교차로안,화물,여,74세,상해없음,승용,여,39세,경상
2017041500100300,2017년 4월 15일 13시,토요일,강원도 원주시 호저면,경상사고,0,0,1,0,차대차 - 측면충돌,안전운전불이행,건조,맑음,단일로 - 기타,승합,남,50세,상해없음,건설기계,남,25세,경상
2017041500100301,2017년 4월 15일 13시,토요일,강원도 홍천군 홍천읍,중상사고,0,1,2,0,차대차 - 추돌,안전운전불이행,건조,맑음,교차로 - 교차로부근,승용,여,35세,중상,승용,남,47세,경상
2017041500100344,2017년 4월 15일 14시,토요일,강원도 춘천시 퇴계동,경상사고,0,0,1,0,차대사람 - 횡단중,안전운전불이행,건조,맑음,단일로 - 기타,승용,여,40세,상해없음,보행자,여,15세,경상
2017041500100345,2017년 4월 15일 14시,토요일,강원도 춘천시 퇴계동,부상신고사고,0,0,0,1,차대차 - 추돌,안전운전불이행,건조,맑음,단일로 - 기타,승용,여,53세,상해없음,화물,남,35세,부상신고
2017041500100346,2017년 4월 15일 14시,토요일,강원도 홍천군 남면,중상사고,0,2,0,0,차대차 - 정면충돌,직진우회전진행방해,건조,맑음,교차로 - 교차로안,승용,남,21세,상해없음,화물,남,59세,중상
2017041500100347,2017년 4월 15일 14시,토요일,강원도 동해시 동회동,경상사고,0,0,1,0,차대사람 - 기타,안전운전불이행,건조,맑음,주차장 - 주차장,승용,남,46세,상해없음,보행자,남,62세,경상
2017041500100383,2017년 4월 15일 15시,토요일,강원도 원주시 흥업면,중상사고,0,1,0,0,차대차 - 측면충돌,신호위반,건조,맑음,교차로 - 교차로안,승용,남,74세,상해없음,원동기,남,55세,중상
2017041500100415,2017년 4월 15일 16시,토요일,강원도 원주시 단구동,경상사고,0,0,1,0,차대차 - 측면충돌,기타,건조,맑음,단일로 - 기타,승용,남,57세,상해없음,승용,여,50세,경상
2017041500100461,2017년 4월 15일 17시,토요일,강원도 춘천시 칠전동,중상사고,0,1,3,0,차대차 - 측면충돌,중앙선침범,건조,맑음,단일로 - 기타,승용,여,25세,상해없음,승용,남,55세,상해없음
2017041500100530,2017년 4월 15일 19시,토요일,강원도 삼척시 성북동,경상사고,0,0,1,0,차대차 - 기타,안전운전불이행,건조,맑음,교차로 - 교차로안,승용,남,65세,상해없음,이륜,남,48세,경상
2017041500100616,2017년 4월 15일 22시,토요일,강원도 원주시 무실동,경상사고,0,0,2,0,차대차 - 측면충돌,안전운전불이행,건조,맑음,단일로 - 기타,승합,남,59세,상해없음,승용,여,35세,기타불명
2017041600100024,2017년 4월 16일 00시,일요일,강원도 원주시 단구동,경상사고,0,0,2,0,차대차 - 측면충돌,신호위반,건조,맑음,교차로 - 교차로안,승용,남,58세,상해없음,승용,남,64세,경상
2017041600100168,2017년 4월 16일 11시,일요일,강원도 양양군 서면,중상사고,0,2,0,0,차대차 - 측면충돌,안전운전불이행,건조,맑음,교차로 - 교차로안,승용,남,62세,중상,이륜,남,53세,중상
2017041600100169,2017년 4월 16일 11시,일요일,강원도 삼척시 근덕면,중상사고,0,1,2,0,차대차 - 측면충돌,직진우회전진행방해,건조,맑음,교차로 - 교차로안,화물,여,52세,상해없음,승용,남,39세,상해없음
2017041600100189,2017년 4월 16일 12시,일요일,강원도 강릉시 교동,경상사고,0,0,4,0,차대차 - 추돌,안전운전불이행,건조,맑음,단일로 - 기타,승용,여,35세,상해없음,승용,여,27세,경상
2017041600100219,2017년 4월 16일 13시,일요일,강원도 춘천시 동면,경상사고,0,0,1,0,차대사람 - 횡단중,안전운전불이행,기타,맑음,주차장 - 주차장,승용,여,46세,상해없음,보행자,여,6세,경상
2017041600100247,2017년 4월 16일 14시,일요일,강원도 춘천시 동내면,중상사고,0,1,0,0,차대차 - 추돌,안전운전불이행,건조,맑음,단일로 - 기타,승용,여,30세,상해없음,자전거,남,47세,중상
2017041600100248,2017년 4월 16일 14시,일요일,강원도 춘천시 석사동,중상사고,0,1,0,0,차대사람 - 횡단중,안전운전불이행,건조,맑음,단일로 - 기타,자전거,여,44세,상해없음,보행자,여,71세,중상
2017041600100334,2017년 4월 16일 16시,일요일,강원도 원주시 호저면,경상사고,0,0,1,0,차대차 - 측면충돌,안전운전불이행,건조,맑음,단일로 - 기타,승용,남,21세,상해없음,승용,남,56세,경상
2017041600100403,2017년 4월 16일 18시,일요일,강원도 속초시 조양동,경상사고,0,0,4,0,차대차 - 측면충돌,교차로운행방법위반,건조,맑음,교차로 - 교차로안,승용,남,60세,상해없음,승용,남,44세,경상
2017041600100404,2017년 4월 16일 18시,일요일,강원도 춘천시 서면,경상사고,0,0,1,0,차대차 - 추돌,안전거리미확보,건조,맑음,단일로 - 터널,승용,남,46세,상해없음,승용,여,48세,상해없음
2017041600100433,2017년 4월 16일 19시,일요일,강원도 원주시 단계동,경상사고,0,0,1,0,차대사람 - 횡단중,안전운전불이행,건조,맑음,단일로 - 기타,승용,남,18세,상해없음,보행자,남,16세,경상
2017041600100482,2017년 4월 16일 21시,일요일,강원도 춘천시 퇴계동,경상사고,0,0,4,0,차대차 - 측면충돌,신호위반,건조,맑음,교차로 - 교차로안,승용,남,25세,상해없음,승용,남,33세,경상
2017041600100483,2017년 4월 16일 21시,일요일,강원도 강릉시 운정동,중상사고,0,1,1,0,차대차 - 측면충돌,안전운전불이행,건조,맑음,교차로 - 교차로부근,화물,남,63세,상해없음,승용,남,25세,경상
2017041700100034,2017년 4월 17일 02시,월요일,강원도 동해시 천곡동,경상사고,0,0,3,0,차대차 - 측면충돌,신호위반,건조,맑음,교차로 - 교차로안,승용,남,31세,기타불명,승용,남,24세,경상
2017041700100158,2017년 4월 17일 10시,월요일,강원도 춘천시 신북읍,중상사고,0,1,0,0,차량단독 - 공작물충돌,안전운전불이행,건조,흐림,단일로 - 기타,승용,남,66세,중상,,,,
2017041700100159,2017년 4월 17일 10시,월요일,강원도 원주시 원동,중상사고,0,1,0,0,차대사람 - 횡단중,안전운전불이행,건조,맑음,주차장 - 주차장,승용,남,46세,상해없음,보행자,여,54세,중상
2017041700100221,2017년 4월 17일 12시,월요일,강원도 속초시 청호동,중상사고,0,1,0,0,차대차 - 측면충돌,교차로운행방법위반,젖음/습기,비,교차로 - 교차로안,승용,남,58세,상해없음,자전거,여,52세,중상
2017041700100222,2017년 4월 17일 12시,월요일,강원도 동해시 발한동,경상사고,0,0,1,0,차대차 - 측면충돌,교차로운행방법위반,젖음/습기,비,교차로 - 교차로부근,승용,남,50세,상해없음,승용,여,58세,경상
2017041700100256,2017년 4월 17일 13시,월요일,강원도 춘천시 동내면,경상사고,0,0,2,0,차대차 - 추돌,안전운전불이행,젖음/습기,비,교차로 - 교차로안,승용,여,33세,경상,승용,여,24세,경상
2017041700100257,2017년 4월 17일 13시,월요일,강원도 춘천시 석사동,부상신고사고,0,0,0,1,차대사람 - 보도통행중,안전운전불이행,건조,맑음,기타 - 기타,원동기,남,33세,상해없음,보행자,여,73세,부상신고
2017041700100258,2017년 4월 17일 13시,월요일,강원도 삼척시 남양동,중상사고,0,1,3,0,차대차 - 추돌,안전거리미확보,건조,맑음,교차로 - 교차로부근,화물,남,53세,상해없음,승용,남,74세,경상
2017041700100323,2017년 4월 17일 15시,월요일,강원도 춘천시 후평동,경상사고,0,0,1,0,차대차 - 측면충돌,안전운전불이행,젖음/습기,비,단일로 - 기타,승용,남,28세,상해없음,원동기,남,36세,경상
2017041700100324,2017년 4월 17일 15시,월요일,강원도 홍천군 화촌면,중상사고,0,1,0,0,차량단독 - 공작물충돌,안전운전불이행,젖음/습기,비,단일로 - 고가도로위,승용,남,58세,중상,,,,
2017041700100325,2017년 4월 17일 15시,월요일,강원도 횡성군 횡성읍,중상사고,0,1,0,0,차대사람 - 기타,안전운전불이행,젖음/습기,비,단일로 - 기타,화물,남,55세,상해없음,보행자,여,67세,중상
2017041700100356,2017년 4월 17일 16시,월요일,강원도 횡성군 공근면,부상신고사고,0,0,0,1,차량단독 - 전도전복 - 전도,안전운전불이행,건조,맑음,단일로 - 기타,농기계,남,79세,부상신고,,,,
2017041700100383,2017년 4월 17일 17시,월요일,강원도 삼척시 남양동,경상사고,0,0,1,0,차대사람 - 기타,안전운전불이행,건조,맑음,단일로 - 기타,승용,여,61세,상해없음,보행자,남,30세,경상
2017041700100384,2017년 4월 17일 17시,월요일,강원도 고성군 죽왕면,경상사고,0,0,2,0,차대차 - 추돌,안전거리미확보,젖음/습기,비,단일로 - 기타,화물,남,44세,상해없음,화물,남,45세,경상
2017041700100423,2017년 4월 17일 18시,월요일,강원도 춘천시 동면,사망사고,1,0,0,0,차량단독 - 공작물충돌,안전운전불이행,젖음/습기,흐림,단일로 - 기타,승용,남,48세,사망,,,,
2017041700100424,2017년 4월 17일 18시,월요일,강원도 강릉시 박월동,경상사고,0,0,2,0,차대차 - 정면충돌,신호위반,젖음/습기,비,교차로 - 교차로안,화물,남,60세,상해없음,승용,남,45세,경상
2017041700100460,2017년 4월 17일 19시,월요일,강원도 원주시 단계동,경상사고,0,0,1,0,차대차 - 측면충돌,교차로운행방법위반,건조,맑음,단일로 - 기타,승용,남,60세,상해없음,자전거,남,16세,경상
2017041700100461,2017년 4월 17일 19시,월요일,강원도 원주시 개운동,경상사고,0,0,1,1,차대차 - 측면충돌,교차로운행방법위반,건조,맑음,교차로 - 교차로안,승용,남,73세,부상신고,승용,남,46세,경상
2017041700100462,2017년 4월 17일 19시,월요일,강원도 속초시 교동,경상사고,0,0,1,0,차대차 - 측면충돌,중앙선침범,건조,맑음,주차장 - 주차장,승용,남,35세,상해없음,이륜,남,18세,경상
2017041700100534,2017년 4월 17일 21시,월요일,강원도 원주시 소초면,경상사고,0,0,1,0,차대차 - 측면충돌,안전운전불이행,건조,맑음,교차로 - 교차로부근,승용,여,53세,상해없음,승용,여,23세,경상
2017041700100535,2017년 4월 17일 21시,월요일,강원도 철원군 철원읍,경상사고,0,0,1,0,차대차 - 정면충돌,중앙선침범,건조,맑음,단일로 - 기타,화물,남,60세,상해없음,승용,남,29세,경상
2017041700100560,2017년 4월 17일 22시,월요일,강원도 철원군 동송읍,경상사고,0,0,1,0,차대사람 - 횡단중,안전운전불이행,건조,맑음,단일로 - 기타,승용,남,36세,상해없음,보행자,남,47세,경상
2017041800100094,2017년 4월 18일 07시,화요일,강원도 춘천시 동내면,경상사고,0,0,1,0,차대차 - 측면충돌,신호위반,건조,맑음,교차로 - 교차로안,화물,남,36세,상해없음,승용,남,52세,경상
2017041800100115,2017년 4월 18일 08시,화요일,강원도 춘천시 석사동,경상사고,0,0,1,0,차대차 - 측면충돌,안전운전불이행,건조,맑음,단일로 - 기타,화물,남,46세,상해없음,승용,여,27세,경상
2017041800100116,2017년 4월 18일 08시,화요일,강원도 원주시 우산동,경상사고,0,0,2,0,차대차 - 측면충돌,교차로운행방법위반,건조,흐림,기타 - 기타,승용,여,27세,상해없음,승용,여,41세,경상
2017041800100153,2017년 4월 18일 09시,화요일,강원도 강릉시 성산면,중상사고,0,1,0,0,차대차 - 측면충돌,안전운전불이행,건조,맑음,교차로 - 교차로부근,화물,남,72세,상해없음,승용,남,53세,중상
2017041800100177,2017년 4월 18일 10시,화요일,강원도 강릉시 옥천동,중상사고,0,1,0,0,차대사람 - 횡단중,안전운전불이행,건조,맑음,단일로 - 기타,화물,남,52세,상해없음,보행자,여,78세,중상
2017041800100178,2017년 4월 18일 10시,화요일,강원도 홍천군 내면,경상사고,0,0,3,0,차대차 - 기타,중앙선침범,건조,맑음,단일로 - 기타,화물,남,71세,상해없음,화물,남,51세,경상
2017041800100241,2017년 4월 18일 12시,화요일,강원도 영월군 영월읍,중상사고,0,1,1,0,차대차 - 측면충돌,교차로운행방법위반,건조,맑음,교차로 - 교차로안,승용,남,79세,상해없음,승용,여,41세,중상
2017041800100267,2017년 4월 18일 13시,화요일,강원도 원주시 단구동,중상사고,0,1,0,0,차대사람 - 횡단중,보행자보호의무위반,젖음/습기,비,단일로 - 기타,승용,남,79세,상해없음,보행자,남,11세,중상
2017041800100268,2017년 4월 18일 13시,화요일,강원도 홍천군 서석면,중상사고,0,2,0,0,차량단독 - 기타,안전운전불이행,젖음/습기,비,단일로 - 기타,승용,남,70세,중상,,,,
2017041800100269,2017년 4월 18일 13시,화요일,강원도 횡성군 횡성읍,부상신고사고,0,0,0,2,차대차 - 측면충돌,안전거리미확보,젖음/습기,비,교차로 - 교차로안,승용,남,24세,상해없음,승용,남,25세,부상신고
2017041800100302,2017년 4월 18일 14시,화요일,강원도 원주시 문막읍,부상신고사고,0,0,0,1,차대차 - 측면충돌,안전운전불이행,건조,맑음,교차로 - 교차로부근,이륜,남,64세,부상신고,승합,남,52세,상해없음
2017041800100303,2017년 4월 18일 14시,화요일,강원도 양구군 양구읍,경상사고,0,0,2,0,차대차 - 정면충돌,직진우회전진행방해,젖음/습기,비,교차로 - 교차로안,화물,남,55세,경상,승용,여,64세,경상
2017041800100304,2017년 4월 18일 14시,화요일,강원도 동해시 송정동,경상사고,0,0,1,0,차대차 - 추돌,안전거리미확보,건조,맑음,교차로 - 교차로부근,승합,남,72세,상해없음,승용,남,40세,경상
2017041800100335,2017년 4월 18일 15시,화요일,강원도 춘천시 온의동,경상사고,0,0,1,0,차대차 - 추돌,안전거리미확보,젖음/습기,비,교차로 - 교차로부근,건설기계,남,59세,상해없음,승용,여,52세,경상
2017041800100336,2017년 4월 18일 15시,화요일,강원도 고성군 토성면,경상사고,0,0,3,0,차대차 - 추돌,안전거리미확보,건조,맑음,기타 - 기타,승용,여,44세,상해없음,승용,남,29세,경상
2017041800100337,2017년 4월 18일 15시,화요일,강원도 동해시 천곡동,경상사고,0,0,1,0,차대차 - 추돌,안전운전불이행,젖음/습기,비,교차로 - 교차로부근,승용,여,46세,상해없음,승용,여,62세,경상
2017041800100374,2017년 4월 18일 16시,화요일,강원도 원주시 관설동,중상사고,0,1,0,0,차대차 - 측면충돌,차로위반,건조,맑음,단일로 - 기타,승용,남,53세,상해없음,승용,남,62세,중상
2017041800100375,2017년 4월 18일 16시,화요일,강원도 원주시 소초면,경상사고,0,0,1,0,차량단독 - 전도전복 - 전도,안전운전불이행,건조,맑음,단일로 - 기타,승용,남,24세,상해없음,,,,
2017041800100376,2017년 4월 18일 16시,화요일,강원도 원주시 신림면,중상사고,0,5,2,0,차대차 - 추돌,안전운전불이행,젖음/습기,비,단일로 - 기타,승용,남,28세,상해없음,승합,남,50세,상해없음
2017041800100405,2017년 4월 18일 17시,화요일,강원도 속초시 교동,경상사고,0,0,1,0,차대차 - 측면충돌,신호위반,건조,맑음,교차로 - 교차로안,원동기,남,59세,상해없음,승용,여,39세,경상
2017041800100525,2017년 4월 18일 20시,화요일,강원도 고성군 간성읍,경상사고,0,0,1,0,차량단독 - 공작물충돌,안전운전불이행,젖음/습기,비,단일로 - 기타,승용,남,60세,경상,,,,
2017041800100556,2017년 4월 18일 21시,화요일,강원도 원주시 단구동,경상사고,0,0,2,0,차대차 - 측면충돌,교차로운행방법위반,건조,맑음,교차로 - 교차로안,승용,남,34세,상해없음,승용,남,49세,경상
2017041900100030,2017년 4월 19일 00시,수요일,강원도 속초시 교동,중상사고,0,1,0,0,차대차 - 측면충돌,신호위반,건조,맑음,교차로 - 교차로안,승용,여,44세,상해없음,승용,남,62세,중상
2017041900100097,2017년 4월 19일 07시,수요일,강원도 원주시 태장동,경상사고,0,0,1,0,차대차 - 정면충돌,중앙선침범,건조,맑음,단일로 - 기타,승용,남,61세,상해없음,승합,남,50세,경상
2017041900100098,2017년 4월 19일 07시,수요일,강원도 원주시 개운동,경상사고,0,0,1,0,차대차 - 추돌,교차로운행방법위반,건조,맑음,교차로 - 교차로부근,승용,남,24세,상해없음,승용,남,24세,경상
2017041900100137,2017년 4월 19일 08시,수요일,강원도 춘천시 교동,경상사고,0,0,2,0,차대차 - 측면충돌,교차로운행방법위반,건조,맑음,교차로 - 교차로안,승용,남,31세,상해없음,승용,남,43세,경상
2017041900100138,2017년 4월 19일 08시,수요일,강원도 강릉시 교동,부상신고사고,0,0,0,1,차대차 - 추돌,안전운전불이행,건조,맑음,단일로 - 기타,승용,남,50세,상해없음,화물,남,52세,부상신고
2017041900100139,2017년 4월 19일 08시,수요일,강원도 영월군 영월읍,경상사고,0,0,1,1,차대차 - 추돌,안전거리미확보,건조,맑음,단일로 - 기타,승용,남,30세,상해없음,승용,남,72세,경상