사고번호,사고일시,요일,시군구,사고내용,사망자수,중상자수,경상자수,부상신고자수,사고유형,법규위반,노면상태,기상상태,도로형태,가해운전자 차종,가해운전자 성별,가해운전자 연령,가해운전자 상해정도,피해운전자 차종,피해운전자 성별,피해운전자 연령,피해운전자 상해정도
2017041900100186,2017년 4월 19일 09시,수요일,강원도 원주시 단계동,경상사고,0,0,1,0,차대차 - 측면충돌,교차로운행방법위반,건조,맑음,교차로 - 교차로안,승용,여,70세,상해없음,승용,남,56세,경상
2017041900100187,2017년 4월 19일 09시,수요일,강원도 원주시 판부면,중상사고,0,1,0,0,차대차 - 측면충돌,안전운전불이행,건조,맑음,단일로 - 기타,승용,여,43세,상해없음,화물,남,60세,중상
2017041900100252,2017년 4월 19일 11시,수요일,강원도 춘천시 후평동,경상사고,0,0,1,0,차대차 - 추돌,안전운전불이행,건조,맑음,단일로 - 기타,승용,여,23세,상해없음,승용,남,27세,경상
2017041900100253,2017년 4월 19일 11시,수요일,강원도 춘천시 후평동,경상사고,0,0,1,0,차대차 - 추돌,안전운전불이행,건조,맑음,단일로 - 기타,화물,남,40세,상해없음,승용,여,71세,경상
2017041900100308,2017년 4월 19일 13시,수요일,강원도 인제군 북면,중상사고,0,1,0,0,차대차 - 추돌,안전운전불이행,건조,맑음,단일로 - 기타,승용,여,57세,상해없음,이륜,남,57세,중상
2017041900100338,2017년 4월 19일 14시,수요일,강원도 춘천시 효자동,경상사고,0,0,1,0,차대사람 - 횡단중,신호위반,건조,맑음,교차로 - 교차로횡단보도내,이륜,남,63세,상해없음,보행자,여,58세,경상
2017041900100339,2017년 4월 19일 14시,수요일,강원도 평창군 봉평면,중상사고,0,1,0,0,차대차 - 측면충돌,신호위반,건조,맑음,교차로 - 교차로안,승용,남,50세,상해없음,승용,여,62세,중상
2017041900100340,2017년 4월 19일 14시,수요일,강원도 동해시 북평동,경상사고,0,0,1,0,차대사람 - 길가장자리구역통행중,기타,건조,맑음,단일로 - 기타,승용,여,44세,상해없음,보행자,남,10세,경상
2017041900100414,2017년 4월 19일 16시,수요일,강원도 춘천시 중앙로2가,경상사고,0,0,2,0,차대차 - 기타,안전거리미확보,건조,맑음,단일로 - 기타,승용,여,38세,상해없음,승합,남,59세,상해없음
2017041900100415,2017년 4월 19일 16시,수요일,강원도 춘천시 효자동,경상사고,0,0,2,0,차대차 - 기타,안전거리미확보,건조,맑음,단일로 - 기타,승용,여,56세,상해없음,승용,남,42세,경상
2017041900100416,2017년 4월 19일 16시,수요일,강원도 평창군 대관령면,경상사고,0,0,1,0,차대차 - 측면충돌,안전운전불이행,건조,맑음,기타 - 기타,승용,남,52세,상해없음,이륜,남,75세,경상
2017041900100417,2017년 4월 19일 16시,수요일,강원도 횡성군 서원면,중상사고,0,1,2,0,차대차 - 측면충돌,안전운전불이행,건조,맑음,단일로 - 기타,화물,남,20세,경상,화물,남,58세,경상
2017041900100455,2017년 4월 19일 17시,수요일,강원도 속초시 조양동,중상사고,0,1,0,0,차대사람 - 횡단중,안전운전불이행,건조,맑음,단일로 - 기타,승용,여,29세,상해없음,보행자,여,54세,중상
2017041900100501,2017년 4월 19일 18시,수요일,강원도 동해시 용정동,중상사고,0,1,0,0,차대사람 - 보도통행중,신호위반,건조,맑음,교차로 - 교차로횡단보도내,승용,남,53세,상해없음,보행자,남,43세,중상
2017041900100540,2017년 4월 19일 19시,수요일,강원도 원주시 단구동,경상사고,0,0,1,0,차대차 - 측면충돌,불법유턴,건조,맑음,단일로 - 기타,승용,남,45세,상해없음,이륜,남,50세,경상
2017041900100541,2017년 4월 19일 19시,수요일,강원도 동해시 천곡동,경상사고,0,0,1,0,차대차 - 측면충돌,안전거리미확보,건조,맑음,단일로 - 기타,이륜,남,17세,경상,승용,남,36세,상해없음
2017041900100602,2017년 4월 19일 21시,수요일,강원도 원주시 관설동,경상사고,0,0,1,0,차대차 - 기타,교차로운행방법위반,건조,맑음,교차로 - 교차로안,기타불명,기타불명,미분류,기타불명,승용,여,40세,경상
2017041900100603,2017년 4월 19일 21시,수요일,강원도 홍천군 홍천읍,중상사고,0,1,0,0,차대차 - 추돌,안전운전불이행,건조,맑음,단일로 - 기타,승용,남,36세,상해없음,화물,남,56세,상해없음
2017041900100640,2017년 4월 19일 22시,수요일,강원도 홍천군 홍천읍,경상사고,0,0,2,0,차대차 - 추돌,안전운전불이행,건조,맑음,단일로 - 기타,승용,남,33세,상해없음,승용,여,37세,경상
2017042000100112,2017년 4월 20일 08시,목요일,강원도 춘천시 소양로2가,경상사고,0,0,1,0,차대사람 - 기타,안전운전불이행,건조,맑음,교차로 - 교차로안,승합,여,46세,상해없음,보행자,여,76세,경상
2017042000100113,2017년 4월 20일 08시,목요일,강원도 삼척시 원덕읍,중상사고,0,1,1,0,차대차 - 측면충돌,안전운전불이행,건조,맑음,교차로 - 교차로안,승용,남,45세,상해없음,화물,남,56세,경상
2017042000100114,2017년 4월 20일 08시,목요일,강원도 동해시 평릉동,경상사고,0,0,1,0,차대사람 - 차도통행중,안전운전불이행,건조,맑음,교차로 - 교차로부근,승용,여,40세,상해없음,보행자,여,12세,경상
2017042000100149,2017년 4월 20일 09시,목요일,강원도 원주시 중앙동,경상사고,0,0,1,0,차대차 - 추돌,안전운전불이행,건조,맑음,단일로 - 기타,승용,남,60세,상해없음,승용,남,33세,경상
2017042000100150,2017년 4월 20일 09시,목요일,강원도 평창군 대화면,경상사고,0,0,1,0,차대차 - 측면충돌,중앙선침범,건조,맑음,단일로 - 기타,화물,남,35세,상해없음,승용,남,64세,경상
2017042000100289,2017년 4월 20일 15시,목요일,강원도 정선군 정선읍,경상사고,0,0,1,0,차대차 - 측면충돌,안전운전불이행,건조,맑음,교차로 - 교차로부근,승용,남,53세,상해없음,승용,여,57세,경상
2017042000100320,2017년 4월 20일 16시,목요일,강원도 원주시 태장동,중상사고,0,1,1,1,차대차 - 측면충돌,안전운전불이행,건조,맑음,단일로 - 기타,승용,남,36세,상해없음,승용,여,44세,부상신고
2017042000100348,2017년 4월 20일 17시,목요일,강원도 강릉시 입암동,경상사고,0,0,2,0,차대사람 - 횡단중,안전운전불이행,건조,맑음,교차로 - 교차로횡단보도내,승용,여,45세,상해없음,보행자,여,7세,경상
2017042000100349,2017년 4월 20일 17시,목요일,강원도 정선군 신동읍,중상사고,0,1,1,0,차량단독 - 전도전복 - 전도,안전운전불이행,건조,맑음,기타 - 기타,승용,여,40세,경상,,,,
2017042000100387,2017년 4월 20일 18시,목요일,강원도 강릉시 노암동,경상사고,0,0,1,1,차대사람 - 횡단중,안전운전불이행,건조,맑음,단일로 - 기타,승용,남,67세,상해없음,보행자,여,62세,경상
2017042000100388,2017년 4월 20일 18시,목요일,강원도 원주시 원동,경상사고,0,0,1,0,차대차 - 측면충돌,교차로운행방법위반,건조,맑음,교차로 - 교차로부근,승용,남,62세,상해없음,이륜,남,19세,경상
2017042000100389,2017년 4월 20일 18시,목요일,강원도 철원군 서면,경상사고,0,0,1,0,차대차 - 기타,기타,건조,맑음,교차로 - 교차로부근,화물,남,58세,상해없음,자전거,여,43세,경상
2017042000100418,2017년 4월 20일 19시,목요일,강원도 원주시 단계동,중상사고,0,1,0,0,차대차 - 측면충돌,안전운전불이행,건조,맑음,교차로 - 교차로안,승용,남,59세,상해없음,이륜,남,24세,중상
2017042000100419,2017년 4월 20일 19시,목요일,강원도 속초시 조양동,경상사고,0,0,3,0,차대차 - 측면충돌,안전운전불이행,건조,맑음,교차로 - 교차로부근,승용,여,62세,상해없음,승용,여,28세,경상
2017042000100420,2017년 4월 20일 19시,목요일,강원도 삼척시 읍상동,중상사고,0,1,1,0,차대사람 - 횡단중,보행자보호의무위반,건조,맑음,단일로 - 기타,승용,남,73세,상해없음,보행자,여,16세,중상
2017042000100454,2017년 4월 20일 20시,목요일,강원도 동해시 송정동,중상사고,0,1,0,0,차대차 - 측면충돌,안전운전불이행,건조,맑음,교차로 - 교차로부근,승용,남,45세,상해없음,이륜,남,46세,중상
2017042000100481,2017년 4월 20일 21시,목요일,강원도 강릉시 홍제동,경상사고,0,0,1,0,차대사람 - 기타,안전운전불이행,건조,맑음,단일로 - 기타,승합,남,65세,상해없음,보행자,남,57세,경상
2017042000100482,2017년 4월 20일 21시,목요일,강원도 삼척시 근덕면,경상사고,0,0,1,0,차대차 - 추돌,안전운전불이행,건조,맑음,단일로 - 기타,화물,남,38세,상해없음,승용,남,57세,경상
2017042000100528,2017년 4월 20일 23시,목요일,강원도 춘천시 온의동,경상사고,0,0,2,0,차대차 - 기타,중앙선침범,건조,맑음,단일로 - 기타,승용,남,34세,기타불명,승용,남,33세,경상
2017042100100184,2017년 4월 21일 09시,금요일,강원도 원주시 소초면,경상사고,0,0,1,0,차대차 - 추돌,안전거리미확보,건조,맑음,단일로 - 기타,화물,남,51세,상해없음,승합,남,46세,경상
2017042100100185,2017년 4월 21일 09시,금요일,강원도 홍천군 내면,중상사고,0,1,0,0,차대사람 - 길가장자리구역통행중,안전운전불이행,건조,맑음,주차장 - 주차장,승합,남,59세,상해없음,보행자,여,73세,중상
2017042100100211,2017년 4월 21일 10시,금요일,강원도 원주시 태장동,중상사고,0,2,1,0,차대차 - 추돌,안전거리미확보,건조,맑음,교차로 - 교차로부근,승용,여,47세,상해없음,승용,남,42세,중상
2017042100100244,2017년 4월 21일 11시,금요일,강원도 강릉시 강동면,경상사고,0,0,2,0,차대차 - 측면충돌,안전운전불이행,건조,맑음,교차로 - 교차로부근,화물,남,58세,상해없음,승용,여,45세,경상
2017042100100245,2017년 4월 21일 11시,금요일,강원도 삼척시 교동,경상사고,0,0,1,0,차대차 - 측면충돌,안전운전불이행,건조,맑음,교차로 - 교차로안,승용,남,31세,상해없음,승용,여,51세,경상
2017042100100303,2017년 4월 21일 13시,금요일,강원도 춘천시 퇴계동,경상사고,0,0,1,0,차대차 - 측면충돌,직진우회전진행방해,건조,맑음,교차로 - 교차로안,승용,남,53세,상해없음,승용,여,45세,경상
2017042100100329,2017년 4월 21일 14시,금요일,강원도 춘천시 우두동,중상사고,0,1,0,0,차대차 - 측면충돌,교차로운행방법위반,건조,맑음,교차로 - 교차로안,화물,남,43세,상해없음,자전거,남,81세,중상
2017042100100330,2017년 4월 21일 14시,금요일,강원도 춘천시 후평동,경상사고,0,0,1,0,차량단독 - 기타,안전운전불이행,건조,맑음,단일로 - 기타,승합,남,53세,상해없음,,,,
2017042100100331,2017년 4월 21일 14시,금요일,강원도 원주시 단계동,중상사고,0,1,0,0,차대차 - 추돌,안전운전불이행,건조,맑음,단일로 - 기타,승합,남,59세,상해없음,화물,남,75세,중상
2017042100100332,2017년 4월 21일 14시,금요일,강원도 원주시 태장동,경상사고,0,0,1,0,차대사람 - 횡단중,안전운전불이행,건조,맑음,단일로 - 기타,화물,남,48세,상해없음,보행자,여,75세,경상
2017042100100333,2017년 4월 21일 14시,금요일,강원도 홍천군 동면,중상사고,0,1,0,0,차대차 - 정면충돌,안전운전불이행,건조,맑음,단일로 - 기타,화물,남,61세,상해없음,이륜,여,62세,중상
2017042100100368,2017년 4월 21일 15시,금요일,강원도 춘천시 중앙로2가,경상사고,0,0,1,0,차대차 - 기타,안전운전불이행,건조,맑음,교차로 - 교차로안,기타불명,기타불명,미분류,기타불명,승합,남,50세,상해없음
2017042100100369,2017년 4월 21일 15시,금요일,강원도 원주시 우산동,중상사고,0,1,0,0,차대차 - 측면충돌,신호위반,건조,맑음,교차로 - 교차로안,승용,여,43세,상해없음,승용,남,68세,중상
2017042100100370,2017년 4월 21일 15시,금요일,강원도 원주시 학성동,경상사고,0,0,1,0,차대사람 - 횡단중,안전운전불이행,건조,맑음,단일로 - 기타,승용,여,41세,상해없음,보행자,남,50세,경상
2017042100100398,2017년 4월 21일 16시,금요일,강원도 춘천시 퇴계동,중상사고,0,2,1,0,차대차 - 측면충돌,교차로운행방법위반,건조,맑음,교차로 - 교차로안,승용,남,63세,중상,승용,여,51세,중상
2017042100100399,2017년 4월 21일 16시,금요일,강원도 원주시 학성동,경상사고,0,0,1,0,차대사람 - 기타,안전운전불이행,건조,맑음,단일로 - 기타,승용,남,33세,상해없음,보행자,남,43세,경상
2017042100100400,2017년 4월 21일 16시,금요일,강원도 속초시 노학동,경상사고,0,0,2,0,차대차 - 추돌,안전운전불이행,건조,맑음,단일로 - 기타,승용,여,47세,상해없음,화물,남,80세,경상
2017042100100401,2017년 4월 21일 16시,금요일,강원도 영월군 중동면,중상사고,0,4,0,1,차대차 - 측면충돌,중앙선침범,건조,맑음,단일로 - 기타,승용,남,74세,부상신고,화물,여,52세,중상
2017042100100435,2017년 4월 21일 17시,금요일,강원도 춘천시 효자동,경상사고,0,0,3,0,차대차 - 측면충돌,교차로운행방법위반,건조,맑음,교차로 - 교차로안,승용,남,40세,상해없음,승용,남,41세,경상
2017042100100436,2017년 4월 21일 17시,금요일,강원도 춘천시 우두동,중상사고,0,1,0,0,차대차 - 측면충돌,안전운전불이행,건조,맑음,교차로 - 교차로안,승용,여,51세,상해없음,자전거,남,80세,중상
2017042100100475,2017년 4월 21일 18시,금요일,강원도 삼척시 교동,경상사고,0,0,1,0,차대사람 - 횡단중,안전운전불이행,건조,맑음,단일로 - 기타,승용,여,61세,상해없음,보행자,남,9세,경상
2017042100100508,2017년 4월 21일 19시,금요일,강원도 속초시 교동,경상사고,0,0,2,0,차대차 - 측면충돌,교차로운행방법위반,젖음/습기,비,교차로 - 교차로안,승용,여,45세,상해없음,승용,남,43세,경상
2017042100100549,2017년 4월 21일 20시,금요일,강원도 원주시 문막읍,중상사고,0,1,0,0,차대차 - 기타,안전운전불이행,건조,맑음,단일로 - 기타,승용,남,42세,상해없음,이륜,남,17세,중상
2017042100100550,2017년 4월 21일 20시,금요일,강원도 횡성군 횡성읍,중상사고,0,1,0,0,차량단독 - 전도전복 - 전도,안전운전불이행,건조,맑음,단일로 - 기타,화물,남,55세,상해없음,,,,
2017042100100573,2017년 4월 21일 21시,금요일,강원도 원주시 단계동,중상사고,0,1,2,0,차대차 - 측면충돌,신호위반,건조,맑음,교차로 - 교차로안,승용,남,57세,상해없음,승용,남,58세,상해없음
2017042100100605,2017년 4월 21일 22시,금요일,강원도 원주시 무실동,경상사고,0,0,1,0,차대차 - 측면충돌,중앙선침범,건조,맑음,교차로 - 교차로안,승용,남,30세,상해없음,승용,여,54세,경상
2017042100100630,2017년 4월 21일 23시,금요일,강원도 원주시 인동,경상사고,0,0,1,0,차대차 - 측면충돌,안전운전불이행,건조,맑음,교차로 - 교차로안,승용,남,55세,상해없음,승용,남,66세,경상
2017042200100022,2017년 4월 22일 00시,토요일,강원도 춘천시 후평동,경상사고,0,0,1,0,차대사람 - 차도통행중,안전운전불이행,건조,맑음,교차로 - 교차로안,승용,남,63세,상해없음,보행자,남,17세,경상
2017042200100023,2017년 4월 22일 00시,토요일,강원도 강릉시 성내동,경상사고,0,0,3,0,차대차 - 측면충돌,안전운전불이행,건조,맑음,교차로 - 교차로부근,승용,남,20세,상해없음,승용,남,48세,경상
2017042200100024,2017년 4월 22일 00시,토요일,강원도 속초시 교동,중상사고,0,1,0,0,차대차 - 측면충돌,안전운전불이행,건조,맑음,단일로 - 기타,승용,여,42세,상해없음,이륜,남,36세,중상
2017042200100111,2017년 4월 22일 07시,토요일,강원도 원주시 개운동,중상사고,0,1,0,0,차대사람 - 횡단중,교차로운행방법위반,건조,맑음,교차로 - 교차로부근,화물,남,55세,상해없음,보행자,여,50세,중상
2017042200100136,2017년 4월 22일 08시,토요일,강원도 춘천시 석사동,경상사고,0,0,1,0,차대차 - 측면충돌,차로위반,건조,맑음,단일로 - 기타,건설기계,남,56세,상해없음,승용,여,67세,경상
2017042200100224,2017년 4월 22일 11시,토요일,강원도 강릉시 홍제동,경상사고,0,0,2,0,차대차 - 측면충돌,안전운전불이행,건조,맑음,교차로 - 교차로안,승용,남,63세,상해없음,승용,남,44세,경상
2017042200100225,2017년 4월 22일 11시,토요일,강원도 원주시 원동,중상사고,0,1,0,0,차대차 - 측면충돌,불법유턴,건조,맑음,단일로 - 기타,승용,여,61세,상해없음,이륜,남,44세,중상
2017042200100226,2017년 4월 22일 11시,토요일,강원도 화천군 사내면,경상사고,0,0,1,0,차대차 - 기타,중앙선침범,건조,맑음,단일로 - 기타,승용,남,54세,상해없음,이륜,남,48세,경상
2017042200100256,2017년 4월 22일 12시,토요일,강원도 춘천시 서면,경상사고,0,0,3,0,차대차 - 추돌,안전운전불이행,건조,맑음,단일로 - 기타,건설기계,남,58세,상해없음,승합,남,56세,상해없음
2017042200100257,2017년 4월 22일 12시,토요일,강원도 양양군 양양읍,중상사고,0,1,0,0,차대차 - 기타,직진우회전진행방해,건조,맑음,교차로 - 교차로안,승용,남,65세,상해없음,원동기,남,23세,중상
2017042200100292,2017년 4월 22일 13시,토요일,강원도 춘천시 근화동,경상사고,0,0,2,0,차대차 - 기타,신호위반,건조,맑음,교차로 - 교차로안,승용,여,42세,상해없음,승용,남,30세,경상
2017042200100293,2017년 4월 22일 13시,토요일,강원도 춘천시 동내면,경상사고,0,0,1,2,차대차 - 추돌,안전운전불이행,건조,맑음,교차로 - 교차로부근,화물,남,43세,상해없음,승용,여,29세,경상
2017042200100294,2017년 4월 22일 13시,토요일,강원도 강릉시 성산면,경상사고,0,0,2,0,차대차 - 정면충돌,안전운전불이행,건조,맑음,단일로 - 기타,화물,남,60세,상해없음,승용,여,42세,경상
2017042200100295,2017년 4월 22일 13시,토요일,강원도 강릉시 주문진읍,경상사고,0,0,1,0,차대사람 - 횡단중,안전운전불이행,건조,맑음,단일로 - 기타,승용,남,62세,상해없음,보행자,여,56세,경상
2017042200100296,2017년 4월 22일 13시,토요일,강원도 원주시 태장동,중상사고,0,1,3,0,차대차 - 측면충돌,안전운전불이행,건조,맑음,교차로 - 교차로안,승용,남,34세,상해없음,승용,여,43세,중상
2017042200100330,2017년 4월 22일 14시,토요일,강원도 춘천시 온의동,경상사고,0,0,1,0,차대차 - 정면충돌,신호위반,건조,맑음,교차로 - 교차로안,승용,남,68세,상해없음,이륜,남,61세,경상
2017042200100331,2017년 4월 22일 14시,토요일,강원도 양구군 양구읍,경상사고,0,0,3,0,차대차 - 측면충돌,직진우회전진행방해,건조,맑음,교차로 - 교차로안,화물,남,50세,상해없음,승용,여,40세,경상
2017042200100363,2017년 4월 22일 15시,토요일,강원도 강릉시 강문동,경상사고,0,0,2,0,차대차 - 추돌,안전운전불이행,건조,맑음,교차로 - 교차로부근,승용,남,23세,상해없음,승용,여,26세,경상
2017042200100364,2017년 4월 22일 15시,토요일,강원도 횡성군 횡성읍,경상사고,0,0,2,0,차대차 - 측면충돌,안전운전불이행,건조,맑음,교차로 - 교차로안,승용,남,55세,상해없음,승용,남,56세,경상
2017042200100399,2017년 4월 22일 16시,토요일,강원도 원주시 일산동,경상사고,0,0,4,0,차대차 - 측면충돌,신호위반,건조,맑음,교차로 - 교차로안,승용,여,62세,기타불명,승용,남,54세,경상
2017042200100400,2017년 4월 22일 16시,토요일,강원도 원주시 태장동,중상사고,0,1,0,0,차대사람 - 횡단중,안전운전불이행,건조,맑음,단일로 - 기타,화물,남,50세,상해없음,보행자,여,42세,중상
2017042200100436,2017년 4월 22일 17시,토요일,강원도 춘천시 후평동,경상사고,0,0,4,0,차대차 - 추돌,안전운전불이행,건조,맑음,단일로 - 기타,승용,남,25세,상해없음,승용,남,57세,경상
2017042200100468,2017년 4월 22일 18시,토요일,강원도 강릉시 교동,경상사고,0,0,1,0,차대차 - 기타,안전운전불이행,건조,맑음,교차로 - 교차로안,승용,여,56세,상해없음,원동기,남,17세,경상
2017042200100469,2017년 4월 22일 18시,토요일,강원도 태백시 황지동,경상사고,0,0,1,0,차대차 - 측면충돌,안전거리미확보,건조,맑음,단일로 - 기타,화물,남,72세,상해없음,화물,남,55세,경상
2017042200100494,2017년 4월 22일 19시,토요일,강원도 강릉시 교동,중상사고,0,1,0,0,차대차 - 기타,안전운전불이행,건조,맑음,교차로 - 교차로안,승용,여,56세,상해없음,원동기,남,31세,중상
2017042200100600,2017년 4월 22일 22시,토요일,강원도 홍천군 홍천읍,경상사고,0,0,1,0,차대차 - 정면충돌,교차로운행방법위반,건조,맑음,교차로 - 교차로안,승용,남,34세,상해없음,승용,여,51세,경상
2017042200100601,2017년 4월 22일 22시,토요일,강원도 원주시 지정면,중상사고,0,1,3,0,차대차 - 정면충돌,차로위반,건조,맑음,단일로 - 기타,승용,여,48세,경상,승용,남,19세,경상
2017042300100073,2017년 4월 23일 04시,일요일,강원도 춘천시 남면,경상사고,0,0,1,0,차대차 - 정면충돌,안전거리미확보,건조,맑음,단일로 - 터널,승용,남,49세,상해없음,승용,여,66세,경상
2017042300100081,2017년 4월 23일 05시,일요일,강원도 원주시 봉산동,중상사고,0,1,0,0,차대차 - 추돌,안전거리미확보,건조,맑음,교차로 - 교차로부근,화물,남,61세,상해없음,승용,남,49세,중상
2017042300100082,2017년 4월 23일 05시,일요일,강원도 태백시 통동,경상사고,0,0,1,0,차대차 - 측면충돌,안전운전불이행,건조,맑음,단일로 - 기타,승용,여,42세,상해없음,승용,남,70세,상해없음
2017042300100097,2017년 4월 23일 06시,일요일,강원도 춘천시 근화동,중상사고,0,1,0,0,차대차 - 측면충돌,교차로운행방법위반,건조,맑음,교차로 - 교차로안,승용,남,64세,상해없음,자전거,남,76세,중상
2017042300100116,2017년 4월 23일 08시,일요일,강원도 홍천군 홍천읍,경상사고,0,0,1,0,차대차 - 정면충돌,교차로운행방법위반,건조,맑음,교차로 - 교차로안,승용,여,48세,상해없음,승용,여,26세,경상
2017042300100133,2017년 4월 23일 09시,일요일,강원도 강릉시 안현동,중상사고,0,1,4,0,차대차 - 추돌,안전운전불이행,건조,맑음,교차로 - 교차로부근,승용,여,54세,상해없음,승용,남,45세,경상
2017042300100134,2017년 4월 23일 09시,일요일,강원도 강릉시 내곡동,중상사고,0,1,1,0,차대차 - 측면충돌,중앙선침범,건조,맑음,단일로 - 교량,특수,남,27세,상해없음,승용,남,64세,경상
2017042300100155,2017년 4월 23일 10시,일요일,강원도 춘천시 동면,경상사고,0,0,1,0,차대차 - 측면충돌,안전거리미확보,건조,맑음,단일로 - 기타,승용,여,44세,상해없음,이륜,남,74세,경상
2017042300100156,2017년 4월 23일 10시,일요일,강원도 양양군 강현면,부상신고사고,0,0,0,1,차대사람 - 횡단중,안전운전불이행,건조,맑음,기타 - 기타,승용,남,73세,상해없음,보행자,남,47세,부상신고
2017042300100178,2017년 4월 23일 11시,일요일,강원도 춘천시 석사동,경상사고,0,0,1,0,차대차 - 정면충돌,안전운전불이행,건조,맑음,단일로 - 기타,승용,여,57세,상해없음,이륜,남,54세,경상
2017042300100259,2017년 4월 23일 14시,일요일,강원도 삼척시 원덕읍,경상사고,0,0,1,0,차대차 - 측면충돌,안전운전불이행,건조,맑음,단일로 - 기타,승용,남,45세,상해없음,승용,여,56세,경상
2017042300100260,2017년 4월 23일 14시,일요일,강원도 고성군 토성면,경상사고,0,0,1,0,차대차 - 측면충돌,안전거리미확보,건조,맑음,단일로 - 기타,건설기계,남,66세,상해없음,승용,여,54세,경상
2017042300100306,2017년 4월 23일 15시,일요일,강원도 강릉시 옥계면,경상사고,0,0,1,0,차대차 - 측면충돌,중앙선침범,건조,맑음,단일로 - 기타,화물,여,53세,상해없음,승용,남,43세,경상
2017042300100307,2017년 4월 23일 15시,일요일,강원도 속초시 노학동,경상사고,0,0,1,0,차대차 - 측면충돌,신호위반,건조,맑음,단일로 - 기타,승용,남,61세,상해없음,자전거,남,11세,경상
2017042300100336,2017년 4월 23일 16시,일요일,강원도 강릉시 안현동,경상사고,0,0,2,0,차대차 - 추돌,안전운전불이행,건조,맑음,단일로 - 기타,승용,여,55세,상해없음,승용,남,30세,경상
2017042300100337,2017년 4월 23일 16시,일요일,강원도 평창군 진부면,경상사고,0,0,4,0,차대차 - 추돌,안전거리미확보,건조,맑음,단일로 - 기타,승용,남,25세,상해없음,승용,남,63세,경상
2017042300100409,2017년 4월 23일 18시,일요일,강원도 원주시 단구동,경상사고,0,0,1,0,차대차 - 측면충돌,신호위반,건조,맑음,교차로 - 교차로안,승용,남,26세,상해없음,승용,남,36세,경상
2017042300100410,2017년 4월 23일 18시,일요일,강원도 철원군 갈말읍,중상사고,0,2,0,0,차대차 - 측면충돌,직진우회전진행방해,건조,맑음,교차로 - 교차로안,승용,남,49세,중상,승용,남,19세,중상
2017042300100443,2017년 4월 23일 19시,일요일,강원도 강릉시 포남동,중상사고,0,1,0,0,차대사람 - 횡단중,안전운전불이행,건조,맑음,단일로 - 기타,이륜,남,57세,상해없음,보행자,여,54세,중상
2017042300100444,2017년 4월 23일 19시,일요일,강원도 속초시 청학동,중상사고,0,1,0,0,차대차 - 측면충돌,신호위반,건조,맑음,교차로 - 교차로안,화물,남,45세,상해없음,승용,여,52세,중상
2017042300100470,2017년 4월 23일 20시,일요일,강원도 영월군 영월읍,경상사고,0,0,1,0,차대차 - 측면충돌,안전거리미확보,건조,맑음,기타 - 기타,승용,남,52세,상해없음,자전거,남,16세,경상
2017042400100131,2017년 4월 24일 08시,월요일,강원도 춘천시 소양로2가,중상사고,0,1,0,0,차대차 - 측면충돌,안전운전불이행,건조,맑음,교차로 - 교차로부근,승용,여,65세,상해없음,자전거,여,54세,중상
2017042400100132,2017년 4월 24일 08시,월요일,강원도 춘천시 동면,경상사고,0,0,2,0,차대차 - 측면충돌,안전운전불이행,건조,맑음,단일로 - 기타,승용,남,55세,상해없음,승용,남,30세,경상
2017042400100133,2017년 4월 24일 08시,월요일,강원도 원주시 단계동,경상사고,0,0,1,0,차대차 - 측면충돌,교차로운행방법위반,건조,맑음,교차로 - 교차로안,승합,남,59세,상해없음,승용,여,24세,경상
2017042400100134,2017년 4월 24일 08시,월요일,강원도 동해시 이로동,중상사고,0,1,0,0,차대차 - 측면충돌,교차로운행방법위반,건조,맑음,교차로 - 교차로안,특수,여,44세,상해없음,이륜,남,73세,중상
2017042400100192,2017년 4월 24일 09시,월요일,강원도 강릉시 구정면,사망사고,1,0,0,0,차대사람 - 횡단중,안전운전불이행,건조,맑음,교차로 - 교차로부근,건설기계,남,48세,상해없음,보행자,남,77세,사망
2017042400100193,2017년 4월 24일 09시,월요일,강원도 강릉시 송정동,경상사고,0,0,1,0,차대차 - 추돌,안전운전불이행,건조,맑음,단일로 - 기타,승합,남,46세,상해없음,승용,남,29세,경상
2017042400100194,2017년 4월 24일 09시,월요일,강원도 원주시 무실동,경상사고,0,0,1,0,차대차 - 측면충돌,안전운전불이행,건조,맑음,단일로 - 기타,승용,남,53세,상해없음,승용,여,52세,경상
2017042400100223,2017년 4월 24일 10시,월요일,강원도 원주시 귀래면,중상사고,0,1,0,0,차대사람 - 횡단중,안전운전불이행,건조,맑음,미분류 - 미분류,화물,남,51세,상해없음,보행자,남,75세,중상
2017042400100254,2017년 4월 24일 11시,월요일,강원도 춘천시 중앙로2가,경상사고,0,0,1,0,차대사람 - 횡단중,안전운전불이행,건조,맑음,교차로 - 교차로부근,승용,남,64세,상해없음,보행자,남,41세,경상
2017042400100305,2017년 4월 24일 13시,월요일,강원도 원주시 명륜동,경상사고,0,0,1,0,차대사람 - 횡단중,안전운전불이행,건조,맑음,단일로 - 기타,화물,남,36세,상해없음,보행자,남,63세,경상
2017042400100306,2017년 4월 24일 13시,월요일,강원도 철원군 갈말읍,중상사고,0,1,0,0,차대차 - 측면충돌,교차로운행방법위반,건조,맑음,교차로 - 교차로안,화물,남,27세,상해없음,원동기,남,72세,중상