사고번호,사고일시,요일,시군구,사고내용,사망자수,중상자수,경상자수,부상신고자수,사고유형,법규위반,노면상태,기상상태,도로형태,가해운전자 차종,가해운전자 성별,가해운전자 연령,가해운전자 상해정도,피해운전자 차종,피해운전자 성별,피해운전자 연령,피해운전자 상해정도
2017042400100343,2017년 4월 24일 14시,월요일,강원도 속초시 청학동,중상사고,0,1,0,0,차대사람 - 횡단중,보행자보호의무위반,건조,맑음,교차로 - 교차로부근,승용,여,58세,상해없음,보행자,남,9세,중상
2017042400100375,2017년 4월 24일 15시,월요일,강원도 삼척시 정상동,중상사고,0,1,0,0,차대차 - 정면충돌,안전운전불이행,건조,맑음,단일로 - 기타,기타불명,기타불명,미분류,기타불명,자전거,남,81세,중상
2017042400100437,2017년 4월 24일 17시,월요일,강원도 강릉시 내곡동,경상사고,0,0,2,0,차대차 - 기타,안전운전불이행,건조,맑음,단일로 - 기타,승용,남,51세,상해없음,승용,남,50세,기타불명
2017042400100438,2017년 4월 24일 17시,월요일,강원도 원주시 소초면,경상사고,0,0,3,0,차대차 - 측면충돌,교차로운행방법위반,건조,흐림,교차로 - 교차로부근,화물,남,73세,경상,승용,남,62세,경상
2017042400100439,2017년 4월 24일 17시,월요일,강원도 동해시 동회동,경상사고,0,0,2,0,차대차 - 추돌,안전거리미확보,건조,맑음,교차로 - 교차로부근,승용,남,35세,상해없음,승합,남,37세,경상
2017042400100518,2017년 4월 24일 19시,월요일,강원도 춘천시 후평동,부상신고사고,0,0,0,1,차대차 - 후진중충돌,안전운전불이행,건조,맑음,단일로 - 기타,승용,남,27세,상해없음,이륜,남,18세,부상신고
2017042400100519,2017년 4월 24일 19시,월요일,강원도 태백시 황지동,경상사고,0,0,1,0,차대사람 - 횡단중,안전운전불이행,건조,맑음,단일로 - 기타,화물,남,67세,상해없음,보행자,여,77세,경상
2017042400100553,2017년 4월 24일 20시,월요일,강원도 강릉시 홍제동,경상사고,0,0,1,0,차대차 - 측면충돌,신호위반,건조,맑음,교차로 - 교차로안,승용,남,61세,상해없음,승용,남,30세,경상
2017042400100554,2017년 4월 24일 20시,월요일,강원도 속초시 동명동,경상사고,0,0,2,0,차대사람 - 횡단중,안전운전불이행,건조,맑음,교차로 - 교차로안,승용,여,42세,상해없음,보행자,남,63세,경상
2017042500100022,2017년 4월 25일 00시,화요일,강원도 강릉시 임당동,경상사고,0,0,2,0,차대차 - 추돌,안전운전불이행,건조,맑음,단일로 - 기타,승용,남,27세,상해없음,승용,남,32세,경상
2017042500100039,2017년 4월 25일 03시,화요일,강원도 홍천군 두촌면,사망사고,2,1,0,0,차대차 - 정면충돌,중앙선침범,건조,맑음,단일로 - 기타,승용,남,34세,사망,승용,남,46세,사망
2017042500100104,2017년 4월 25일 08시,화요일,강원도 춘천시 석사동,경상사고,0,0,1,0,차대차 - 측면충돌,신호위반,건조,맑음,교차로 - 교차로안,승용,여,48세,상해없음,승용,여,33세,경상
2017042500100105,2017년 4월 25일 08시,화요일,강원도 강릉시 연곡면,중상사고,0,1,0,0,차대차 - 측면충돌,안전운전불이행,건조,맑음,교차로 - 교차로안,승용,남,42세,상해없음,자전거,여,60세,중상
2017042500100141,2017년 4월 25일 09시,화요일,강원도 강릉시 노암동,경상사고,0,0,3,0,차대차 - 측면충돌,직진우회전진행방해,건조,맑음,교차로 - 교차로안,승용,여,34세,상해없음,화물,남,50세,경상
2017042500100142,2017년 4월 25일 09시,화요일,강원도 원주시 명륜동,경상사고,0,0,1,0,차대차 - 측면충돌,안전운전불이행,건조,맑음,단일로 - 기타,승용,여,70세,상해없음,승용,여,50세,경상
2017042500100143,2017년 4월 25일 09시,화요일,강원도 태백시 화전동,중상사고,0,1,0,0,차대차 - 추돌,안전거리미확보,건조,맑음,단일로 - 기타,화물,남,55세,기타불명,화물,남,53세,상해없음
2017042500100190,2017년 4월 25일 11시,화요일,강원도 영월군 주천면,경상사고,0,0,1,0,차대차 - 정면충돌,교차로운행방법위반,건조,맑음,교차로 - 교차로안,특수,남,62세,상해없음,승용,남,63세,경상
2017042500100223,2017년 4월 25일 12시,화요일,강원도 삼척시 정상동,경상사고,0,0,1,0,차대차 - 측면충돌,직진우회전진행방해,건조,맑음,교차로 - 교차로안,승용,남,51세,상해없음,승용,남,54세,경상
2017042500100224,2017년 4월 25일 12시,화요일,강원도 홍천군 홍천읍,중상사고,0,1,1,0,차량단독 - 전도전복 - 전도,안전운전불이행,건조,맑음,단일로 - 기타,화물,남,54세,상해없음,,,,
2017042500100320,2017년 4월 25일 15시,화요일,강원도 강릉시 연곡면,경상사고,0,0,3,0,차대차 - 측면충돌,안전운전불이행,건조,맑음,교차로 - 교차로안,건설기계,남,56세,상해없음,승합,남,50세,경상
2017042500100321,2017년 4월 25일 15시,화요일,강원도 원주시 태장동,중상사고,0,2,1,0,차대차 - 측면충돌,교차로운행방법위반,건조,맑음,교차로 - 교차로안,승용,남,42세,상해없음,원동기,남,16세,경상
2017042500100322,2017년 4월 25일 15시,화요일,강원도 속초시 청학동,경상사고,0,0,1,0,차대사람 - 횡단중,기타,건조,맑음,교차로 - 교차로횡단보도내,화물,남,40세,상해없음,보행자,여,8세,경상
2017042500100354,2017년 4월 25일 16시,화요일,강원도 강릉시 성산면,중상사고,0,1,0,0,차대차 - 정면충돌,안전운전불이행,건조,맑음,교차로 - 교차로안,화물,남,36세,상해없음,승용,남,58세,중상
2017042500100386,2017년 4월 25일 17시,화요일,강원도 원주시 문막읍,경상사고,0,0,1,0,차대차 - 측면충돌,안전운전불이행,건조,맑음,단일로 - 기타,승용,여,42세,상해없음,이륜,남,77세,경상
2017042500100416,2017년 4월 25일 18시,화요일,강원도 춘천시 석사동,경상사고,0,0,1,0,차대사람 - 횡단중,안전운전불이행,건조,맑음,단일로 - 기타,이륜,남,60세,기타불명,보행자,여,47세,경상
2017042500100417,2017년 4월 25일 18시,화요일,강원도 고성군 거진읍,중상사고,0,1,1,0,차대차 - 정면충돌,신호위반,건조,맑음,교차로 - 교차로안,화물,남,33세,경상,승용,남,63세,중상
2017042500100453,2017년 4월 25일 19시,화요일,강원도 춘천시 후평동,경상사고,0,0,2,0,차대차 - 기타,안전거리미확보,건조,맑음,교차로 - 교차로안,이륜,남,21세,상해없음,승용,남,22세,경상
2017042500100473,2017년 4월 25일 20시,화요일,강원도 동해시 이도동,경상사고,0,0,1,0,차대차 - 측면충돌,신호위반,건조,맑음,교차로 - 교차로안,승용,남,46세,상해없음,승용,여,24세,경상
2017042500100542,2017년 4월 25일 23시,화요일,강원도 춘천시 효자동,경상사고,0,0,1,0,차대사람 - 횡단중,보행자보호의무위반,건조,맑음,교차로 - 교차로횡단보도내,화물,남,34세,상해없음,보행자,남,57세,경상
2017042500100543,2017년 4월 25일 23시,화요일,강원도 원주시 우산동,경상사고,0,0,1,0,차대차 - 측면충돌,안전운전불이행,건조,맑음,교차로 - 교차로부근,승용,여,56세,상해없음,승용,남,47세,경상
2017042600100026,2017년 4월 26일 00시,수요일,강원도 삼척시 남양동,중상사고,0,2,0,0,차대차 - 측면충돌,신호위반,건조,맑음,교차로 - 교차로안,승용,남,29세,상해없음,승용,남,58세,중상
2017042600100036,2017년 4월 26일 01시,수요일,강원도 춘천시 후평동,중상사고,0,1,1,0,차대차 - 측면충돌,신호위반,건조,맑음,교차로 - 교차로안,승용,여,36세,기타불명,승합,남,58세,중상
2017042600100037,2017년 4월 26일 01시,수요일,강원도 원주시 단계동,경상사고,0,0,1,0,차대차 - 정면충돌,안전운전불이행,젖음/습기,비,단일로 - 기타,승용,남,23세,상해없음,승용,여,53세,경상
2017042600100046,2017년 4월 26일 02시,수요일,강원도 춘천시 석사동,경상사고,0,0,1,0,차대차 - 측면충돌,중앙선침범,건조,맑음,단일로 - 기타,승용,여,21세,상해없음,승용,남,67세,경상
2017042600100069,2017년 4월 26일 05시,수요일,강원도 원주시 개운동,경상사고,0,0,2,0,차대차 - 측면충돌,신호위반,건조,맑음,교차로 - 교차로안,승용,여,56세,경상,승용,남,74세,경상
2017042600100082,2017년 4월 26일 06시,수요일,강원도 원주시 지정면,경상사고,0,0,1,0,차대차 - 정면충돌,안전운전불이행,건조,맑음,교차로 - 교차로안,승합,남,28세,상해없음,승용,남,31세,경상
2017042600100135,2017년 4월 26일 08시,수요일,강원도 평창군 진부면,중상사고,0,2,2,0,차량단독 - 기타,안전운전불이행,건조,맑음,기타 - 기타,승용,여,70세,경상,,,,
2017042600100236,2017년 4월 26일 11시,수요일,강원도 양양군 서면,경상사고,0,0,3,0,차량단독 - 공작물충돌,안전운전불이행,건조,맑음,기타 - 기타,화물,기타불명,미분류,기타불명,,,,
2017042600100237,2017년 4월 26일 11시,수요일,강원도 평창군 대관령면,경상사고,0,0,3,0,차대차 - 추돌,중앙선침범,건조,맑음,단일로 - 기타,화물,남,42세,상해없음,승용,남,57세,경상
2017042600100330,2017년 4월 26일 14시,수요일,강원도 원주시 단계동,경상사고,0,0,2,0,차대차 - 추돌,안전거리미확보,건조,맑음,단일로 - 기타,승용,남,67세,상해없음,승용,여,34세,경상
2017042600100331,2017년 4월 26일 14시,수요일,강원도 삼척시 도계읍,중상사고,0,1,0,0,차대차 - 정면충돌,중앙선침범,건조,맑음,단일로 - 기타,건설기계,남,71세,상해없음,이륜,남,21세,중상
2017042600100362,2017년 4월 26일 15시,수요일,강원도 춘천시 신동,중상사고,0,1,0,0,차대차 - 측면충돌,중앙선침범,건조,맑음,단일로 - 교량,이륜,남,76세,상해없음,승용,여,42세,상해없음
2017042600100363,2017년 4월 26일 15시,수요일,강원도 원주시 단구동,경상사고,0,0,1,0,차대차 - 측면충돌,직진우회전진행방해,건조,맑음,교차로 - 교차로안,승용,남,20세,상해없음,승용,여,23세,경상
2017042600100364,2017년 4월 26일 15시,수요일,강원도 원주시 우산동,경상사고,0,0,1,0,차대차 - 측면충돌,교차로운행방법위반,건조,맑음,교차로 - 교차로안,이륜,남,51세,상해없음,이륜,남,23세,경상
2017042600100365,2017년 4월 26일 15시,수요일,강원도 양구군 양구읍,중상사고,0,1,0,0,차대사람 - 횡단중,안전운전불이행,건조,맑음,교차로 - 교차로횡단보도내,승용,여,53세,상해없음,보행자,남,65세,중상
2017042600100403,2017년 4월 26일 16시,수요일,강원도 강릉시 입암동,경상사고,0,0,1,0,차대차 - 측면충돌,안전운전불이행,건조,맑음,단일로 - 기타,기타불명,기타불명,미분류,기타불명,자전거,남,17세,경상
2017042600100404,2017년 4월 26일 16시,수요일,강원도 원주시 소초면,중상사고,0,1,0,0,차대사람 - 횡단중,안전운전불이행,건조,맑음,주차장 - 주차장,승용,남,37세,상해없음,보행자,여,77세,중상
2017042600100405,2017년 4월 26일 16시,수요일,강원도 원주시 반곡동,경상사고,0,0,1,0,차대차 - 측면충돌,안전운전불이행,건조,맑음,단일로 - 기타,승용,남,36세,상해없음,이륜,남,58세,경상
2017042600100406,2017년 4월 26일 16시,수요일,강원도 화천군 화천읍,경상사고,0,0,1,0,차대차 - 측면충돌,안전운전불이행,건조,맑음,단일로 - 기타,승용,남,43세,상해없음,사륜오토바이(ATV),여,64세,경상
2017042600100445,2017년 4월 26일 17시,수요일,강원도 원주시 무실동,경상사고,0,0,2,0,차대사람 - 횡단중,보행자보호의무위반,건조,맑음,단일로 - 기타,승용,남,38세,상해없음,보행자,남,7세,경상
2017042600100446,2017년 4월 26일 17시,수요일,강원도 원주시 무실동,경상사고,0,0,1,0,차대차 - 추돌,안전거리미확보,건조,맑음,교차로 - 교차로부근,화물,남,28세,상해없음,화물,남,53세,경상
2017042600100483,2017년 4월 26일 18시,수요일,강원도 평창군 평창읍,중상사고,0,1,2,0,차대차 - 측면충돌,중앙선침범,건조,맑음,단일로 - 기타,승용,여,24세,경상,승용,여,40세,경상
2017042600100523,2017년 4월 26일 19시,수요일,강원도 춘천시 후평동,부상신고사고,0,0,0,1,차대차 - 측면충돌,안전운전불이행,건조,맑음,교차로 - 교차로안,원동기,남,22세,부상신고,승합,남,50세,상해없음
2017042600100524,2017년 4월 26일 19시,수요일,강원도 강릉시 강동면,중상사고,0,1,0,0,차대사람 - 길가장자리구역통행중,안전운전불이행,건조,맑음,단일로 - 기타,승용,남,48세,상해없음,보행자,여,54세,중상
2017042600100525,2017년 4월 26일 19시,수요일,강원도 원주시 단구동,경상사고,0,0,3,0,차대차 - 측면충돌,안전운전불이행,건조,맑음,교차로 - 교차로안,승용,남,19세,상해없음,승용,여,55세,경상
2017042600100526,2017년 4월 26일 19시,수요일,강원도 원주시 봉산동,경상사고,0,0,1,0,차대차 - 추돌,안전운전불이행,건조,맑음,교차로 - 교차로안,화물,남,63세,상해없음,승용,남,42세,경상
2017042600100585,2017년 4월 26일 21시,수요일,강원도 횡성군 공근면,중상사고,0,1,0,0,차대차 - 측면충돌,중앙선침범,건조,맑음,단일로 - 기타,화물,남,38세,상해없음,승용,남,44세,중상
2017042600100644,2017년 4월 26일 23시,수요일,강원도 춘천시 퇴계동,경상사고,0,0,1,0,차대차 - 측면충돌,중앙선침범,건조,맑음,교차로 - 교차로부근,승용,남,62세,상해없음,원동기,남,29세,경상
2017042700100131,2017년 4월 27일 08시,목요일,강원도 춘천시 퇴계동,중상사고,0,1,0,0,차대사람 - 횡단중,신호위반,건조,맑음,교차로 - 교차로안,화물,남,74세,상해없음,보행자,남,49세,중상
2017042700100132,2017년 4월 27일 08시,목요일,강원도 원주시 학성동,경상사고,0,0,1,0,차대차 - 측면충돌,안전운전불이행,건조,맑음,교차로 - 교차로안,승용,남,50세,상해없음,승용,여,37세,경상
2017042700100133,2017년 4월 27일 08시,목요일,강원도 고성군 거진읍,경상사고,0,0,2,0,차대차 - 측면충돌,직진우회전진행방해,건조,맑음,교차로 - 교차로안,승용,남,58세,경상,승용,남,38세,경상
2017042700100197,2017년 4월 27일 10시,목요일,강원도 원주시 단구동,경상사고,0,0,1,0,차대차 - 측면충돌,교차로운행방법위반,건조,맑음,단일로 - 기타,화물,남,40세,상해없음,승합,남,38세,경상
2017042700100265,2017년 4월 27일 13시,목요일,강원도 춘천시 퇴계동,경상사고,0,0,1,0,차대차 - 측면충돌,신호위반,건조,맑음,교차로 - 교차로안,승용,남,41세,상해없음,승용,남,57세,경상
2017042700100266,2017년 4월 27일 13시,목요일,강원도 속초시 노학동,경상사고,0,0,2,0,차대차 - 측면충돌,신호위반,건조,맑음,교차로 - 교차로안,승합,남,35세,상해없음,승용,남,39세,경상
2017042700100338,2017년 4월 27일 15시,목요일,강원도 양양군 현남면,경상사고,0,0,4,0,차대차 - 측면충돌,안전운전불이행,건조,맑음,기타 - 기타,승용,여,53세,상해없음,승용,남,57세,경상
2017042700100339,2017년 4월 27일 15시,목요일,강원도 홍천군 남면,경상사고,0,0,1,0,차량단독 - 공작물충돌,안전운전불이행,건조,맑음,단일로 - 기타,승합,남,67세,상해없음,,,,
2017042700100373,2017년 4월 27일 16시,목요일,강원도 원주시 평원동,중상사고,0,1,0,0,차대사람 - 횡단중,교차로운행방법위반,건조,맑음,교차로 - 교차로부근,승용,남,63세,상해없음,보행자,여,72세,중상
2017042700100374,2017년 4월 27일 16시,목요일,강원도 원주시 신림면,경상사고,0,0,3,0,차대차 - 추돌,안전거리미확보,건조,맑음,단일로 - 기타,화물,남,59세,경상,화물,남,64세,경상
2017042700100418,2017년 4월 27일 17시,목요일,강원도 속초시 동명동,경상사고,0,0,1,0,차대차 - 측면충돌,안전운전불이행,건조,맑음,단일로 - 기타,승용,남,48세,상해없음,승용,남,62세,상해없음
2017042700100419,2017년 4월 27일 17시,목요일,강원도 홍천군 두촌면,중상사고,0,1,1,0,차대차 - 추돌,안전거리미확보,건조,맑음,교차로 - 교차로부근,승합,남,62세,상해없음,승용,여,47세,중상
2017042700100473,2017년 4월 27일 18시,목요일,강원도 원주시 문막읍,경상사고,0,0,1,0,차대차 - 추돌,안전운전불이행,건조,맑음,교차로 - 교차로안,승용,남,69세,상해없음,화물,남,33세,경상
2017042700100508,2017년 4월 27일 19시,목요일,강원도 원주시 단계동,경상사고,0,0,1,0,차대차 - 측면충돌,안전운전불이행,건조,맑음,교차로 - 교차로안,승용,여,58세,상해없음,승용,여,37세,경상
2017042700100509,2017년 4월 27일 19시,목요일,강원도 삼척시 교동,경상사고,0,0,1,0,차대차 - 측면충돌,안전운전불이행,건조,맑음,단일로 - 기타,승합,남,56세,상해없음,승용,남,30세,경상
2017042700100584,2017년 4월 27일 21시,목요일,강원도 춘천시 사농동,경상사고,0,0,5,0,차대차 - 정면충돌,신호위반,건조,맑음,교차로 - 교차로안,화물,남,42세,상해없음,승용,남,51세,경상
2017042700100585,2017년 4월 27일 21시,목요일,강원도 원주시 흥업면,부상신고사고,0,0,0,1,차대차 - 추돌,안전운전불이행,건조,맑음,교차로 - 교차로안,승용,여,47세,부상신고,승용,여,49세,상해없음
2017042700100586,2017년 4월 27일 21시,목요일,강원도 삼척시 남양동,경상사고,0,0,1,0,차대차 - 측면충돌,교차로운행방법위반,건조,맑음,교차로 - 교차로안,승용,남,66세,상해없음,승용,남,25세,경상
2017042700100642,2017년 4월 27일 23시,목요일,강원도 원주시 단구동,경상사고,0,0,1,0,차대차 - 측면충돌,직진우회전진행방해,건조,맑음,교차로 - 교차로안,승용,남,54세,상해없음,이륜,남,46세,경상
2017042800100046,2017년 4월 28일 02시,금요일,강원도 강릉시 주문진읍,경상사고,0,0,1,0,차량단독 - 공작물충돌,안전운전불이행,건조,맑음,단일로 - 기타,승용,여,27세,상해없음,,,,
2017042800100135,2017년 4월 28일 08시,금요일,강원도 원주시 개운동,중상사고,0,1,0,0,차대차 - 측면충돌,교차로운행방법위반,건조,맑음,교차로 - 교차로안,승용,남,52세,상해없음,자전거,남,20세,중상
2017042800100136,2017년 4월 28일 08시,금요일,강원도 고성군 토성면,경상사고,0,0,1,0,차대사람 - 차도통행중,안전운전불이행,건조,맑음,단일로 - 기타,화물,남,53세,상해없음,보행자,남,10세,경상
2017042800100219,2017년 4월 28일 10시,금요일,강원도 동해시 천곡동,중상사고,0,1,0,0,차대차 - 기타,직진우회전진행방해,건조,맑음,교차로 - 교차로안,승용,여,49세,상해없음,이륜,남,23세,중상
2017042800100288,2017년 4월 28일 12시,금요일,강원도 양양군 양양읍,경상사고,0,0,1,0,차대사람 - 횡단중,안전운전불이행,건조,맑음,단일로 - 기타,승용,남,76세,상해없음,보행자,여,58세,경상
2017042800100318,2017년 4월 28일 13시,금요일,강원도 춘천시 후평동,중상사고,0,1,0,0,차대사람 - 기타,안전운전불이행,건조,맑음,교차로 - 교차로안,승용,여,58세,상해없음,보행자,여,62세,중상
2017042800100319,2017년 4월 28일 13시,금요일,강원도 강릉시 강동면,경상사고,0,0,1,0,차대차 - 정면충돌,중앙선침범,건조,맑음,단일로 - 기타,승용,남,81세,상해없음,화물,남,67세,경상
2017042800100320,2017년 4월 28일 13시,금요일,강원도 강릉시 옥계면,경상사고,0,0,1,0,차대차 - 추돌,안전운전불이행,건조,맑음,단일로 - 기타,승용,남,58세,상해없음,승용,여,51세,경상
2017042800100321,2017년 4월 28일 13시,금요일,강원도 원주시 반곡동,경상사고,0,0,2,0,차대차 - 추돌,안전운전불이행,건조,맑음,단일로 - 기타,화물,남,51세,상해없음,승용,남,37세,경상
2017042800100353,2017년 4월 28일 14시,금요일,강원도 춘천시 퇴계동,경상사고,0,0,1,0,차대차 - 측면충돌,안전거리미확보,건조,맑음,교차로 - 교차로부근,승용,남,77세,상해없음,승용,여,51세,경상
2017042800100384,2017년 4월 28일 15시,금요일,강원도 강릉시 왕산면,중상사고,0,1,0,0,차대차 - 추돌,안전운전불이행,건조,맑음,단일로 - 기타,화물,남,55세,상해없음,농기계,남,82세,중상
2017042800100422,2017년 4월 28일 16시,금요일,강원도 춘천시 퇴계동,중상사고,0,1,0,0,차대차 - 추돌,안전운전불이행,건조,맑음,단일로 - 기타,화물,남,39세,상해없음,이륜,남,70세,중상
2017042800100423,2017년 4월 28일 16시,금요일,강원도 강릉시 교동,중상사고,0,1,0,0,차량단독 - 기타,안전운전불이행,기타,기타,교차로 - 교차로안,승합,남,53세,상해없음,,,,
2017042800100424,2017년 4월 28일 16시,금요일,강원도 영월군 영월읍,중상사고,0,1,0,0,차대사람 - 횡단중,보행자보호의무위반,건조,맑음,단일로 - 기타,승용,여,58세,상해없음,보행자,남,6세,중상
2017042800100425,2017년 4월 28일 16시,금요일,강원도 홍천군 북방면,경상사고,0,0,1,0,차대차 - 정면충돌,교차로운행방법위반,건조,맑음,교차로 - 교차로안,승용,여,55세,상해없음,승용,여,51세,경상
2017042800100426,2017년 4월 28일 16시,금요일,강원도 평창군 진부면,경상사고,0,0,1,0,차대차 - 추돌,안전거리미확보,건조,맑음,단일로 - 기타,화물,남,60세,상해없음,승용,남,38세,상해없음
2017042800100470,2017년 4월 28일 17시,금요일,강원도 평창군 진부면,경상사고,0,0,1,0,차대사람 - 횡단중,보행자보호의무위반,건조,맑음,교차로 - 교차로횡단보도내,승용,여,29세,상해없음,보행자,여,8세,경상
2017042800100504,2017년 4월 28일 18시,금요일,강원도 원주시 단구동,경상사고,0,0,1,0,차대차 - 측면충돌,안전운전불이행,건조,맑음,단일로 - 기타,승용,남,35세,상해없음,승용,여,41세,경상
2017042800100597,2017년 4월 28일 20시,금요일,강원도 춘천시 후평동,경상사고,0,0,1,0,차대차 - 기타,신호위반,건조,맑음,교차로 - 교차로안,승용,남,56세,기타불명,승용,남,22세,상해없음
2017042800100598,2017년 4월 28일 20시,금요일,강원도 춘천시 후평동,경상사고,0,0,1,0,차대사람 - 횡단중,안전운전불이행,건조,맑음,단일로 - 기타,기타불명,기타불명,미분류,기타불명,보행자,여,12세,경상
2017042800100599,2017년 4월 28일 20시,금요일,강원도 횡성군 서원면,중상사고,0,1,0,0,차량단독 - 전도전복 - 전도,안전운전불이행,건조,맑음,교차로 - 교차로안,농기계,남,74세,중상,,,,
2017042800100630,2017년 4월 28일 21시,금요일,강원도 강릉시 교동,경상사고,0,0,5,0,차대차 - 추돌,안전운전불이행,건조,맑음,교차로 - 교차로부근,승합,남,56세,상해없음,승합,남,31세,경상
2017042800100631,2017년 4월 28일 21시,금요일,강원도 원주시 판부면,중상사고,0,1,0,0,차대차 - 측면충돌,안전운전불이행,건조,맑음,교차로 - 교차로부근,승용,남,37세,상해없음,승용,남,66세,중상
2017042800100666,2017년 4월 28일 22시,금요일,강원도 철원군 철원읍,중상사고,0,1,0,0,차대차 - 측면충돌,직진우회전진행방해,건조,맑음,교차로 - 교차로안,승용,여,49세,상해없음,원동기,남,57세,중상
2017042900100026,2017년 4월 29일 00시,토요일,강원도 춘천시 효자동,경상사고,0,0,1,0,차대사람 - 횡단중,안전운전불이행,건조,맑음,단일로 - 기타,승용,남,48세,상해없음,보행자,남,31세,경상
2017042900100027,2017년 4월 29일 00시,토요일,강원도 원주시 소초면,경상사고,0,0,1,0,차대차 - 측면충돌,안전운전불이행,건조,맑음,단일로 - 기타,승용,남,34세,상해없음,승용,남,47세,경상
2017042900100054,2017년 4월 29일 01시,토요일,강원도 원주시 단구동,중상사고,0,1,0,0,차대사람 - 횡단중,보행자보호의무위반,건조,맑음,교차로 - 교차로횡단보도내,승용,남,45세,상해없음,보행자,여,43세,중상
2017042900100069,2017년 4월 29일 02시,토요일,강원도 태백시 황지동,경상사고,0,0,1,0,차대사람 - 기타,기타,건조,맑음,단일로 - 기타,승용,남,49세,상해없음,보행자,남,63세,경상
2017042900100089,2017년 4월 29일 04시,토요일,강원도 원주시 단계동,경상사고,0,0,1,0,차대차 - 측면충돌,중앙선침범,건조,맑음,교차로 - 교차로부근,승용,남,30세,상해없음,이륜,남,65세,경상
2017042900100100,2017년 4월 29일 05시,토요일,강원도 원주시 개운동,경상사고,0,0,4,0,차대차 - 측면충돌,신호위반,젖음/습기,흐림,교차로 - 교차로안,승용,남,55세,상해없음,화물,남,62세,경상
2017042900100135,2017년 4월 29일 07시,토요일,강원도 홍천군 내촌면,중상사고,0,1,3,0,차대차 - 정면충돌,중앙선침범,건조,맑음,단일로 - 기타,승용,여,65세,경상,화물,남,35세,경상
2017042900100151,2017년 4월 29일 08시,토요일,강원도 원주시 우산동,경상사고,0,0,5,0,차대차 - 측면충돌,직진우회전진행방해,건조,맑음,교차로 - 교차로안,승용,남,68세,경상,이륜,남,24세,경상
2017042900100152,2017년 4월 29일 08시,토요일,강원도 원주시 반곡동,경상사고,0,0,1,0,차대차 - 측면충돌,교차로운행방법위반,건조,맑음,단일로 - 기타,승용,여,32세,상해없음,승용,남,68세,경상
2017042900100153,2017년 4월 29일 08시,토요일,강원도 홍천군 동면,경상사고,0,0,1,0,차대차 - 추돌,안전운전불이행,건조,맑음,교차로 - 교차로부근,승합,남,55세,상해없음,자전거,남,70세,경상
2017042900100181,2017년 4월 29일 09시,토요일,강원도 원주시 문막읍,경상사고,0,0,1,0,차대차 - 추돌,안전운전불이행,건조,맑음,교차로 - 교차로안,승용,여,38세,경상,건설기계,남,44세,상해없음
2017042900100182,2017년 4월 29일 09시,토요일,강원도 태백시 황지동,경상사고,0,0,1,0,차대사람 - 차도통행중,안전운전불이행,건조,맑음,단일로 - 기타,승용,남,73세,상해없음,보행자,여,61세,경상
2017042900100223,2017년 4월 29일 10시,토요일,강원도 춘천시 후평동,경상사고,0,0,1,0,차대차 - 추돌,안전운전불이행,건조,맑음,단일로 - 기타,승용,남,47세,상해없음,승용,남,59세,경상
2017042900100246,2017년 4월 29일 11시,토요일,강원도 원주시 단구동,중상사고,0,1,0,0,차대차 - 측면충돌,안전운전불이행,건조,맑음,단일로 - 기타,화물,남,26세,기타불명,자전거,남,34세,중상
2017042900100247,2017년 4월 29일 11시,토요일,강원도 원주시 단계동,경상사고,0,0,1,0,차대사람 - 횡단중,보행자보호의무위반,건조,맑음,교차로 - 교차로횡단보도내,승용,여,58세,상해없음,보행자,여,73세,경상
2017042900100285,2017년 4월 29일 12시,토요일,강원도 춘천시 동면,경상사고,0,0,2,0,차대차 - 측면충돌,안전거리미확보,건조,맑음,단일로 - 기타,화물,여,60세,상해없음,승용,남,67세,경상
2017042900100322,2017년 4월 29일 13시,토요일,강원도 강릉시 옥천동,중상사고,0,1,0,0,차대차 - 측면충돌,안전운전불이행,건조,맑음,교차로 - 교차로부근,승용,남,49세,상해없음,자전거,남,80세,중상
2017042900100323,2017년 4월 29일 13시,토요일,강원도 원주시 호저면,중상사고,0,1,3,0,차대차 - 측면충돌,신호위반,건조,맑음,교차로 - 교차로안,화물,남,50세,경상,승용,여,59세,중상
2017042900100324,2017년 4월 29일 13시,토요일,강원도 홍천군 북방면,중상사고,0,1,0,0,차대차 - 정면충돌,안전운전불이행,건조,맑음,교차로 - 교차로안,승용,여,57세,상해없음,사륜오토바이(ATV),남,78세,중상
2017042900100325,2017년 4월 29일 13시,토요일,강원도 정선군 임계면,경상사고,0,0,1,0,차대차 - 측면충돌,중앙선침범,건조,맑음,단일로 - 기타,건설기계,남,51세,상해없음,승용,남,47세,경상
2017042900100326,2017년 4월 29일 13시,토요일,강원도 동해시 효가동,경상사고,0,0,1,0,차대차 - 측면충돌,안전운전불이행,건조,맑음,단일로 - 기타,승용,여,46세,상해없음,승용,남,35세,경상
2017042900100327,2017년 4월 29일 13시,토요일,강원도 동해시 발한동,경상사고,0,0,1,0,차대차 - 측면충돌,안전거리미확보,건조,맑음,단일로 - 기타,승용,남,66세,상해없음,승용,남,59세,경상
2017042900100364,2017년 4월 29일 14시,토요일,강원도 춘천시 신동면,중상사고,0,1,0,0,차대차 - 기타,안전운전불이행,건조,맑음,단일로 - 기타,기타불명,기타불명,미분류,기타불명,자전거,여,55세,중상