사고번호,사고일시,요일,시군구,사고내용,사망자수,중상자수,경상자수,부상신고자수,사고유형,법규위반,노면상태,기상상태,도로형태,가해운전자 차종,가해운전자 성별,가해운전자 연령,가해운전자 상해정도,피해운전자 차종,피해운전자 성별,피해운전자 연령,피해운전자 상해정도
2017042900100400,2017년 4월 29일 15시,토요일,강원도 원주시 문막읍,중상사고,0,1,3,1,차대차 - 추돌,안전운전불이행,건조,맑음,교차로 - 교차로안,승용,남,36세,부상신고,승용,남,59세,중상
2017042900100401,2017년 4월 29일 15시,토요일,강원도 양양군 손양면,중상사고,0,1,0,0,차대차 - 측면충돌,안전운전불이행,건조,맑음,교차로 - 교차로부근,승용,남,27세,상해없음,자전거,여,38세,중상
2017042900100441,2017년 4월 29일 16시,토요일,강원도 춘천시 퇴계동,경상사고,0,0,2,0,차대차 - 측면충돌,신호위반,건조,맑음,교차로 - 교차로안,승용,여,51세,상해없음,승용,남,42세,경상
2017042900100442,2017년 4월 29일 16시,토요일,강원도 원주시 문막읍,중상사고,0,2,1,0,차대차 - 추돌,안전거리미확보,건조,맑음,단일로 - 기타,승용,남,76세,상해없음,승용,남,52세,중상
2017042900100443,2017년 4월 29일 16시,토요일,강원도 태백시 황지동,경상사고,0,0,1,0,차대사람 - 횡단중,안전운전불이행,건조,맑음,단일로 - 기타,승용,남,57세,상해없음,보행자,남,6세,경상
2017042900100540,2017년 4월 29일 18시,토요일,강원도 원주시 판부면,부상신고사고,0,0,0,1,차대차 - 정면충돌,안전운전불이행,건조,맑음,단일로 - 지하차도(도로)내,기타불명,기타불명,미분류,기타불명,자전거,남,27세,부상신고
2017042900100541,2017년 4월 29일 18시,토요일,강원도 홍천군 북방면,중상사고,0,2,0,0,차량단독 - 전도전복 - 전도,안전운전불이행,건조,맑음,단일로 - 기타,승용,남,78세,상해없음,,,,
2017042900100568,2017년 4월 29일 19시,토요일,강원도 홍천군 홍천읍,경상사고,0,0,1,0,차대차 - 추돌,안전운전불이행,건조,맑음,교차로 - 교차로부근,화물,남,50세,상해없음,승용,남,35세,경상
2017042900100599,2017년 4월 29일 20시,토요일,강원도 춘천시 사농동,사망사고,1,0,0,0,차대사람 - 횡단중,안전운전불이행,건조,맑음,단일로 - 기타,건설기계,남,55세,상해없음,보행자,여,80세,사망
2017042900100600,2017년 4월 29일 20시,토요일,강원도 춘천시 석사동,경상사고,0,0,1,0,차대차 - 추돌,안전운전불이행,건조,맑음,교차로 - 교차로부근,승용,여,31세,상해없음,승용,여,52세,경상
2017042900100632,2017년 4월 29일 21시,토요일,강원도 원주시 문막읍,중상사고,0,1,0,0,차대차 - 측면충돌,교차로운행방법위반,건조,맑음,교차로 - 교차로안,승용,남,29세,상해없음,이륜,남,16세,중상
2017042900100683,2017년 4월 29일 23시,토요일,강원도 원주시 관설동,중상사고,0,1,0,0,차대차 - 측면충돌,안전운전불이행,건조,맑음,단일로 - 기타,승용,남,53세,상해없음,승용,남,47세,상해없음
2017043000100063,2017년 4월 30일 03시,일요일,강원도 춘천시 효자동,경상사고,0,0,1,0,차대사람 - 횡단중,안전운전불이행,건조,맑음,교차로 - 교차로횡단보도내,승용,남,30세,상해없음,보행자,남,33세,경상
2017043000100120,2017년 4월 30일 09시,일요일,강원도 태백시 장성동,중상사고,0,1,0,0,차대사람 - 기타,안전운전불이행,기타,기타,단일로 - 기타,승용,남,57세,상해없음,보행자,남,63세,중상
2017043000100171,2017년 4월 30일 11시,일요일,강원도 강릉시 연곡면,경상사고,0,0,2,0,차대차 - 측면충돌,안전운전불이행,건조,맑음,교차로 - 교차로안,화물,남,50세,상해없음,승용,여,41세,경상
2017043000100198,2017년 4월 30일 12시,일요일,강원도 원주시 신림면,경상사고,0,0,2,0,차대차 - 측면충돌,안전운전불이행,건조,맑음,교차로 - 교차로안,화물,남,65세,상해없음,승용,여,41세,경상
2017043000100254,2017년 4월 30일 14시,일요일,강원도 춘천시 서면,부상신고사고,0,0,0,1,차대차 - 측면충돌,안전운전불이행,건조,맑음,단일로 - 기타,승용,남,30세,상해없음,자전거,남,50세,부상신고
2017043000100318,2017년 4월 30일 16시,일요일,강원도 홍천군 서면,중상사고,0,2,4,0,차대차 - 정면충돌,중앙선침범,건조,맑음,단일로 - 기타,승용,여,24세,상해없음,승용,남,43세,경상
2017043000100357,2017년 4월 30일 17시,일요일,강원도 춘천시 운교동,경상사고,0,0,2,0,차대차 - 측면충돌,안전거리미확보,건조,맑음,단일로 - 기타,승용,여,39세,경상,승합,남,44세,상해없음
2017043000100358,2017년 4월 30일 17시,일요일,강원도 원주시 단계동,경상사고,0,0,2,0,차대차 - 측면충돌,안전운전불이행,건조,맑음,교차로 - 교차로안,승용,여,49세,상해없음,승용,여,51세,경상
2017043000100380,2017년 4월 30일 18시,일요일,강원도 정선군 정선읍,중상사고,0,1,0,0,차대사람 - 기타,안전운전불이행,건조,맑음,단일로 - 기타,승용,여,45세,상해없음,보행자,남,54세,중상
2017043000100381,2017년 4월 30일 18시,일요일,강원도 동해시 대진동,경상사고,0,0,1,0,차대사람 - 횡단중,안전운전불이행,건조,맑음,단일로 - 기타,승용,남,38세,상해없음,보행자,남,7세,경상
2017043000100408,2017년 4월 30일 19시,일요일,강원도 원주시 일산동,중상사고,0,1,0,0,차대차 - 측면충돌,신호위반,건조,맑음,교차로 - 교차로안,승합,남,33세,상해없음,승용,여,49세,중상
2017043000100409,2017년 4월 30일 19시,일요일,강원도 삼척시 당저동,경상사고,0,0,2,0,차대차 - 측면충돌,직진우회전진행방해,건조,맑음,교차로 - 교차로안,승용,남,60세,상해없음,승용,여,46세,경상
2017043000100439,2017년 4월 30일 20시,일요일,강원도 춘천시 서면,경상사고,0,0,2,1,차대차 - 측면충돌,중앙선침범,건조,맑음,단일로 - 기타,승합,남,64세,상해없음,승용,여,53세,경상
2017043000100465,2017년 4월 30일 21시,일요일,강원도 속초시 교동,경상사고,0,0,1,0,차대차 - 측면충돌,교차로운행방법위반,건조,맑음,교차로 - 교차로안,승용,남,68세,상해없음,원동기,남,23세,경상
2017043000100484,2017년 4월 30일 22시,일요일,강원도 원주시 단구동,경상사고,0,0,2,0,차대차 - 측면충돌,안전운전불이행,건조,맑음,교차로 - 교차로안,승용,남,50세,상해없음,승용,여,52세,경상
2017050100100017,2017년 5월 1일 00시,월요일,강원도 동해시 쇄운동,경상사고,0,0,1,0,차대사람 - 횡단중,안전운전불이행,건조,맑음,교차로 - 교차로안,승용,남,62세,상해없음,보행자,여,69세,경상
2017050100100037,2017년 5월 1일 02시,월요일,강원도 춘천시 낙원동,중상사고,0,1,0,0,차대사람 - 횡단중,안전운전불이행,건조,맑음,단일로 - 기타,기타불명,기타불명,미분류,기타불명,보행자,남,50세,중상
2017050100100038,2017년 5월 1일 02시,월요일,강원도 태백시 동점동,경상사고,0,0,2,0,차량단독 - 전도전복 - 전도,안전운전불이행,건조,맑음,단일로 - 기타,승용,여,51세,경상,,,,
2017050100100066,2017년 5월 1일 06시,월요일,강원도 원주시 단구동,경상사고,0,0,1,0,차대차 - 측면충돌,신호위반,건조,맑음,교차로 - 교차로안,승용,남,21세,상해없음,승용,남,61세,경상
2017050100100067,2017년 5월 1일 06시,월요일,강원도 철원군 김화읍,경상사고,0,0,1,0,차대차 - 추돌,안전운전불이행,건조,맑음,단일로 - 기타,화물,남,60세,상해없음,승용,남,36세,경상
2017050100100074,2017년 5월 1일 07시,월요일,강원도 속초시 노학동,경상사고,0,0,3,0,차대차 - 측면충돌,신호위반,건조,맑음,교차로 - 교차로안,승용,여,34세,상해없음,승용,남,63세,경상
2017050100100098,2017년 5월 1일 08시,월요일,강원도 강릉시 내곡동,경상사고,0,0,1,0,차대차 - 추돌,안전운전불이행,건조,맑음,교차로 - 교차로부근,승용,남,47세,상해없음,승용,여,53세,경상
2017050100100119,2017년 5월 1일 09시,월요일,강원도 강릉시 주문진읍,중상사고,0,1,0,0,차대사람 - 횡단중,중앙선침범,건조,맑음,단일로 - 기타,이륜,남,62세,상해없음,보행자,남,34세,중상
2017050100100120,2017년 5월 1일 09시,월요일,강원도 원주시 개운동,경상사고,0,0,2,0,차대차 - 측면충돌,안전운전불이행,건조,맑음,단일로 - 기타,승용,남,51세,상해없음,승용,여,44세,경상
2017050100100121,2017년 5월 1일 09시,월요일,강원도 철원군 동송읍,중상사고,0,1,0,0,차대차 - 측면충돌,교차로운행방법위반,건조,맑음,교차로 - 교차로안,화물,남,55세,상해없음,원동기,남,70세,중상
2017050100100173,2017년 5월 1일 11시,월요일,강원도 속초시 교동,경상사고,0,0,1,0,차대차 - 추돌,안전운전불이행,건조,맑음,교차로 - 교차로안,승용,남,42세,상해없음,승용,여,36세,경상
2017050100100174,2017년 5월 1일 11시,월요일,강원도 영월군 영월읍,중상사고,0,1,0,0,차대사람 - 횡단중,보행자보호의무위반,건조,맑음,교차로 - 교차로안,화물,남,45세,상해없음,보행자,여,70세,중상
2017050100100175,2017년 5월 1일 11시,월요일,강원도 횡성군 횡성읍,경상사고,0,0,1,0,차대차 - 기타,안전거리미확보,건조,맑음,단일로 - 기타,승용,여,57세,상해없음,승합,남,50세,상해없음
2017050100100206,2017년 5월 1일 12시,월요일,강원도 강릉시 교동,중상사고,0,1,1,0,차대차 - 기타,안전운전불이행,건조,맑음,단일로 - 기타,승용,여,23세,상해없음,승용,기타불명,미분류,기타불명
2017050100100207,2017년 5월 1일 12시,월요일,강원도 원주시 무실동,경상사고,0,0,1,0,차대차 - 기타,안전운전불이행,건조,맑음,교차로 - 교차로안,승용,여,23세,상해없음,승용,남,28세,경상
2017050100100279,2017년 5월 1일 14시,월요일,강원도 춘천시 사농동,중상사고,0,1,0,0,차대차 - 측면충돌,안전운전불이행,건조,맑음,단일로 - 기타,화물,남,54세,상해없음,이륜,남,30세,중상
2017050100100280,2017년 5월 1일 14시,월요일,강원도 강릉시 포남동,중상사고,0,1,1,0,차대차 - 추돌,안전운전불이행,건조,맑음,단일로 - 기타,승용,남,70세,상해없음,승용,남,56세,중상
2017050100100319,2017년 5월 1일 15시,월요일,강원도 춘천시 북산면,경상사고,0,0,4,0,차대차 - 기타,중앙선침범,건조,맑음,단일로 - 기타,승용,남,52세,상해없음,승용,남,26세,경상
2017050100100320,2017년 5월 1일 15시,월요일,강원도 삼척시 근덕면,중상사고,0,1,0,0,차대사람 - 횡단중,안전운전불이행,건조,맑음,단일로 - 기타,승용,남,43세,상해없음,보행자,여,64세,중상
2017050100100321,2017년 5월 1일 15시,월요일,강원도 홍천군 홍천읍,경상사고,0,0,1,0,차대사람 - 횡단중,안전운전불이행,건조,맑음,단일로 - 기타,승용,여,61세,상해없음,보행자,남,62세,경상
2017050100100364,2017년 5월 1일 16시,월요일,강원도 고성군 죽왕면,중상사고,0,1,0,0,차대차 - 정면충돌,안전거리미확보,건조,맑음,기타 - 기타,화물,남,56세,상해없음,화물,남,56세,상해없음
2017050100100365,2017년 5월 1일 16시,월요일,강원도 동해시 나안동,경상사고,0,0,2,0,차대차 - 측면충돌,신호위반,건조,맑음,교차로 - 교차로안,승용,남,65세,상해없음,승용,여,35세,경상
2017050100100396,2017년 5월 1일 17시,월요일,강원도 원주시 호저면,경상사고,0,0,1,0,차대차 - 측면충돌,안전거리미확보,건조,맑음,교차로 - 교차로안,화물,남,39세,상해없음,승용,여,41세,경상
2017050100100397,2017년 5월 1일 17시,월요일,강원도 양구군 양구읍,중상사고,0,1,0,0,차대차 - 추돌,안전거리미확보,건조,맑음,교차로 - 교차로부근,화물,남,58세,상해없음,화물,남,53세,중상
2017050100100433,2017년 5월 1일 18시,월요일,강원도 원주시 일산동,중상사고,0,1,0,0,차대차 - 측면충돌,직진우회전진행방해,건조,맑음,교차로 - 교차로안,화물,남,64세,상해없음,승용,여,35세,중상
2017050100100434,2017년 5월 1일 18시,월요일,강원도 원주시 무실동,경상사고,0,0,6,0,차대차 - 측면충돌,안전거리미확보,건조,맑음,단일로 - 기타,승합,남,30세,상해없음,승용,여,36세,경상
2017050100100435,2017년 5월 1일 18시,월요일,강원도 동해시 천곡동,중상사고,0,1,0,0,차대사람 - 횡단중,안전운전불이행,건조,맑음,단일로 - 기타,승용,남,74세,상해없음,보행자,남,55세,중상
2017050100100477,2017년 5월 1일 19시,월요일,강원도 춘천시 조양동,경상사고,0,0,1,0,차대사람 - 기타,안전운전불이행,건조,맑음,단일로 - 기타,화물,남,26세,상해없음,보행자,여,36세,경상
2017050100100506,2017년 5월 1일 20시,월요일,강원도 춘천시 남산면,경상사고,0,0,1,0,차대사람 - 횡단중,안전운전불이행,건조,맑음,단일로 - 기타,승용,남,59세,상해없음,보행자,남,24세,경상
2017050100100507,2017년 5월 1일 20시,월요일,강원도 정선군 고한읍,중상사고,0,1,0,0,차대사람 - 횡단중,안전운전불이행,건조,맑음,단일로 - 기타,승용,남,62세,상해없음,보행자,여,54세,중상
2017050100100535,2017년 5월 1일 21시,월요일,강원도 춘천시 석사동,중상사고,0,1,0,0,차대차 - 측면충돌,안전운전불이행,건조,맑음,교차로 - 교차로부근,승용,남,37세,상해없음,이륜,남,51세,중상
2017050100100559,2017년 5월 1일 22시,월요일,강원도 영월군 영월읍,경상사고,0,0,1,1,차대차 - 정면충돌,중앙선침범,건조,맑음,단일로 - 기타,승용,남,33세,상해없음,승용,여,55세,경상
2017050200100049,2017년 5월 2일 03시,화요일,강원도 강릉시 교동,경상사고,0,0,1,0,차대차 - 측면충돌,신호위반,건조,맑음,교차로 - 교차로안,승용,여,32세,상해없음,화물,남,70세,경상
2017050200100055,2017년 5월 2일 04시,화요일,강원도 원주시 우산동,사망사고,1,1,0,0,차대차 - 측면충돌,중앙선침범,건조,맑음,단일로 - 기타,승합,남,43세,중상,승용,남,67세,사망
2017050200100063,2017년 5월 2일 05시,화요일,강원도 원주시 문막읍,경상사고,0,0,1,0,차대차 - 추돌,안전운전불이행,건조,맑음,단일로 - 기타,승용,여,21세,상해없음,화물,남,42세,경상
2017050200100162,2017년 5월 2일 09시,화요일,강원도 양구군 양구읍,경상사고,0,0,2,0,차대차 - 정면충돌,안전거리미확보,건조,맑음,단일로 - 기타,건설기계,남,40세,경상,화물,남,40세,경상
2017050200100193,2017년 5월 2일 10시,화요일,강원도 춘천시 근화동,경상사고,0,0,2,0,차대차 - 추돌,안전거리미확보,건조,맑음,단일로 - 기타,승합,남,44세,경상,승용,남,57세,경상
2017050200100194,2017년 5월 2일 10시,화요일,강원도 원주시 단구동,경상사고,0,0,1,0,차대사람 - 횡단중,보행자보호의무위반,건조,맑음,교차로 - 교차로안,승용,남,20세,상해없음,보행자,남,75세,경상
2017050200100212,2017년 5월 2일 11시,화요일,강원도 춘천시 석사동,경상사고,0,0,3,0,차대차 - 추돌,안전거리미확보,건조,맑음,교차로 - 교차로부근,승용,남,57세,상해없음,승용,남,64세,경상
2017050200100213,2017년 5월 2일 11시,화요일,강원도 속초시 중앙동,경상사고,0,0,1,0,차대차 - 측면충돌,교차로운행방법위반,건조,맑음,교차로 - 교차로안,승용,남,49세,상해없음,화물,남,58세,경상
2017050200100242,2017년 5월 2일 12시,화요일,강원도 강릉시 옥천동,경상사고,0,0,1,0,차대차 - 추돌,안전운전불이행,건조,맑음,교차로 - 교차로안,승용,여,21세,상해없음,원동기,남,41세,경상
2017050200100330,2017년 5월 2일 15시,화요일,강원도 춘천시 동내면,경상사고,0,0,2,0,차대차 - 기타,안전운전불이행,건조,맑음,교차로 - 교차로부근,화물,남,63세,상해없음,승용,남,28세,상해없음
2017050200100331,2017년 5월 2일 15시,화요일,강원도 원주시 문막읍,경상사고,0,0,1,0,차대차 - 측면충돌,안전운전불이행,건조,맑음,교차로 - 교차로안,승용,남,41세,상해없음,화물,남,34세,경상
2017050200100368,2017년 5월 2일 16시,화요일,강원도 춘천시 온의동,경상사고,0,0,1,0,차대차 - 추돌,안전운전불이행,건조,맑음,단일로 - 기타,화물,남,65세,상해없음,승용,남,59세,경상
2017050200100369,2017년 5월 2일 16시,화요일,강원도 원주시 우산동,경상사고,0,0,2,0,차대차 - 기타,교차로운행방법위반,건조,맑음,교차로 - 교차로안,승용,남,65세,상해없음,승용,남,23세,경상
2017050200100413,2017년 5월 2일 17시,화요일,강원도 강릉시 주문진읍,부상신고사고,0,0,0,1,차대차 - 추돌,안전운전불이행,건조,맑음,교차로 - 교차로안,승용,여,51세,상해없음,화물,남,39세,부상신고
2017050200100465,2017년 5월 2일 18시,화요일,강원도 강릉시 옥계면,경상사고,0,0,2,0,차대차 - 정면충돌,중앙선침범,건조,맑음,단일로 - 기타,승용,남,48세,상해없음,승용,남,30세,경상
2017050200100503,2017년 5월 2일 19시,화요일,강원도 춘천시 온의동,경상사고,0,0,2,0,차대차 - 정면충돌,신호위반,건조,맑음,교차로 - 교차로안,승용,남,61세,상해없음,승용,남,45세,경상
2017050200100537,2017년 5월 2일 20시,화요일,강원도 춘천시 조양동,경상사고,0,0,1,0,차대차 - 측면충돌,안전운전불이행,건조,맑음,단일로 - 기타,승용,남,25세,상해없음,승용,남,54세,경상
2017050200100538,2017년 5월 2일 20시,화요일,강원도 원주시 개운동,경상사고,0,0,1,0,차대차 - 측면충돌,안전거리미확보,건조,맑음,교차로 - 교차로안,승용,남,47세,상해없음,승용,여,45세,경상
2017050200100539,2017년 5월 2일 20시,화요일,강원도 양양군 양양읍,중상사고,0,1,4,0,차대차 - 측면충돌,안전운전불이행,건조,맑음,교차로 - 교차로안,승용,남,20세,상해없음,승용,남,43세,경상
2017050200100540,2017년 5월 2일 20시,화요일,강원도 동해시 망상동,경상사고,0,0,1,0,차대사람 - 기타,안전운전불이행,건조,맑음,기타 - 기타,승용,남,33세,상해없음,보행자,남,47세,경상
2017050300100107,2017년 5월 3일 07시,수요일,강원도 강릉시 강동면,중상사고,0,1,2,0,차대차 - 추돌,안전운전불이행,건조,맑음,단일로 - 터널,승용,남,22세,중상,승용,남,45세,상해없음
2017050300100141,2017년 5월 3일 09시,수요일,강원도 춘천시 서면,경상사고,0,0,1,0,차대차 - 측면충돌,기타,건조,맑음,교차로 - 교차로안,승용,남,36세,상해없음,이륜,남,82세,경상
2017050300100142,2017년 5월 3일 09시,수요일,강원도 원주시 신림면,경상사고,0,0,5,0,차대차 - 추돌,중앙선침범,건조,맑음,단일로 - 기타,화물,남,76세,상해없음,승용,남,55세,경상
2017050300100143,2017년 5월 3일 09시,수요일,강원도 홍천군 동면,경상사고,0,0,1,0,차대사람 - 길가장자리구역통행중,안전운전불이행,건조,맑음,단일로 - 기타,화물,남,58세,상해없음,보행자,남,33세,경상
2017050300100164,2017년 5월 3일 10시,수요일,강원도 춘천시 퇴계동,경상사고,0,0,1,0,차대차 - 후진중충돌,안전운전불이행,건조,맑음,교차로 - 교차로부근,승합,남,32세,상해없음,승용,남,50세,경상
2017050300100165,2017년 5월 3일 10시,수요일,강원도 원주시 단구동,경상사고,0,0,8,2,차대차 - 측면충돌,신호위반,건조,맑음,교차로 - 교차로안,승용,남,67세,경상,승용,남,60세,경상
2017050300100166,2017년 5월 3일 10시,수요일,강원도 평창군 대관령면,경상사고,0,0,2,0,차대차 - 추돌,안전운전불이행,건조,맑음,단일로 - 기타,건설기계,남,52세,상해없음,승용,남,26세,경상
2017050300100194,2017년 5월 3일 11시,수요일,강원도 홍천군 남면,경상사고,0,0,1,0,차대사람 - 횡단중,안전운전불이행,건조,맑음,단일로 - 기타,승용,여,43세,상해없음,보행자,여,16세,경상
2017050300100221,2017년 5월 3일 12시,수요일,강원도 원주시 단계동,경상사고,0,0,2,0,차대차 - 측면충돌,안전운전불이행,건조,맑음,교차로 - 교차로안,승용,여,40세,상해없음,승용,남,33세,경상
2017050300100222,2017년 5월 3일 12시,수요일,강원도 홍천군 홍천읍,경상사고,0,0,2,0,차대차 - 정면충돌,교차로운행방법위반,건조,맑음,교차로 - 교차로안,화물,남,36세,상해없음,승용,남,63세,경상
2017050300100250,2017년 5월 3일 13시,수요일,강원도 강릉시 주문진읍,중상사고,0,1,0,0,차대차 - 측면충돌,안전운전불이행,건조,맑음,교차로 - 교차로안,승용,남,68세,상해없음,원동기,남,37세,중상
2017050300100251,2017년 5월 3일 13시,수요일,강원도 강릉시 포남동,중상사고,0,1,0,0,차대사람 - 횡단중,안전운전불이행,건조,맑음,단일로 - 기타,승용,남,63세,상해없음,보행자,남,32세,중상
2017050300100252,2017년 5월 3일 13시,수요일,강원도 원주시 태장동,중상사고,0,1,0,0,차대차 - 추돌,안전운전불이행,건조,맑음,단일로 - 기타,건설기계,남,55세,기타불명,이륜,여,71세,중상
2017050300100253,2017년 5월 3일 13시,수요일,강원도 속초시 교동,경상사고,0,0,1,0,차대사람 - 횡단중,안전운전불이행,건조,맑음,단일로 - 지하차도(도로)내,화물,남,29세,상해없음,보행자,남,39세,경상
2017050300100254,2017년 5월 3일 13시,수요일,강원도 태백시 황지동,경상사고,0,0,2,0,차대차 - 측면충돌,교차로운행방법위반,건조,맑음,교차로 - 교차로안,승용,남,67세,상해없음,승용,남,59세,경상
2017050300100285,2017년 5월 3일 14시,수요일,강원도 횡성군 안흥면,중상사고,0,2,1,0,차대차 - 정면충돌,중앙선침범,건조,맑음,단일로 - 기타,승용,남,63세,중상,화물,남,60세,경상
2017050300100286,2017년 5월 3일 14시,수요일,강원도 횡성군 안흥면,중상사고,0,3,2,0,차대차 - 측면충돌,중앙선침범,건조,맑음,단일로 - 기타,승용,여,59세,상해없음,화물,남,54세,상해없음
2017050300100321,2017년 5월 3일 15시,수요일,강원도 양양군 양양읍,중상사고,0,1,1,0,차대차 - 측면충돌,교차로운행방법위반,건조,맑음,교차로 - 교차로안,승용,남,28세,상해없음,승용,남,62세,경상
2017050300100322,2017년 5월 3일 15시,수요일,강원도 인제군 남면,경상사고,0,0,2,0,차대차 - 정면충돌,중앙선침범,건조,맑음,단일로 - 기타,승용,남,62세,상해없음,승용,여,41세,경상
2017050300100357,2017년 5월 3일 16시,수요일,강원도 인제군 북면,경상사고,0,0,2,0,차대차 - 정면충돌,중앙선침범,건조,맑음,단일로 - 기타,승용,남,30세,상해없음,화물,남,61세,경상
2017050300100358,2017년 5월 3일 16시,수요일,강원도 동해시 천곡동,경상사고,0,0,1,0,차대차 - 측면충돌,신호위반,건조,맑음,교차로 - 교차로안,승용,남,65세,상해없음,승용,남,27세,경상
2017050300100395,2017년 5월 3일 17시,수요일,강원도 춘천시 동면,부상신고사고,0,0,0,1,차대차 - 측면충돌,안전운전불이행,건조,맑음,단일로 - 기타,승용,남,28세,상해없음,승용,남,55세,부상신고
2017050300100396,2017년 5월 3일 17시,수요일,강원도 춘천시 서면,경상사고,0,0,1,4,차대차 - 추돌,안전거리미확보,건조,맑음,단일로 - 기타,승용,남,25세,상해없음,승합,남,57세,경상
2017050300100397,2017년 5월 3일 17시,수요일,강원도 태백시 황지동,경상사고,0,0,1,2,차대차 - 측면충돌,교차로운행방법위반,건조,맑음,교차로 - 교차로안,승용,남,67세,상해없음,승용,남,53세,경상
2017050300100398,2017년 5월 3일 17시,수요일,강원도 강릉시 성산면,경상사고,0,0,1,0,차대차 - 측면충돌,차로위반,건조,맑음,단일로 - 기타,승용,남,58세,상해없음,승용,여,58세,경상
2017050300100430,2017년 5월 3일 18시,수요일,강원도 강릉시 연곡면,경상사고,0,0,1,0,차대차 - 측면충돌,안전운전불이행,건조,맑음,단일로 - 기타,승용,여,31세,상해없음,이륜,남,75세,경상
2017050300100431,2017년 5월 3일 18시,수요일,강원도 속초시 설악동,경상사고,0,0,2,0,차대차 - 측면충돌,안전운전불이행,건조,맑음,단일로 - 기타,농기계,남,76세,상해없음,승용,여,29세,경상
2017050300100432,2017년 5월 3일 18시,수요일,강원도 영월군 영월읍,경상사고,0,0,1,1,차대차 - 추돌,기타,건조,맑음,단일로 - 기타,승용,남,18세,상해없음,승용,남,38세,부상신고
2017050300100489,2017년 5월 3일 20시,수요일,강원도 원주시 흥업면,경상사고,0,0,3,0,차대차 - 추돌,안전운전불이행,건조,맑음,단일로 - 기타,승용,남,50세,상해없음,승용,남,57세,경상
2017050300100490,2017년 5월 3일 20시,수요일,강원도 속초시 청호동,경상사고,0,0,1,0,차대차 - 측면충돌,중앙선침범,건조,맑음,단일로 - 기타,승용,남,42세,상해없음,이륜,여,30세,경상
2017050300100491,2017년 5월 3일 20시,수요일,강원도 영월군 영월읍,부상신고사고,0,0,0,1,차대차 - 측면충돌,안전거리미확보,건조,맑음,단일로 - 기타,자전거,남,51세,부상신고,승용,남,60세,상해없음
2017050300100492,2017년 5월 3일 20시,수요일,강원도 홍천군 서면,경상사고,0,0,1,0,차대차 - 측면충돌,직진우회전진행방해,건조,맑음,교차로 - 교차로안,농기계,남,74세,경상,승합,남,75세,상해없음
2017050300100517,2017년 5월 3일 21시,수요일,강원도 원주시 단계동,경상사고,0,0,2,0,차대차 - 측면충돌,안전운전불이행,건조,맑음,단일로 - 기타,승용,남,69세,상해없음,승용,여,23세,경상
2017050300100518,2017년 5월 3일 21시,수요일,강원도 인제군 북면,중상사고,0,4,0,0,차대차 - 정면충돌,중앙선침범,건조,맑음,단일로 - 기타,승용,남,71세,상해없음,화물,남,60세,상해없음
2017050400100060,2017년 5월 4일 04시,목요일,강원도 원주시 무실동,경상사고,0,0,1,0,차대차 - 측면충돌,신호위반,건조,맑음,교차로 - 교차로안,승용,남,48세,상해없음,승용,남,37세,경상
2017050400100081,2017년 5월 4일 06시,목요일,강원도 원주시 중앙동,경상사고,0,0,1,0,차대차 - 측면충돌,교차로운행방법위반,건조,맑음,교차로 - 교차로안,화물,남,62세,상해없음,이륜,남,41세,경상
2017050400100120,2017년 5월 4일 08시,목요일,강원도 평창군 방림면,경상사고,0,0,2,1,차대차 - 측면충돌,안전운전불이행,건조,맑음,단일로 - 기타,승용,남,82세,부상신고,건설기계,남,49세,경상
2017050400100153,2017년 5월 4일 09시,목요일,강원도 춘천시 온의동,경상사고,0,0,1,0,차대차 - 추돌,안전운전불이행,건조,맑음,단일로 - 기타,승용,남,87세,상해없음,승용,남,31세,경상
2017050400100154,2017년 5월 4일 09시,목요일,강원도 속초시 설악동,중상사고,0,1,1,0,차대사람 - 횡단중,보행자보호의무위반,건조,맑음,단일로 - 기타,승용,여,38세,상해없음,보행자,여,10세,경상
2017050400100185,2017년 5월 4일 10시,목요일,강원도 평창군 봉평면,경상사고,0,0,1,0,차대차 - 기타,안전운전불이행,건조,맑음,단일로 - 기타,승용,여,43세,상해없음,자전거,남,24세,경상
2017050400100227,2017년 5월 4일 11시,목요일,강원도 원주시 명륜동,중상사고,0,1,1,1,차대차 - 측면충돌,신호위반,건조,맑음,교차로 - 교차로안,이륜,남,20세,부상신고,이륜,남,44세,중상
2017050400100228,2017년 5월 4일 11시,목요일,강원도 원주시 태장동,중상사고,0,1,0,0,차대차 - 측면충돌,교차로운행방법위반,건조,맑음,교차로 - 교차로안,화물,남,54세,상해없음,승용,남,45세,중상
2017050400100260,2017년 5월 4일 12시,목요일,강원도 춘천시 후평동,중상사고,0,1,0,0,차대차 - 측면충돌,직진우회전진행방해,건조,맑음,교차로 - 교차로안,화물,남,73세,상해없음,이륜,남,58세,중상
2017050400100261,2017년 5월 4일 12시,목요일,강원도 원주시 단구동,경상사고,0,0,1,1,차대차 - 측면충돌,직진우회전진행방해,건조,맑음,교차로 - 교차로안,승용,여,47세,부상신고,승용,남,52세,경상
2017050400100262,2017년 5월 4일 12시,목요일,강원도 속초시 노학동,경상사고,0,0,2,0,차대차 - 측면충돌,교차로운행방법위반,건조,맑음,교차로 - 교차로안,승용,남,60세,상해없음,이륜,남,40세,경상
2017050400100263,2017년 5월 4일 12시,목요일,강원도 인제군 북면,중상사고,0,1,1,0,차대차 - 측면충돌,안전운전불이행,건조,맑음,교차로 - 교차로안,화물,여,39세,상해없음,승용,남,49세,중상