사고번호,사고일시,요일,시군구,사고내용,사망자수,중상자수,경상자수,부상신고자수,사고유형,법규위반,노면상태,기상상태,도로형태,가해운전자 차종,가해운전자 성별,가해운전자 연령,가해운전자 상해정도,피해운전자 차종,피해운전자 성별,피해운전자 연령,피해운전자 상해정도
2017050400100264,2017년 5월 4일 12시,목요일,강원도 고성군 간성읍,경상사고,0,0,1,1,차대차 - 측면충돌,과속,건조,맑음,교차로 - 교차로부근,화물,남,45세,상해없음,농기계,남,71세,경상
2017050400100294,2017년 5월 4일 13시,목요일,강원도 춘천시 신북읍,경상사고,0,0,3,0,차대차 - 측면충돌,교차로운행방법위반,건조,맑음,교차로 - 교차로안,승용,남,23세,상해없음,승용,남,67세,경상
2017050400100295,2017년 5월 4일 13시,목요일,강원도 평창군 진부면,사망사고,1,0,0,0,차량단독 - 전도전복 - 전도,안전운전불이행,건조,맑음,단일로 - 기타,농기계,남,79세,사망,,,,
2017050400100296,2017년 5월 4일 13시,목요일,강원도 철원군 동송읍,사망사고,1,1,0,0,차대차 - 측면충돌,직진우회전진행방해,건조,맑음,교차로 - 교차로안,승용,남,19세,상해없음,화물,남,44세,상해없음
2017050400100332,2017년 5월 4일 14시,목요일,강원도 강릉시 포남동,경상사고,0,0,1,0,차대차 - 정면충돌,안전운전불이행,건조,맑음,교차로 - 교차로부근,승용,여,43세,상해없음,승용,남,55세,상해없음
2017050400100333,2017년 5월 4일 14시,목요일,강원도 원주시 원동,경상사고,0,0,4,0,차대차 - 측면충돌,신호위반,건조,맑음,교차로 - 교차로안,승용,여,46세,상해없음,승용,남,56세,경상
2017050400100366,2017년 5월 4일 15시,목요일,강원도 속초시 조양동,중상사고,0,1,2,0,차대차 - 추돌,안전운전불이행,건조,맑음,교차로 - 교차로부근,승용,남,53세,상해없음,승용,남,37세,중상
2017050400100406,2017년 5월 4일 16시,목요일,강원도 원주시 개운동,경상사고,0,0,1,0,차대사람 - 횡단중,안전운전불이행,건조,맑음,단일로 - 기타,기타불명,기타불명,미분류,기타불명,보행자,여,24세,경상
2017050400100407,2017년 5월 4일 16시,목요일,강원도 영월군 영월읍,부상신고사고,0,0,0,2,차대차 - 측면충돌,교차로운행방법위반,건조,맑음,교차로 - 교차로안,이륜,남,60세,부상신고,승용,남,38세,부상신고
2017050400100408,2017년 5월 4일 16시,목요일,강원도 횡성군 안흥면,경상사고,0,0,1,0,차대차 - 측면충돌,중앙선침범,건조,맑음,단일로 - 기타,승용,남,65세,상해없음,승용,여,39세,경상
2017050400100442,2017년 5월 4일 17시,목요일,강원도 춘천시 후평동,경상사고,0,0,2,0,차대차 - 측면충돌,교차로운행방법위반,건조,맑음,교차로 - 교차로안,화물,여,44세,경상,승용,여,72세,경상
2017050400100443,2017년 5월 4일 17시,목요일,강원도 춘천시 온의동,경상사고,0,0,3,0,차대차 - 측면충돌,직진우회전진행방해,건조,맑음,교차로 - 교차로안,승용,여,51세,상해없음,승용,남,56세,경상
2017050400100444,2017년 5월 4일 17시,목요일,강원도 삼척시 미로면,경상사고,0,0,1,0,차대차 - 추돌,안전운전불이행,건조,맑음,단일로 - 터널,승용,여,43세,상해없음,건설기계,남,49세,상해없음
2017050400100481,2017년 5월 4일 18시,목요일,강원도 원주시 태장동,경상사고,0,0,1,0,차대차 - 추돌,직진우회전진행방해,건조,맑음,교차로 - 교차로안,승용,남,33세,상해없음,이륜,남,18세,경상
2017050400100482,2017년 5월 4일 18시,목요일,강원도 홍천군 내촌면,중상사고,0,1,2,0,차대차 - 정면충돌,안전운전불이행,건조,맑음,단일로 - 기타,화물,남,64세,상해없음,승용,여,46세,중상
2017050400100517,2017년 5월 4일 19시,목요일,강원도 속초시 교동,중상사고,0,1,0,0,차대차 - 추돌,안전운전불이행,건조,맑음,교차로 - 교차로부근,승용,남,64세,상해없음,승용,남,40세,상해없음
2017050400100612,2017년 5월 4일 22시,목요일,강원도 횡성군 안흥면,중상사고,0,1,0,0,차대차 - 추돌,안전운전불이행,건조,맑음,단일로 - 기타,화물,남,55세,상해없음,승합,기타불명,미분류,기타불명
2017050500100039,2017년 5월 5일 01시,금요일,강원도 원주시 단구동,경상사고,0,0,2,0,차대차 - 측면충돌,기타,건조,맑음,교차로 - 교차로부근,승용,남,47세,상해없음,이륜,남,19세,경상
2017050500100040,2017년 5월 5일 01시,금요일,강원도 속초시 청학동,경상사고,0,0,2,0,차대차 - 측면충돌,교차로운행방법위반,건조,맑음,교차로 - 교차로안,승용,남,55세,상해없음,승용,남,70세,상해없음
2017050500100079,2017년 5월 5일 05시,금요일,강원도 삼척시 근덕면,부상신고사고,0,0,0,1,차대차 - 측면충돌,안전운전불이행,건조,맑음,단일로 - 기타,승용,여,22세,부상신고,승용,남,48세,상해없음
2017050500100089,2017년 5월 5일 06시,금요일,강원도 평창군 대관령면,경상사고,0,0,1,0,차대차 - 측면충돌,신호위반,건조,맑음,교차로 - 교차로안,화물,남,58세,상해없음,승용,남,37세,경상
2017050500100141,2017년 5월 5일 09시,금요일,강원도 원주시 명륜동,경상사고,0,0,2,0,차대차 - 측면충돌,안전운전불이행,건조,맑음,단일로 - 기타,승용,남,22세,상해없음,승용,남,75세,상해없음
2017050500100161,2017년 5월 5일 10시,금요일,강원도 삼척시 성남동,경상사고,0,0,1,0,차대사람 - 횡단중,보행자보호의무위반,건조,맑음,단일로 - 기타,승용,여,50세,상해없음,보행자,여,38세,경상
2017050500100183,2017년 5월 5일 11시,금요일,강원도 삼척시 원덕읍,중상사고,0,1,0,0,차대차 - 측면충돌,직진우회전진행방해,건조,맑음,교차로 - 교차로안,승용,남,38세,상해없음,이륜,남,39세,중상
2017050500100215,2017년 5월 5일 12시,금요일,강원도 횡성군 둔내면,경상사고,0,0,1,0,차대차 - 측면충돌,안전운전불이행,건조,맑음,교차로 - 교차로안,승용,남,42세,상해없음,승용,여,56세,경상
2017050500100246,2017년 5월 5일 13시,금요일,강원도 원주시 단계동,경상사고,0,0,2,0,차대차 - 측면충돌,안전운전불이행,건조,맑음,교차로 - 교차로부근,승용,여,59세,상해없음,승용,남,32세,경상
2017050500100247,2017년 5월 5일 13시,금요일,강원도 속초시 대포동,중상사고,0,1,0,0,차대차 - 측면충돌,안전운전불이행,건조,맑음,교차로 - 교차로안,화물,남,34세,상해없음,이륜,남,38세,중상
2017050500100248,2017년 5월 5일 13시,금요일,강원도 철원군 근남면,사망사고,1,1,1,0,차대차 - 정면충돌,중앙선침범,건조,맑음,단일로 - 기타,승용,남,64세,사망,승용,남,31세,경상
2017050500100275,2017년 5월 5일 14시,금요일,강원도 평창군 대화면,중상사고,0,1,4,0,차대차 - 측면충돌,안전운전불이행,건조,맑음,단일로 - 기타,화물,남,74세,경상,승용,남,42세,경상
2017050500100301,2017년 5월 5일 15시,금요일,강원도 춘천시 소양로1가,경상사고,0,0,1,0,차대차 - 추돌,안전운전불이행,건조,맑음,단일로 - 기타,승용,남,47세,상해없음,승용,남,36세,경상
2017050500100302,2017년 5월 5일 15시,금요일,강원도 춘천시 석사동,부상신고사고,0,0,0,1,차대사람 - 횡단중,안전운전불이행,건조,맑음,단일로 - 기타,승용,남,54세,상해없음,보행자,남,3세,부상신고
2017050500100303,2017년 5월 5일 15시,금요일,강원도 원주시 귀래면,경상사고,0,0,3,0,차대차 - 측면충돌,안전운전불이행,건조,맑음,단일로 - 기타,승용,여,51세,경상,승용,남,63세,경상
2017050500100340,2017년 5월 5일 16시,금요일,강원도 강릉시 성산면,중상사고,0,2,2,0,차대차 - 정면충돌,중앙선침범,건조,맑음,단일로 - 기타,승용,여,58세,상해없음,승용,남,23세,경상
2017050500100341,2017년 5월 5일 16시,금요일,강원도 강릉시 대전동,경상사고,0,0,1,0,차대차 - 측면충돌,안전운전불이행,건조,맑음,단일로 - 기타,화물,남,56세,상해없음,이륜,남,25세,경상
2017050500100342,2017년 5월 5일 16시,금요일,강원도 평창군 진부면,중상사고,0,1,2,0,차대차 - 추돌,안전거리미확보,건조,맑음,단일로 - 기타,승용,남,22세,상해없음,승용,남,34세,경상
2017050500100380,2017년 5월 5일 17시,금요일,강원도 강릉시 주문진읍,경상사고,0,0,1,0,차대사람 - 횡단중,안전운전불이행,건조,맑음,기타 - 기타,사륜오토바이(ATV),남,14세,상해없음,보행자,여,7세,경상
2017050500100381,2017년 5월 5일 17시,금요일,강원도 강릉시 강동면,중상사고,0,1,0,0,차대차 - 추돌,안전운전불이행,건조,맑음,단일로 - 기타,건설기계,남,61세,상해없음,이륜,여,67세,중상
2017050500100382,2017년 5월 5일 17시,금요일,강원도 속초시 대포동,경상사고,0,0,4,0,차대차 - 측면충돌,직진우회전진행방해,건조,맑음,교차로 - 교차로안,승용,여,50세,상해없음,승용,남,34세,경상
2017050500100383,2017년 5월 5일 17시,금요일,강원도 인제군 상남면,중상사고,0,1,3,0,차대차 - 정면충돌,안전운전불이행,건조,맑음,단일로 - 기타,화물,남,60세,상해없음,승용,여,33세,경상
2017050500100414,2017년 5월 5일 18시,금요일,강원도 춘천시 신북읍,경상사고,0,0,1,0,차대차 - 측면충돌,안전운전불이행,건조,맑음,단일로 - 기타,화물,남,62세,상해없음,승용,남,24세,경상
2017050500100415,2017년 5월 5일 18시,금요일,강원도 정선군 사북읍,경상사고,0,0,1,0,차대사람 - 차도통행중,안전운전불이행,건조,맑음,교차로 - 교차로안,승용,남,57세,상해없음,보행자,남,57세,경상
2017050500100450,2017년 5월 5일 19시,금요일,강원도 속초시 장사동,부상신고사고,0,0,0,1,차대차 - 측면충돌,안전운전불이행,건조,맑음,교차로 - 교차로부근,승합,남,39세,상해없음,이륜,남,16세,부상신고
2017050500100482,2017년 5월 5일 20시,금요일,강원도 원주시 단계동,경상사고,0,0,1,0,차대차 - 정면충돌,직진우회전진행방해,건조,맑음,교차로 - 교차로안,승용,남,28세,상해없음,이륜,남,56세,경상
2017050500100483,2017년 5월 5일 20시,금요일,강원도 양양군 현북면,중상사고,0,1,3,0,차대차 - 추돌,안전거리미확보,건조,맑음,단일로 - 기타,승용,남,32세,상해없음,승용,남,46세,중상
2017050500100558,2017년 5월 5일 23시,금요일,강원도 강릉시 연곡면,경상사고,0,0,2,0,차대차 - 추돌,안전운전불이행,건조,맑음,단일로 - 기타,승용,남,21세,상해없음,승용,남,55세,경상
2017050600100032,2017년 5월 6일 02시,토요일,강원도 원주시 단계동,경상사고,0,0,4,0,차대차 - 측면충돌,신호위반,건조,맑음,교차로 - 교차로안,승용,남,53세,경상,승용,남,44세,경상
2017050600100043,2017년 5월 6일 03시,토요일,강원도 강릉시 성산면,경상사고,0,0,2,0,차대차 - 정면충돌,안전거리미확보,건조,맑음,단일로 - 기타,승용,남,20세,상해없음,승용,남,62세,경상
2017050600100100,2017년 5월 6일 08시,토요일,강원도 원주시 무실동,중상사고,0,1,0,0,차대차 - 측면충돌,안전운전불이행,건조,맑음,단일로 - 기타,승용,여,62세,상해없음,승용,남,69세,중상
2017050600100180,2017년 5월 6일 11시,토요일,강원도 삼척시 원덕읍,경상사고,0,0,1,0,차대차 - 측면충돌,안전운전불이행,건조,맑음,단일로 - 기타,이륜,남,50세,경상,화물,남,55세,상해없음
2017050600100181,2017년 5월 6일 11시,토요일,강원도 홍천군 홍천읍,경상사고,0,0,1,0,차대사람 - 횡단중,안전운전불이행,건조,맑음,기타 - 기타,승용,남,42세,상해없음,보행자,남,69세,경상
2017050600100182,2017년 5월 6일 11시,토요일,강원도 평창군 용평면,사망사고,1,1,1,0,차대차 - 측면충돌,안전운전불이행,건조,맑음,단일로 - 기타,승용,남,73세,사망,승용,남,48세,중상
2017050600100183,2017년 5월 6일 11시,토요일,강원도 인제군 북면,경상사고,0,0,1,0,차대차 - 정면충돌,중앙선침범,건조,맑음,단일로 - 기타,승용,남,57세,상해없음,자전거,남,31세,경상
2017050600100210,2017년 5월 6일 12시,토요일,강원도 횡성군 안흥면,경상사고,0,0,2,0,차대차 - 추돌,안전운전불이행,건조,맑음,단일로 - 기타,승용,여,35세,상해없음,승용,여,28세,경상
2017050600100271,2017년 5월 6일 14시,토요일,강원도 춘천시 석사동,경상사고,0,0,3,1,차대차 - 추돌,교차로운행방법위반,건조,맑음,교차로 - 교차로안,승용,여,40세,상해없음,승용,남,70세,경상
2017050600100272,2017년 5월 6일 14시,토요일,강원도 춘천시 동내면,경상사고,0,0,1,0,차대차 - 추돌,안전운전불이행,건조,맑음,단일로 - 기타,화물,남,63세,상해없음,승용,남,29세,상해없음
2017050600100273,2017년 5월 6일 14시,토요일,강원도 강릉시 입암동,중상사고,0,1,0,0,차대사람 - 횡단중,보행자보호의무위반,건조,맑음,교차로 - 교차로횡단보도내,승용,여,44세,상해없음,보행자,남,12세,중상
2017050600100274,2017년 5월 6일 14시,토요일,강원도 강릉시 견소동,경상사고,0,0,7,0,차대차 - 기타,안전운전불이행,건조,맑음,단일로 - 기타,승용,남,54세,상해없음,승용,남,36세,상해없음
2017050600100275,2017년 5월 6일 14시,토요일,강원도 강릉시 옥천동,중상사고,0,1,2,0,차대차 - 추돌,안전운전불이행,건조,맑음,단일로 - 기타,승용,여,36세,상해없음,승용,남,34세,경상
2017050600100346,2017년 5월 6일 16시,토요일,강원도 강릉시 주문진읍,중상사고,0,1,0,0,차대사람 - 횡단중,안전운전불이행,건조,맑음,단일로 - 기타,승용,여,42세,상해없음,보행자,남,7세,중상
2017050600100347,2017년 5월 6일 16시,토요일,강원도 원주시 단계동,경상사고,0,0,1,0,차대차 - 측면충돌,안전운전불이행,건조,맑음,교차로 - 교차로안,승용,여,22세,상해없음,승용,여,54세,경상
2017050600100348,2017년 5월 6일 16시,토요일,강원도 속초시 조양동,중상사고,0,1,0,0,차대사람 - 횡단중,신호위반,건조,맑음,교차로 - 교차로횡단보도내,건설기계,남,58세,상해없음,보행자,여,16세,중상
2017050600100349,2017년 5월 6일 16시,토요일,강원도 강릉시 옥계면,경상사고,0,0,7,0,차대차 - 추돌,안전거리미확보,건조,맑음,단일로 - 기타,승용,남,24세,경상,승용,여,36세,상해없음
2017050600100384,2017년 5월 6일 17시,토요일,강원도 원주시 명륜동,경상사고,0,0,4,0,차대차 - 측면충돌,신호위반,건조,맑음,교차로 - 교차로안,승용,남,48세,상해없음,승용,남,62세,경상
2017050600100385,2017년 5월 6일 17시,토요일,강원도 동해시 발한동,중상사고,0,1,0,0,차대사람 - 기타,중앙선침범,건조,맑음,단일로 - 기타,승용,남,76세,상해없음,보행자,여,72세,중상
2017050600100412,2017년 5월 6일 18시,토요일,강원도 강릉시 주문진읍,중상사고,0,1,3,0,차대차 - 측면충돌,안전운전불이행,건조,맑음,단일로 - 기타,승용,여,34세,상해없음,승용,남,36세,중상
2017050600100413,2017년 5월 6일 18시,토요일,강원도 원주시 부론면,경상사고,0,0,1,0,차대사람 - 길가장자리구역통행중,안전운전불이행,건조,맑음,단일로 - 기타,승용,남,48세,상해없음,보행자,남,73세,경상
2017050600100440,2017년 5월 6일 19시,토요일,강원도 춘천시 후평동,경상사고,0,0,1,0,차대차 - 측면충돌,안전운전불이행,건조,맑음,교차로 - 교차로안,승용,여,36세,상해없음,승용,여,53세,경상
2017050600100441,2017년 5월 6일 19시,토요일,강원도 속초시 조양동,중상사고,0,1,0,0,차대사람 - 기타,안전운전불이행,건조,맑음,단일로 - 기타,승용,남,44세,상해없음,보행자,여,70세,중상
2017050600100506,2017년 5월 6일 21시,토요일,강원도 동해시 나안동,경상사고,0,0,1,0,차대차 - 측면충돌,직진우회전진행방해,건조,맑음,교차로 - 교차로부근,승용,남,56세,상해없음,승용,남,63세,경상
2017050600100548,2017년 5월 6일 23시,토요일,강원도 원주시 태장동,경상사고,0,0,1,0,차대차 - 추돌,안전운전불이행,건조,맑음,단일로 - 기타,승용,남,26세,상해없음,사륜오토바이(ATV),남,75세,경상
2017050700100080,2017년 5월 7일 07시,일요일,강원도 원주시 평원동,경상사고,0,0,1,0,차대차 - 측면충돌,안전거리미확보,건조,맑음,단일로 - 기타,승용,남,41세,상해없음,승용,남,53세,경상
2017050700100091,2017년 5월 7일 08시,일요일,강원도 강릉시 주문진읍,경상사고,0,0,1,0,차대차 - 측면충돌,안전운전불이행,건조,맑음,교차로 - 교차로부근,승용,남,38세,상해없음,원동기,남,62세,경상
2017050700100092,2017년 5월 7일 08시,일요일,강원도 속초시 장사동,경상사고,0,0,1,0,차대차 - 측면충돌,안전운전불이행,건조,맑음,주차장 - 주차장,승용,남,42세,상해없음,승용,남,42세,경상
2017050700100093,2017년 5월 7일 08시,일요일,강원도 철원군 갈말읍,중상사고,0,1,0,0,차대차 - 측면충돌,신호위반,건조,맑음,교차로 - 교차로안,화물,남,69세,상해없음,승용,남,86세,중상
2017050700100109,2017년 5월 7일 09시,일요일,강원도 철원군 갈말읍,경상사고,0,0,1,0,차대차 - 측면충돌,안전운전불이행,건조,맑음,단일로 - 기타,화물,남,68세,상해없음,승용,여,62세,경상
2017050700100110,2017년 5월 7일 09시,일요일,강원도 홍천군 홍천읍,경상사고,0,0,3,0,차대차 - 추돌,안전운전불이행,건조,맑음,단일로 - 기타,화물,남,50세,상해없음,승용,남,53세,경상
2017050700100148,2017년 5월 7일 11시,일요일,강원도 양구군 양구읍,경상사고,0,0,1,1,차대차 - 측면충돌,안전운전불이행,건조,맑음,단일로 - 기타,승용,남,31세,부상신고,화물,남,35세,경상
2017050700100166,2017년 5월 7일 12시,일요일,강원도 정선군 정선읍,중상사고,0,1,0,0,차대사람 - 길가장자리구역통행중,안전운전불이행,건조,맑음,교차로 - 교차로안,승용,여,55세,상해없음,보행자,남,65세,중상
2017050700100212,2017년 5월 7일 14시,일요일,강원도 강릉시 성남동,사망사고,1,1,0,0,차량단독 - 전도전복 - 전도,안전운전불이행,건조,맑음,교차로 - 교차로안,승용,남,64세,상해없음,,,,
2017050700100213,2017년 5월 7일 14시,일요일,강원도 영월군 한반도면,중상사고,0,1,2,1,차대차 - 추돌,안전운전불이행,건조,맑음,기타 - 기타,승용,남,65세,상해없음,승용,남,58세,경상
2017050700100242,2017년 5월 7일 15시,일요일,강원도 강릉시 연곡면,경상사고,0,0,2,0,차대차 - 측면충돌,중앙선침범,건조,맑음,단일로 - 기타,이륜,남,55세,상해없음,승용,남,52세,경상
2017050700100243,2017년 5월 7일 15시,일요일,강원도 원주시 무실동,중상사고,0,1,0,0,차대차 - 추돌,교차로운행방법위반,건조,맑음,교차로 - 교차로안,승용,여,43세,상해없음,이륜,남,62세,중상
2017050700100244,2017년 5월 7일 15시,일요일,강원도 평창군 진부면,중상사고,0,1,1,0,차대차 - 추돌,안전운전불이행,건조,맑음,단일로 - 터널,승용,여,43세,경상,승용,남,42세,상해없음
2017050700100294,2017년 5월 7일 17시,일요일,강원도 강릉시 교동,경상사고,0,0,1,0,차대차 - 기타,차로위반,건조,맑음,단일로 - 기타,자전거,남,48세,상해없음,원동기,남,18세,경상
2017050700100295,2017년 5월 7일 17시,일요일,강원도 원주시 태장동,중상사고,0,1,1,0,차대차 - 측면충돌,안전운전불이행,건조,맑음,교차로 - 교차로안,승용,남,60세,중상,승용,남,47세,경상
2017050700100296,2017년 5월 7일 17시,일요일,강원도 동해시 평릉동,경상사고,0,0,2,0,차대차 - 측면충돌,신호위반,건조,맑음,교차로 - 교차로안,승용,여,64세,경상,승합,남,49세,경상
2017050700100323,2017년 5월 7일 18시,일요일,강원도 원주시 부론면,중상사고,0,1,0,0,차량단독 - 전도전복 - 전도,안전운전불이행,건조,맑음,단일로 - 기타,승용,남,53세,중상,,,,
2017050700100351,2017년 5월 7일 19시,일요일,강원도 춘천시 석사동,경상사고,0,0,1,0,차대차 - 측면충돌,안전운전불이행,건조,맑음,교차로 - 교차로횡단보도내,이륜,남,29세,상해없음,자전거,남,12세,경상
2017050700100425,2017년 5월 7일 22시,일요일,강원도 원주시 흥업면,중상사고,0,2,0,0,차대차 - 기타,안전운전불이행,건조,맑음,단일로 - 기타,승용,남,29세,중상,승용,남,50세,상해없음
2017050800100043,2017년 5월 8일 03시,월요일,강원도 삼척시 갈천동,중상사고,0,1,0,0,차대차 - 측면충돌,안전운전불이행,건조,맑음,기타 - 기타,승용,여,61세,상해없음,승용,여,41세,중상
2017050800100055,2017년 5월 8일 06시,월요일,강원도 원주시 원동,중상사고,0,1,0,0,차대차 - 측면충돌,안전운전불이행,건조,맑음,교차로 - 교차로안,자전거,남,77세,중상,이륜,남,56세,상해없음
2017050800100056,2017년 5월 8일 06시,월요일,강원도 속초시 노학동,중상사고,0,1,0,0,차대차 - 측면충돌,안전운전불이행,건조,맑음,단일로 - 기타,승용,남,26세,상해없음,이륜,남,63세,중상
2017050800100077,2017년 5월 8일 07시,월요일,강원도 영월군 한반도면,중상사고,0,1,1,1,차대차 - 측면충돌,과속,건조,맑음,단일로 - 기타,승용,남,34세,부상신고,승용,남,47세,중상
2017050800100115,2017년 5월 8일 08시,월요일,강원도 춘천시 사농동,경상사고,0,0,1,0,차대차 - 측면충돌,안전운전불이행,건조,맑음,단일로 - 기타,건설기계,남,42세,기타불명,승용,남,30세,경상
2017050800100161,2017년 5월 8일 09시,월요일,강원도 춘천시 효자동,경상사고,0,0,1,0,차대차 - 추돌,안전운전불이행,건조,맑음,교차로 - 교차로부근,승용,여,68세,상해없음,승용,남,62세,경상
2017050800100162,2017년 5월 8일 09시,월요일,강원도 원주시 단계동,중상사고,0,1,0,0,차대사람 - 횡단중,안전운전불이행,건조,맑음,교차로 - 교차로부근,승용,여,46세,상해없음,보행자,여,68세,중상
2017050800100163,2017년 5월 8일 09시,월요일,강원도 영월군 영월읍,중상사고,0,1,0,0,차대차 - 측면충돌,안전운전불이행,건조,맑음,단일로 - 기타,이륜,남,78세,중상,화물,남,52세,상해없음
2017050800100195,2017년 5월 8일 10시,월요일,강원도 춘천시 퇴계동,부상신고사고,0,0,0,1,차대차 - 추돌,안전거리미확보,건조,맑음,교차로 - 교차로부근,승용,여,60세,상해없음,화물,남,33세,부상신고
2017050800100196,2017년 5월 8일 10시,월요일,강원도 삼척시 정상동,경상사고,0,0,3,0,차대차 - 측면충돌,안전운전불이행,건조,맑음,단일로 - 기타,건설기계,남,54세,상해없음,승용,남,47세,경상
2017050800100302,2017년 5월 8일 14시,월요일,강원도 동해시 망상동,경상사고,0,0,1,0,차대차 - 측면충돌,중앙선침범,건조,맑음,단일로 - 기타,화물,여,55세,상해없음,화물,남,51세,경상
2017050800100397,2017년 5월 8일 16시,월요일,강원도 강릉시 남문동,경상사고,0,0,1,0,차대차 - 측면충돌,안전운전불이행,건조,맑음,교차로 - 교차로안,승용,남,56세,상해없음,승용,여,42세,경상
2017050800100437,2017년 5월 8일 17시,월요일,강원도 홍천군 홍천읍,경상사고,0,0,2,0,차대차 - 측면충돌,안전거리미확보,건조,맑음,교차로 - 교차로부근,화물,여,60세,상해없음,승합,남,58세,상해없음
2017050800100474,2017년 5월 8일 18시,월요일,강원도 춘천시 후평동,경상사고,0,0,3,0,차대차 - 측면충돌,교차로운행방법위반,건조,맑음,교차로 - 교차로안,승용,여,49세,경상,승용,여,47세,경상
2017050800100516,2017년 5월 8일 19시,월요일,강원도 강릉시 운정동,경상사고,0,0,2,0,차대차 - 측면충돌,안전운전불이행,건조,맑음,단일로 - 기타,승용,남,22세,상해없음,화물,남,32세,경상
2017050800100517,2017년 5월 8일 19시,월요일,강원도 강릉시 입암동,경상사고,0,0,1,0,차대사람 - 횡단중,보행자보호의무위반,건조,맑음,단일로 - 기타,승용,남,38세,상해없음,보행자,남,62세,경상
2017050800100615,2017년 5월 8일 22시,월요일,강원도 춘천시 후평동,중상사고,0,1,0,0,차대차 - 측면충돌,안전운전불이행,건조,맑음,교차로 - 교차로안,이륜,남,56세,상해없음,승용,여,66세,중상
2017050800100632,2017년 5월 8일 23시,월요일,강원도 춘천시 남산면,경상사고,0,0,1,0,차대차 - 측면충돌,중앙선침범,건조,맑음,단일로 - 교량,승용,남,52세,상해없음,승합,남,66세,경상
2017050900100047,2017년 5월 9일 02시,화요일,강원도 속초시 금호동,경상사고,0,0,2,0,차대차 - 추돌,안전운전불이행,건조,맑음,단일로 - 지하차도(도로)내,승용,남,27세,상해없음,승용,남,28세,상해없음
2017050900100106,2017년 5월 9일 07시,화요일,강원도 속초시 중앙동,사망사고,1,0,0,0,차대사람 - 차도통행중,신호위반,건조,흐림,교차로 - 교차로부근,승합,남,35세,상해없음,보행자,여,67세,사망
2017050900100121,2017년 5월 9일 08시,화요일,강원도 춘천시 동면,경상사고,0,0,1,0,차대차 - 측면충돌,신호위반,건조,맑음,교차로 - 교차로안,승용,남,42세,상해없음,승용,남,30세,경상
2017050900100142,2017년 5월 9일 09시,화요일,강원도 삼척시 원덕읍,경상사고,0,0,1,0,차대차 - 정면충돌,중앙선침범,건조,맑음,단일로 - 기타,화물,남,74세,경상,건설기계,남,41세,상해없음
2017050900100143,2017년 5월 9일 09시,화요일,강원도 인제군 북면,경상사고,0,0,2,0,차대차 - 정면충돌,안전운전불이행,건조,맑음,교차로 - 교차로안,화물,남,63세,상해없음,승용,여,34세,경상
2017050900100243,2017년 5월 9일 13시,화요일,강원도 원주시 단구동,중상사고,0,1,0,0,차대사람 - 횡단중,안전운전불이행,건조,맑음,단일로 - 기타,자전거,남,12세,상해없음,보행자,여,73세,중상
2017050900100273,2017년 5월 9일 14시,화요일,강원도 원주시 봉산동,경상사고,0,0,1,0,차대차 - 측면충돌,안전운전불이행,건조,맑음,교차로 - 교차로안,승용,남,58세,상해없음,자전거,남,12세,경상
2017050900100274,2017년 5월 9일 14시,화요일,강원도 삼척시 미로면,경상사고,0,0,1,0,차대차 - 정면충돌,중앙선침범,건조,맑음,단일로 - 기타,화물,남,54세,상해없음,화물,여,54세,경상
2017050900100275,2017년 5월 9일 14시,화요일,강원도 평창군 대화면,중상사고,0,2,0,0,차대차 - 정면충돌,중앙선침범,건조,흐림,단일로 - 기타,승용,여,45세,상해없음,화물,남,65세,중상
2017050900100299,2017년 5월 9일 15시,화요일,강원도 춘천시 효자동,경상사고,0,0,1,0,차대차 - 측면충돌,기타,건조,맑음,교차로 - 교차로부근,승용,남,49세,상해없음,자전거,남,12세,경상
2017050900100300,2017년 5월 9일 15시,화요일,강원도 강릉시 노암동,경상사고,0,0,1,0,차대차 - 측면충돌,안전운전불이행,건조,맑음,교차로 - 교차로부근,승용,남,48세,상해없음,승용,여,48세,경상
2017050900100364,2017년 5월 9일 17시,화요일,강원도 춘천시 퇴계동,사망사고,1,0,0,0,차대차 - 측면충돌,신호위반,젖음/습기,비,교차로 - 교차로부근,화물,남,42세,상해없음,자전거,남,73세,사망
2017050900100365,2017년 5월 9일 17시,화요일,강원도 원주시 개운동,경상사고,0,0,1,0,차대차 - 측면충돌,안전거리미확보,건조,맑음,단일로 - 기타,승합,남,55세,상해없음,승용,여,55세,경상
2017050900100391,2017년 5월 9일 18시,화요일,강원도 원주시 반곡동,중상사고,0,1,0,0,차대차 - 측면충돌,불법유턴,젖음/습기,비,단일로 - 기타,승용,남,32세,상해없음,이륜,남,19세,중상
2017050900100392,2017년 5월 9일 18시,화요일,강원도 횡성군 횡성읍,중상사고,0,1,0,0,차량단독 - 기타,안전운전불이행,젖음/습기,비,단일로 - 기타,승합,남,61세,상해없음,,,,
2017050900100426,2017년 5월 9일 19시,화요일,강원도 강릉시 노암동,경상사고,0,0,1,0,차대사람 - 횡단중,보행자보호의무위반,젖음/습기,비,교차로 - 교차로횡단보도내,승용,남,65세,상해없음,보행자,여,63세,경상
2017050900100427,2017년 5월 9일 19시,화요일,강원도 태백시 황지동,사망사고,1,0,1,0,차대사람 - 기타,과속,젖음/습기,비,단일로 - 기타,승용,남,58세,상해없음,보행자,여,39세,사망
2017050900100467,2017년 5월 9일 20시,화요일,강원도 강릉시 포남동,경상사고,0,0,1,0,차대차 - 정면충돌,신호위반,젖음/습기,비,교차로 - 교차로안,승용,남,45세,상해없음,승용,남,57세,상해없음