사고번호,사고일시,요일,시군구,사고내용,사망자수,중상자수,경상자수,부상신고자수,사고유형,법규위반,노면상태,기상상태,도로형태,가해운전자 차종,가해운전자 성별,가해운전자 연령,가해운전자 상해정도,피해운전자 차종,피해운전자 성별,피해운전자 연령,피해운전자 상해정도
2017051400100452,2017년 5월 14일 21시,일요일,강원도 춘천시 석사동,경상사고,0,0,1,0,차대차 - 측면충돌,안전거리미확보,건조,맑음,단일로 - 기타,승용,남,52세,상해없음,이륜,남,19세,경상
2017051400100453,2017년 5월 14일 21시,일요일,강원도 원주시 우산동,경상사고,0,0,3,0,차대차 - 측면충돌,안전운전불이행,건조,맑음,단일로 - 기타,화물,남,34세,상해없음,승용,여,41세,경상
2017051400100477,2017년 5월 14일 22시,일요일,강원도 태백시 화전동,중상사고,0,2,0,0,차대차 - 추돌,안전운전불이행,건조,맑음,단일로 - 기타,승용,남,59세,상해없음,건설기계,남,39세,기타불명
2017051400100497,2017년 5월 14일 23시,일요일,강원도 춘천시 석사동,중상사고,0,1,1,0,차대차 - 추돌,안전운전불이행,건조,맑음,단일로 - 기타,승용,남,44세,상해없음,승용,남,31세,중상
2017051400100498,2017년 5월 14일 23시,일요일,강원도 강릉시 옥천동,경상사고,0,0,2,0,차대차 - 측면충돌,안전운전불이행,건조,맑음,교차로 - 교차로안,승용,남,54세,상해없음,승용,남,23세,경상
2017051500100033,2017년 5월 15일 00시,월요일,강원도 춘천시 운교동,경상사고,0,0,4,0,차대차 - 측면충돌,안전운전불이행,건조,맑음,교차로 - 교차로안,승용,남,66세,상해없음,승용,여,26세,경상
2017051500100034,2017년 5월 15일 00시,월요일,강원도 삼척시 오분동,경상사고,0,0,1,0,차량단독 - 공작물충돌,안전운전불이행,건조,맑음,단일로 - 기타,승용,남,35세,경상,,,,
2017051500100088,2017년 5월 15일 07시,월요일,강원도 원주시 행구동,경상사고,0,0,1,0,차대차 - 추돌,신호위반,건조,맑음,교차로 - 교차로안,승용,남,70세,상해없음,승용,여,55세,경상
2017051500100119,2017년 5월 15일 08시,월요일,강원도 홍천군 홍천읍,중상사고,0,1,0,0,차대사람 - 횡단중,안전운전불이행,건조,맑음,주차장 - 주차장,화물,남,44세,상해없음,보행자,여,81세,중상
2017051500100120,2017년 5월 15일 08시,월요일,강원도 고성군 거진읍,중상사고,0,1,0,0,차대사람 - 기타,기타,건조,맑음,기타 - 기타,승용,남,48세,상해없음,보행자,여,77세,중상
2017051500100157,2017년 5월 15일 09시,월요일,강원도 춘천시 퇴계동,경상사고,0,0,1,0,차대차 - 측면충돌,안전운전불이행,건조,맑음,단일로 - 기타,기타불명,기타불명,미분류,기타불명,승용,남,62세,경상
2017051500100158,2017년 5월 15일 09시,월요일,강원도 강릉시 홍제동,중상사고,0,1,0,0,차대차 - 측면충돌,안전운전불이행,건조,맑음,교차로 - 교차로안,승용,남,44세,상해없음,이륜,여,56세,중상
2017051500100159,2017년 5월 15일 09시,월요일,강원도 홍천군 홍천읍,중상사고,0,1,0,0,차대차 - 정면충돌,교차로운행방법위반,건조,맑음,교차로 - 교차로안,승용,남,71세,상해없음,기타불명,남,60세,중상
2017051500100201,2017년 5월 15일 10시,월요일,강원도 춘천시 퇴계동,경상사고,0,0,1,0,차대차 - 측면충돌,안전거리미확보,건조,맑음,교차로 - 교차로부근,승용,여,55세,상해없음,승용,여,32세,경상
2017051500100202,2017년 5월 15일 10시,월요일,강원도 고성군 거진읍,경상사고,0,0,1,0,차대차 - 측면충돌,안전운전불이행,건조,맑음,교차로 - 교차로부근,화물,남,47세,상해없음,이륜,남,71세,경상
2017051500100229,2017년 5월 15일 11시,월요일,강원도 횡성군 안흥면,중상사고,0,1,1,0,차대차 - 측면충돌,안전거리미확보,건조,맑음,단일로 - 기타,승용,여,51세,경상,승용,남,71세,중상
2017051500100293,2017년 5월 15일 13시,월요일,강원도 원주시 문막읍,경상사고,0,0,1,0,차대차 - 추돌,안전거리미확보,건조,맑음,단일로 - 기타,화물,남,59세,상해없음,화물,남,29세,경상
2017051500100294,2017년 5월 15일 13시,월요일,강원도 평창군 봉평면,중상사고,0,1,0,0,차량단독 - 전도전복 - 전도,안전운전불이행,건조,맑음,단일로 - 기타,사륜오토바이(ATV),남,73세,중상,,,,
2017051500100331,2017년 5월 15일 14시,월요일,강원도 춘천시 효자동,중상사고,0,1,0,0,차대차 - 측면충돌,직진우회전진행방해,건조,맑음,교차로 - 교차로안,승용,남,47세,상해없음,이륜,남,29세,중상
2017051500100366,2017년 5월 15일 15시,월요일,강원도 춘천시 석사동,부상신고사고,0,0,0,1,차대차 - 측면충돌,안전운전불이행,건조,맑음,교차로 - 교차로부근,자전거,남,9세,부상신고,승용,여,53세,상해없음
2017051500100367,2017년 5월 15일 15시,월요일,강원도 춘천시 우두동,경상사고,0,0,1,0,차대차 - 측면충돌,신호위반,건조,맑음,교차로 - 교차로안,화물,남,81세,상해없음,승용,여,43세,경상
2017051500100368,2017년 5월 15일 15시,월요일,강원도 홍천군 홍천읍,경상사고,0,0,1,0,차대차 - 후진중충돌,안전운전불이행,건조,맑음,주차장 - 주차장,승용,남,80세,상해없음,승용,남,57세,경상
2017051500100448,2017년 5월 15일 17시,월요일,강원도 원주시 단구동,경상사고,0,0,1,0,차대차 - 추돌,안전거리미확보,건조,맑음,교차로 - 교차로부근,승용,남,51세,상해없음,승용,남,41세,상해없음
2017051500100562,2017년 5월 15일 20시,월요일,강원도 원주시 무실동,경상사고,0,0,4,0,차대차 - 추돌,안전운전불이행,건조,맑음,단일로 - 기타,승용,남,51세,상해없음,승용,여,39세,경상
2017051500100563,2017년 5월 15일 20시,월요일,강원도 원주시 지정면,중상사고,0,1,0,0,차대차 - 측면충돌,안전운전불이행,건조,맑음,단일로 - 기타,승합,남,64세,상해없음,승용,남,48세,중상
2017051500100583,2017년 5월 15일 21시,월요일,강원도 강릉시 옥천동,경상사고,0,0,1,0,차대사람 - 횡단중,안전운전불이행,건조,맑음,단일로 - 기타,승용,남,38세,상해없음,보행자,여,17세,경상
2017051500100584,2017년 5월 15일 21시,월요일,강원도 원주시 태장동,경상사고,0,0,1,0,차대차 - 추돌,안전운전불이행,건조,맑음,단일로 - 기타,승용,여,48세,상해없음,승용,남,26세,경상
2017051500100613,2017년 5월 15일 22시,월요일,강원도 원주시 일산동,중상사고,0,1,0,0,차대차 - 정면충돌,안전운전불이행,건조,맑음,교차로 - 교차로안,승용,남,30세,상해없음,이륜,남,58세,중상
2017051500100641,2017년 5월 15일 23시,월요일,강원도 원주시 호저면,중상사고,0,1,1,0,차대차 - 추돌,안전거리미확보,건조,맑음,단일로 - 기타,승용,남,34세,중상,화물,남,47세,경상
2017051600100081,2017년 5월 16일 06시,화요일,강원도 강릉시 임당동,중상사고,0,1,0,0,차대사람 - 횡단중,안전운전불이행,건조,맑음,단일로 - 기타,승용,남,62세,상해없음,보행자,여,69세,중상
2017051600100082,2017년 5월 16일 06시,화요일,강원도 삼척시 등봉동,중상사고,0,1,0,0,차대차 - 정면충돌,중앙선침범,건조,맑음,단일로 - 기타,승용,남,64세,상해없음,화물,남,59세,중상
2017051600100136,2017년 5월 16일 08시,화요일,강원도 춘천시 동내면,경상사고,0,0,7,6,차대차 - 추돌,교차로운행방법위반,건조,맑음,단일로 - 기타,승합,남,39세,상해없음,승용,여,55세,경상
2017051600100137,2017년 5월 16일 08시,화요일,강원도 동해시 천곡동,중상사고,0,1,2,0,차대차 - 측면충돌,안전운전불이행,건조,맑음,교차로 - 교차로부근,승용,남,42세,상해없음,화물,남,63세,중상
2017051600100182,2017년 5월 16일 09시,화요일,강원도 춘천시 후평동,경상사고,0,0,2,1,차대차 - 측면충돌,안전운전불이행,건조,맑음,교차로 - 교차로안,승용,남,61세,부상신고,승용,여,22세,경상
2017051600100183,2017년 5월 16일 09시,화요일,강원도 삼척시 남양동,경상사고,0,0,1,0,차대차 - 추돌,안전운전불이행,건조,맑음,교차로 - 교차로안,화물,남,25세,상해없음,승용,여,60세,경상
2017051600100184,2017년 5월 16일 09시,화요일,강원도 정선군 사북읍,경상사고,0,0,3,0,차대차 - 측면충돌,안전운전불이행,건조,맑음,교차로 - 교차로안,승용,남,48세,상해없음,승용,여,34세,경상
2017051600100210,2017년 5월 16일 10시,화요일,강원도 인제군 기린면,사망사고,1,0,0,0,차대차 - 측면충돌,안전운전불이행,건조,맑음,단일로 - 기타,이륜,남,78세,사망,승용,남,61세,상해없음
2017051600100265,2017년 5월 16일 12시,화요일,강원도 화천군 사내면,경상사고,0,0,1,0,차대차 - 측면충돌,중앙선침범,건조,맑음,단일로 - 기타,승용,여,50세,상해없음,화물,남,62세,경상
2017051600100288,2017년 5월 16일 13시,화요일,강원도 원주시 지정면,중상사고,0,1,2,0,차대차 - 측면충돌,중앙선침범,건조,맑음,교차로 - 교차로안,승용,남,25세,경상,승용,남,58세,경상
2017051600100317,2017년 5월 16일 14시,화요일,강원도 원주시 일산동,경상사고,0,0,1,0,차대차 - 측면충돌,기타,건조,맑음,교차로 - 교차로부근,승용,남,58세,상해없음,이륜,남,43세,경상
2017051600100385,2017년 5월 16일 16시,화요일,강원도 원주시 우산동,경상사고,0,0,2,0,차대차 - 측면충돌,안전운전불이행,건조,맑음,단일로 - 기타,승용,남,34세,상해없음,승용,남,64세,경상
2017051600100424,2017년 5월 16일 17시,화요일,강원도 원주시 일산동,경상사고,0,0,3,0,차대차 - 측면충돌,안전운전불이행,건조,맑음,교차로 - 교차로안,승용,남,72세,경상,승용,남,33세,경상
2017051600100459,2017년 5월 16일 18시,화요일,강원도 춘천시 낙원동,중상사고,0,1,0,0,차대사람 - 횡단중,신호위반,건조,맑음,단일로 - 기타,승용,여,51세,상해없음,보행자,여,71세,중상
2017051600100460,2017년 5월 16일 18시,화요일,강원도 삼척시 도계읍,경상사고,0,0,1,0,차대차 - 측면충돌,중앙선침범,건조,맑음,단일로 - 지하차도(도로)내,화물,남,45세,상해없음,승용,남,43세,경상
2017051600100571,2017년 5월 16일 22시,화요일,강원도 강릉시 초당동,경상사고,0,0,1,0,차대사람 - 횡단중,안전운전불이행,건조,맑음,교차로 - 교차로부근,승용,남,27세,상해없음,보행자,남,62세,경상
2017051600100572,2017년 5월 16일 22시,화요일,강원도 원주시 단계동,경상사고,0,0,1,0,차대차 - 기타,직진우회전진행방해,건조,맑음,교차로 - 교차로안,승용,남,43세,상해없음,개인형이동수단(PM),남,31세,경상
2017051600100605,2017년 5월 16일 23시,화요일,강원도 춘천시 남산면,경상사고,0,0,5,0,차대차 - 측면충돌,기타,건조,맑음,단일로 - 교량,승용,남,32세,상해없음,승용,여,61세,경상
2017051700100024,2017년 5월 17일 00시,수요일,강원도 원주시 무실동,중상사고,0,1,0,0,차량단독 - 공작물충돌,안전운전불이행,건조,맑음,단일로 - 기타,승용,남,57세,상해없음,,,,
2017051700100025,2017년 5월 17일 00시,수요일,강원도 원주시 단계동,경상사고,0,0,2,0,차대차 - 추돌,안전운전불이행,건조,맑음,교차로 - 교차로부근,승용,남,49세,상해없음,승용,여,68세,경상
2017051700100043,2017년 5월 17일 02시,수요일,강원도 원주시 문막읍,중상사고,0,1,0,0,차량단독 - 공작물충돌,안전운전불이행,건조,맑음,단일로 - 기타,이륜,남,18세,중상,,,,
2017051700100287,2017년 5월 17일 13시,수요일,강원도 춘천시 소양로1가,중상사고,0,1,0,0,차대사람 - 횡단중,안전운전불이행,건조,맑음,교차로 - 교차로안,기타불명,기타불명,미분류,기타불명,보행자,남,32세,중상
2017051700100288,2017년 5월 17일 13시,수요일,강원도 홍천군 홍천읍,사망사고,1,0,0,0,차대차 - 후진중충돌,안전운전불이행,건조,맑음,단일로 - 터널,화물,남,67세,상해없음,농기계,남,75세,사망
2017051700100289,2017년 5월 17일 13시,수요일,강원도 평창군 방림면,중상사고,0,1,1,0,차대차 - 정면충돌,중앙선침범,젖음/습기,비,단일로 - 기타,승용,여,53세,상해없음,화물,남,60세,중상
2017051700100316,2017년 5월 17일 14시,수요일,강원도 춘천시 퇴계동,경상사고,0,0,1,0,차대차 - 측면충돌,직진우회전진행방해,건조,맑음,교차로 - 교차로안,승용,여,47세,상해없음,승용,여,48세,경상
2017051700100317,2017년 5월 17일 14시,수요일,강원도 정선군 신동읍,중상사고,0,1,0,0,차량단독 - 전도전복 - 전복,안전운전불이행,건조,맑음,단일로 - 기타,화물,남,60세,상해없음,,,,
2017051700100345,2017년 5월 17일 15시,수요일,강원도 원주시 흥업면,경상사고,0,0,2,0,차대차 - 측면충돌,안전거리미확보,건조,맑음,단일로 - 기타,승용,여,38세,경상,승용,남,28세,경상
2017051700100346,2017년 5월 17일 15시,수요일,강원도 속초시 교동,경상사고,0,0,2,0,차대차 - 측면충돌,안전운전불이행,건조,맑음,기타 - 기타,승용,여,62세,상해없음,승용,여,36세,경상
2017051700100384,2017년 5월 17일 16시,수요일,강원도 속초시 금호동,중상사고,0,1,0,0,차대차 - 기타,안전운전불이행,건조,맑음,단일로 - 기타,건설기계,남,54세,상해없음,승용,여,68세,중상
2017051700100385,2017년 5월 17일 16시,수요일,강원도 홍천군 홍천읍,경상사고,0,0,1,0,차대차 - 기타,차로위반,건조,맑음,단일로 - 기타,화물,남,59세,상해없음,이륜,남,17세,경상
2017051700100418,2017년 5월 17일 17시,수요일,강원도 춘천시 옥천동,경상사고,0,0,1,0,차대차 - 추돌,안전거리미확보,건조,맑음,단일로 - 기타,승합,남,29세,상해없음,승용,남,53세,경상
2017051700100474,2017년 5월 17일 18시,수요일,강원도 원주시 단계동,경상사고,0,0,1,0,차대차 - 추돌,안전운전불이행,건조,맑음,교차로 - 교차로안,승용,남,24세,상해없음,승용,여,52세,경상
2017051700100540,2017년 5월 17일 20시,수요일,강원도 춘천시 후평동,중상사고,0,1,0,0,차대차 - 추돌,안전운전불이행,건조,맑음,교차로 - 교차로부근,승용,여,54세,상해없음,이륜,남,45세,중상
2017051700100541,2017년 5월 17일 20시,수요일,강원도 원주시 태장동,경상사고,0,0,2,0,차대차 - 측면충돌,안전운전불이행,건조,맑음,단일로 - 기타,승용,여,44세,상해없음,승용,남,35세,경상
2017051700100542,2017년 5월 17일 20시,수요일,강원도 원주시 개운동,경상사고,0,0,1,0,차대차 - 추돌,안전거리미확보,건조,맑음,교차로 - 교차로부근,승용,남,29세,상해없음,승용,남,59세,경상
2017051800100134,2017년 5월 18일 08시,목요일,강원도 춘천시 후평동,경상사고,0,0,1,1,차대차 - 측면충돌,안전운전불이행,건조,맑음,교차로 - 교차로안,승용,남,56세,부상신고,이륜,여,62세,경상
2017051800100135,2017년 5월 18일 08시,목요일,강원도 강릉시 내곡동,중상사고,0,1,0,0,차대차 - 추돌,안전운전불이행,건조,맑음,교차로 - 교차로안,승용,여,57세,상해없음,이륜,남,22세,중상
2017051800100136,2017년 5월 18일 08시,목요일,강원도 원주시 일산동,중상사고,0,1,0,0,차대사람 - 횡단중,안전운전불이행,건조,맑음,기타 - 기타,승용,여,34세,상해없음,보행자,여,81세,중상
2017051800100137,2017년 5월 18일 08시,목요일,강원도 양양군 양양읍,경상사고,0,0,1,0,차대차 - 추돌,직진우회전진행방해,건조,맑음,교차로 - 교차로안,승용,남,53세,상해없음,화물,남,47세,경상
2017051800100138,2017년 5월 18일 08시,목요일,강원도 화천군 하남면,경상사고,0,0,1,0,차대차 - 측면충돌,안전운전불이행,건조,맑음,교차로 - 교차로부근,이륜,남,73세,경상,승용,남,51세,상해없음
2017051800100233,2017년 5월 18일 11시,목요일,강원도 원주시 단구동,경상사고,0,0,1,0,차대사람 - 길가장자리구역통행중,안전운전불이행,건조,맑음,단일로 - 기타,승용,남,35세,상해없음,보행자,남,57세,경상
2017051800100262,2017년 5월 18일 12시,목요일,강원도 춘천시 교동,경상사고,0,0,1,0,차대차 - 추돌,안전운전불이행,건조,맑음,교차로 - 교차로횡단보도내,승용,남,45세,상해없음,이륜,남,29세,경상
2017051800100263,2017년 5월 18일 12시,목요일,강원도 춘천시 중앙로2가,중상사고,0,1,0,0,차대사람 - 횡단중,안전운전불이행,건조,맑음,단일로 - 기타,승합,남,61세,상해없음,보행자,여,88세,중상
2017051800100264,2017년 5월 18일 12시,목요일,강원도 태백시 황지동,사망사고,1,0,0,0,차량단독 - 전도전복 - 전도,안전운전불이행,기타,맑음,주차장 - 주차장,승용,여,62세,사망,,,,
2017051800100289,2017년 5월 18일 13시,목요일,강원도 철원군 철원읍,중상사고,0,1,0,0,차대차 - 측면충돌,교차로운행방법위반,건조,맑음,교차로 - 교차로안,승합,남,33세,상해없음,자전거,여,77세,중상
2017051800100392,2017년 5월 18일 16시,목요일,강원도 춘천시 근화동,중상사고,0,1,0,0,차대차 - 추돌,차로위반,건조,맑음,단일로 - 기타,화물,남,43세,상해없음,이륜,남,63세,중상
2017051800100393,2017년 5월 18일 16시,목요일,강원도 강릉시 입암동,경상사고,0,0,1,0,차대사람 - 횡단중,안전운전불이행,건조,맑음,단일로 - 기타,승합,남,46세,상해없음,보행자,여,6세,경상
2017051800100429,2017년 5월 18일 17시,목요일,강원도 원주시 일산동,경상사고,0,0,1,0,차대사람 - 횡단중,안전운전불이행,건조,맑음,교차로 - 교차로부근,승용,여,61세,상해없음,보행자,여,20세,경상
2017051800100476,2017년 5월 18일 18시,목요일,강원도 강릉시 임당동,경상사고,0,0,5,0,차대차 - 측면충돌,신호위반,건조,맑음,교차로 - 교차로안,승용,여,22세,상해없음,승용,남,40세,경상
2017051800100525,2017년 5월 18일 19시,목요일,강원도 원주시 단계동,경상사고,0,0,2,0,차대차 - 측면충돌,안전운전불이행,건조,맑음,단일로 - 기타,승용,남,41세,상해없음,승용,남,42세,경상
2017051800100526,2017년 5월 18일 19시,목요일,강원도 횡성군 횡성읍,사망사고,1,0,0,0,차대차 - 측면충돌,안전운전불이행,건조,맑음,교차로 - 교차로안,이륜,남,56세,사망,화물,남,43세,상해없음
2017051800100551,2017년 5월 18일 20시,목요일,강원도 횡성군 둔내면,경상사고,0,0,1,0,차대차 - 기타,안전거리미확보,건조,맑음,단일로 - 기타,승용,여,52세,경상,승용,남,66세,상해없음
2017051800100582,2017년 5월 18일 21시,목요일,강원도 인제군 북면,경상사고,0,0,1,0,차대차 - 측면충돌,안전운전불이행,건조,맑음,단일로 - 기타,승용,남,38세,상해없음,승용,남,27세,경상
2017051800100624,2017년 5월 18일 22시,목요일,강원도 춘천시 동면,경상사고,0,0,1,0,차대차 - 추돌,안전운전불이행,건조,맑음,단일로 - 기타,승용,여,51세,상해없음,승용,여,33세,경상
2017051800100652,2017년 5월 18일 23시,목요일,강원도 원주시 단구동,경상사고,0,0,4,0,차대차 - 정면충돌,안전운전불이행,건조,맑음,단일로 - 기타,승용,남,44세,상해없음,승용,여,23세,경상
2017051900100046,2017년 5월 19일 01시,금요일,강원도 춘천시 효자동,경상사고,0,0,2,0,차대차 - 측면충돌,안전거리미확보,건조,맑음,단일로 - 기타,승용,남,54세,상해없음,승용,여,25세,경상
2017051900100104,2017년 5월 19일 07시,금요일,강원도 춘천시 효자동,경상사고,0,0,1,0,차대차 - 측면충돌,안전거리미확보,건조,맑음,단일로 - 기타,승용,남,33세,상해없음,화물,남,54세,경상
2017051900100105,2017년 5월 19일 07시,금요일,강원도 원주시 무실동,중상사고,0,1,0,0,차대차 - 추돌,안전거리미확보,건조,맑음,단일로 - 기타,승용,남,47세,상해없음,화물,남,37세,중상
2017051900100141,2017년 5월 19일 08시,금요일,강원도 춘천시 동면,경상사고,0,0,1,0,차대차 - 정면충돌,신호위반,건조,맑음,교차로 - 교차로안,승합,남,58세,상해없음,승용,남,37세,경상
2017051900100142,2017년 5월 19일 08시,금요일,강원도 춘천시 퇴계동,경상사고,0,0,1,0,차대차 - 측면충돌,신호위반,건조,맑음,교차로 - 교차로안,승용,남,79세,상해없음,승용,남,53세,경상
2017051900100143,2017년 5월 19일 08시,금요일,강원도 평창군 봉평면,중상사고,0,1,0,0,차대차 - 기타,안전운전불이행,건조,맑음,교차로 - 교차로안,승용,여,44세,상해없음,승합,남,55세,상해없음
2017051900100193,2017년 5월 19일 09시,금요일,강원도 춘천시 후평동,경상사고,0,0,1,0,차대차 - 측면충돌,신호위반,건조,맑음,교차로 - 교차로안,승용,여,55세,상해없음,화물,남,31세,경상
2017051900100194,2017년 5월 19일 09시,금요일,강원도 춘천시 소양로1가,경상사고,0,0,1,0,차대차 - 측면충돌,안전운전불이행,건조,맑음,단일로 - 기타,승용,여,38세,상해없음,승용,남,50세,경상
2017051900100228,2017년 5월 19일 10시,금요일,강원도 춘천시 삼천동,중상사고,0,1,1,0,차대차 - 측면충돌,중앙선침범,건조,맑음,단일로 - 기타,승용,남,74세,중상,승용,남,64세,경상
2017051900100229,2017년 5월 19일 10시,금요일,강원도 강릉시 주문진읍,중상사고,0,1,0,0,차대차 - 측면충돌,안전운전불이행,건조,맑음,단일로 - 기타,승합,남,36세,상해없음,이륜,남,75세,중상
2017051900100274,2017년 5월 19일 11시,금요일,강원도 춘천시 송암동,중상사고,0,1,0,0,차대차 - 측면충돌,안전운전불이행,건조,맑음,교차로 - 교차로안,승용,여,48세,상해없음,자전거,남,36세,중상
2017051900100304,2017년 5월 19일 12시,금요일,강원도 춘천시 중앙로2가,중상사고,0,1,0,0,차대차 - 측면충돌,교차로운행방법위반,건조,맑음,교차로 - 교차로안,승용,여,45세,상해없음,승용,여,28세,중상
2017051900100339,2017년 5월 19일 13시,금요일,강원도 평창군 진부면,경상사고,0,0,3,0,차대차 - 추돌,안전운전불이행,건조,맑음,단일로 - 기타,승용,남,65세,상해없음,승용,여,24세,경상
2017051900100375,2017년 5월 19일 14시,금요일,강원도 춘천시 효자동,경상사고,0,0,1,0,차대사람 - 횡단중,안전운전불이행,건조,맑음,단일로 - 기타,승용,남,35세,상해없음,보행자,남,48세,경상
2017051900100376,2017년 5월 19일 14시,금요일,강원도 횡성군 공근면,경상사고,0,0,2,0,차대차 - 추돌,안전운전불이행,건조,맑음,단일로 - 기타,승용,남,37세,상해없음,화물,남,74세,경상
2017051900100377,2017년 5월 19일 14시,금요일,강원도 동해시 천곡동,경상사고,0,0,3,0,차대사람 - 기타,안전운전불이행,건조,맑음,기타 - 기타,승용,남,78세,상해없음,보행자,남,25세,경상
2017051900100408,2017년 5월 19일 15시,금요일,강원도 동해시 천곡동,중상사고,0,2,0,0,차대차 - 측면충돌,교차로운행방법위반,건조,맑음,교차로 - 교차로안,승용,남,39세,상해없음,승용,남,73세,중상
2017051900100539,2017년 5월 19일 18시,금요일,강원도 원주시 우산동,중상사고,0,4,1,0,차대차 - 측면충돌,안전운전불이행,건조,맑음,단일로 - 기타,승용,여,51세,상해없음,승용,남,29세,경상
2017051900100573,2017년 5월 19일 19시,금요일,강원도 원주시 반곡동,경상사고,0,0,1,0,차대차 - 측면충돌,안전운전불이행,건조,맑음,단일로 - 기타,화물,남,62세,상해없음,승합,남,52세,경상
2017051900100574,2017년 5월 19일 19시,금요일,강원도 원주시 단구동,경상사고,0,0,1,0,차대차 - 추돌,안전운전불이행,건조,맑음,단일로 - 기타,이륜,남,25세,상해없음,승용,남,45세,상해없음
2017051900100625,2017년 5월 19일 20시,금요일,강원도 원주시 단계동,경상사고,0,0,1,0,차대차 - 측면충돌,차로위반,건조,맑음,단일로 - 기타,승용,남,55세,상해없음,승용,남,62세,경상
2017051900100667,2017년 5월 19일 21시,금요일,강원도 춘천시 온의동,경상사고,0,0,1,0,차대차 - 측면충돌,안전운전불이행,건조,맑음,단일로 - 기타,승용,여,57세,상해없음,승용,남,64세,경상
2017051900100705,2017년 5월 19일 22시,금요일,강원도 영월군 한반도면,중상사고,0,1,0,0,차대차 - 추돌,안전운전불이행,건조,맑음,단일로 - 기타,승용,남,37세,상해없음,승용,남,46세,중상
2017052000100028,2017년 5월 20일 00시,토요일,강원도 원주시 흥업면,경상사고,0,0,1,0,차대사람 - 횡단중,안전운전불이행,건조,맑음,교차로 - 교차로부근,승용,남,27세,상해없음,보행자,남,50세,경상
2017052000100089,2017년 5월 20일 04시,토요일,강원도 원주시 태장동,경상사고,0,0,1,0,차대사람 - 횡단중,안전운전불이행,건조,맑음,단일로 - 기타,승용,남,58세,상해없음,보행자,남,35세,경상
2017052000100107,2017년 5월 20일 05시,토요일,강원도 강릉시 포남동,중상사고,0,1,0,0,차대차 - 기타,안전운전불이행,건조,맑음,단일로 - 기타,승용,여,62세,상해없음,자전거,남,83세,중상
2017052000100121,2017년 5월 20일 06시,토요일,강원도 원주시 가현동,경상사고,0,0,1,0,차대차 - 측면충돌,교차로운행방법위반,건조,맑음,단일로 - 기타,화물,남,50세,상해없음,자전거,남,23세,경상
2017052000100147,2017년 5월 20일 08시,토요일,강원도 춘천시 소양로1가,경상사고,0,0,1,0,차대사람 - 횡단중,안전운전불이행,건조,맑음,교차로 - 교차로안,승용,남,69세,상해없음,보행자,남,32세,경상
2017052000100148,2017년 5월 20일 08시,토요일,강원도 강릉시 포남동,경상사고,0,0,1,0,차대차 - 측면충돌,신호위반,건조,맑음,교차로 - 교차로안,승용,남,77세,상해없음,승용,남,30세,경상
2017052000100149,2017년 5월 20일 08시,토요일,강원도 원주시 문막읍,경상사고,0,0,1,0,차대사람 - 횡단중,안전운전불이행,건조,맑음,교차로 - 교차로안,화물,남,28세,상해없음,보행자,남,62세,경상
2017052000100174,2017년 5월 20일 09시,토요일,강원도 원주시 단계동,경상사고,0,0,2,0,차대차 - 측면충돌,교차로운행방법위반,건조,맑음,기타 - 기타,승용,여,57세,경상,승용,여,35세,경상
2017052000100200,2017년 5월 20일 10시,토요일,강원도 춘천시 동내면,중상사고,0,2,0,0,차대차 - 측면충돌,신호위반,건조,맑음,교차로 - 교차로안,승용,남,30세,중상,승용,남,45세,중상
2017052000100230,2017년 5월 20일 11시,토요일,강원도 홍천군 홍천읍,경상사고,0,0,1,0,차대차 - 기타,안전운전불이행,건조,맑음,교차로 - 교차로안,승용,남,60세,상해없음,승용,남,51세,상해없음
2017052000100259,2017년 5월 20일 12시,토요일,강원도 강릉시 옥천동,경상사고,0,0,2,0,차대차 - 측면충돌,안전운전불이행,건조,맑음,교차로 - 교차로안,승용,남,62세,상해없음,승용,여,56세,경상
2017052000100334,2017년 5월 20일 14시,토요일,강원도 강릉시 주문진읍,경상사고,0,0,2,0,차대차 - 측면충돌,신호위반,건조,맑음,교차로 - 교차로안,승용,남,50세,상해없음,화물,남,47세,경상
2017052000100372,2017년 5월 20일 15시,토요일,강원도 원주시 태장동,경상사고,0,0,1,0,차대사람 - 횡단중,보행자보호의무위반,건조,맑음,교차로 - 교차로횡단보도내,승용,남,64세,상해없음,보행자,여,23세,경상
2017052000100373,2017년 5월 20일 15시,토요일,강원도 속초시 조양동,경상사고,0,0,1,0,차대차 - 측면충돌,안전운전불이행,건조,맑음,주차장 - 주차장,승용,남,45세,상해없음,자전거,여,8세,경상
2017052000100438,2017년 5월 20일 17시,토요일,강원도 강릉시 임당동,경상사고,0,0,3,0,차대차 - 측면충돌,신호위반,건조,맑음,교차로 - 교차로안,승용,남,72세,상해없음,승용,남,40세,경상
2017052000100439,2017년 5월 20일 17시,토요일,강원도 횡성군 횡성읍,중상사고,0,1,0,2,차대차 - 측면충돌,교차로운행방법위반,건조,맑음,교차로 - 교차로안,승합,남,47세,상해없음,승합,남,44세,부상신고
2017052000100440,2017년 5월 20일 17시,토요일,강원도 동해시 부곡동,경상사고,0,0,3,0,차대차 - 측면충돌,신호위반,건조,맑음,교차로 - 교차로안,승용,남,55세,상해없음,승용,남,44세,경상
2017052000100485,2017년 5월 20일 18시,토요일,강원도 강릉시 내곡동,경상사고,0,0,1,0,차대차 - 측면충돌,안전운전불이행,건조,맑음,교차로 - 교차로안,승용,여,49세,상해없음,승용,남,22세,경상