사고번호,사고일시,요일,시군구,사고내용,사망자수,중상자수,경상자수,부상신고자수,사고유형,법규위반,노면상태,기상상태,도로형태,가해운전자 차종,가해운전자 성별,가해운전자 연령,가해운전자 상해정도,피해운전자 차종,피해운전자 성별,피해운전자 연령,피해운전자 상해정도
2017052000100486,2017년 5월 20일 18시,토요일,강원도 삼척시 도경동,중상사고,0,1,0,0,차대차 - 측면충돌,신호위반,건조,맑음,교차로 - 교차로안,화물,남,38세,상해없음,화물,남,70세,중상
2017052000100487,2017년 5월 20일 18시,토요일,강원도 정선군 사북읍,중상사고,0,1,0,0,차대사람 - 횡단중,기타,건조,맑음,교차로 - 교차로안,승합,남,57세,상해없음,보행자,남,49세,중상
2017052000100522,2017년 5월 20일 19시,토요일,강원도 춘천시 퇴계동,경상사고,0,0,2,0,차대차 - 측면충돌,안전운전불이행,건조,맑음,교차로 - 교차로부근,승용,남,26세,상해없음,승용,남,53세,경상
2017052000100523,2017년 5월 20일 19시,토요일,강원도 속초시 노학동,경상사고,0,0,1,0,차대차 - 측면충돌,직진우회전진행방해,건조,맑음,교차로 - 교차로안,승합,남,45세,상해없음,승용,남,37세,경상
2017052000100551,2017년 5월 20일 20시,토요일,강원도 강릉시 교동,경상사고,0,0,1,0,차대사람 - 횡단중,보행자보호의무위반,건조,맑음,교차로 - 교차로횡단보도내,승용,여,39세,상해없음,보행자,남,47세,경상
2017052000100552,2017년 5월 20일 20시,토요일,강원도 원주시 우산동,경상사고,0,0,3,0,차대차 - 측면충돌,직진우회전진행방해,건조,맑음,교차로 - 교차로안,이륜,남,23세,상해없음,승용,남,19세,경상
2017052000100580,2017년 5월 20일 21시,토요일,강원도 원주시 단구동,경상사고,0,0,2,0,차대차 - 측면충돌,안전거리미확보,건조,맑음,교차로 - 교차로부근,승용,남,51세,상해없음,승용,남,32세,경상
2017052000100633,2017년 5월 20일 23시,토요일,강원도 평창군 봉평면,중상사고,0,2,1,0,차대차 - 정면충돌,중앙선침범,건조,맑음,단일로 - 기타,승용,남,31세,중상,승용,남,39세,경상
2017052100100021,2017년 5월 21일 00시,일요일,강원도 원주시 단계동,부상신고사고,0,0,0,1,차대차 - 측면충돌,직진우회전진행방해,건조,맑음,교차로 - 교차로안,이륜,남,36세,기타불명,승용,남,19세,부상신고
2017052100100022,2017년 5월 21일 00시,일요일,강원도 정선군 고한읍,경상사고,0,0,1,0,차대차 - 측면충돌,안전운전불이행,건조,맑음,주차장 - 주차장,승용,남,43세,기타불명,승용,여,55세,경상
2017052100100039,2017년 5월 21일 01시,일요일,강원도 강릉시 교동,중상사고,0,2,3,0,차대차 - 정면충돌,중앙선침범,건조,맑음,교차로 - 교차로안,승용,남,52세,상해없음,승용,여,27세,중상
2017052100100117,2017년 5월 21일 07시,일요일,강원도 영월군 김삿갓면,경상사고,0,0,2,0,차대차 - 측면충돌,교차로운행방법위반,건조,맑음,교차로 - 교차로안,화물,남,56세,상해없음,승용,남,58세,경상
2017052100100136,2017년 5월 21일 08시,일요일,강원도 철원군 동송읍,경상사고,0,0,1,0,차대차 - 측면충돌,중앙선침범,건조,맑음,단일로 - 기타,화물,남,72세,상해없음,승용,남,69세,경상
2017052100100173,2017년 5월 21일 10시,일요일,강원도 평창군 방림면,부상신고사고,0,0,0,1,차대사람 - 횡단중,안전운전불이행,건조,맑음,단일로 - 기타,화물,남,46세,상해없음,보행자,여,62세,부상신고
2017052100100195,2017년 5월 21일 11시,일요일,강원도 동해시 용정동,경상사고,0,0,1,0,차대차 - 추돌,안전거리미확보,건조,맑음,교차로 - 교차로부근,승용,남,56세,상해없음,승용,여,39세,경상
2017052100100225,2017년 5월 21일 12시,일요일,강원도 춘천시 후평동,경상사고,0,0,1,0,차대사람 - 횡단중,안전운전불이행,건조,맑음,단일로 - 기타,승용,남,57세,상해없음,보행자,남,56세,경상
2017052100100226,2017년 5월 21일 12시,일요일,강원도 원주시 개운동,경상사고,0,0,1,0,차대사람 - 횡단중,안전운전불이행,건조,맑음,단일로 - 기타,승용,남,25세,상해없음,보행자,남,59세,경상
2017052100100227,2017년 5월 21일 12시,일요일,강원도 원주시 관설동,경상사고,0,0,2,0,차대차 - 추돌,안전운전불이행,건조,맑음,교차로 - 교차로부근,화물,남,74세,상해없음,승용,남,39세,경상
2017052100100228,2017년 5월 21일 12시,일요일,강원도 원주시 관설동,경상사고,0,0,1,0,차대차 - 추돌,직진우회전진행방해,건조,맑음,교차로 - 교차로안,승용,남,30세,상해없음,승용,여,43세,경상
2017052100100260,2017년 5월 21일 13시,일요일,강원도 양구군 방산면,사망사고,1,0,0,0,차량단독 - 공작물충돌,안전운전불이행,건조,맑음,단일로 - 기타,이륜,남,69세,사망,,,,
2017052100100322,2017년 5월 21일 15시,일요일,강원도 춘천시 후평동,경상사고,0,0,1,0,차대차 - 측면충돌,안전운전불이행,건조,맑음,단일로 - 기타,승용,남,70세,상해없음,이륜,남,17세,경상
2017052100100323,2017년 5월 21일 15시,일요일,강원도 강릉시 내곡동,경상사고,0,0,2,0,차대차 - 추돌,안전운전불이행,건조,맑음,단일로 - 기타,승용,남,44세,상해없음,승용,남,29세,경상
2017052100100324,2017년 5월 21일 15시,일요일,강원도 인제군 북면,경상사고,0,0,3,0,차량단독 - 전도전복 - 전도,안전운전불이행,건조,맑음,단일로 - 기타,승용,여,39세,경상,,,,
2017052100100352,2017년 5월 21일 16시,일요일,강원도 동해시 천곡동,중상사고,0,1,3,0,차대차 - 측면충돌,직진우회전진행방해,건조,맑음,교차로 - 교차로안,승용,여,20세,상해없음,승용,여,43세,경상
2017052100100382,2017년 5월 21일 17시,일요일,강원도 고성군 거진읍,중상사고,0,1,0,0,차대차 - 측면충돌,직진우회전진행방해,건조,맑음,교차로 - 교차로안,화물,남,70세,상해없음,이륜,여,65세,중상
2017052100100414,2017년 5월 21일 18시,일요일,강원도 속초시 청호동,경상사고,0,0,2,0,차대차 - 추돌,안전운전불이행,건조,맑음,교차로 - 교차로부근,승용,남,30세,상해없음,이륜,남,52세,경상
2017052100100462,2017년 5월 21일 20시,일요일,강원도 삼척시 도계읍,경상사고,0,0,1,0,차대사람 - 차도통행중,안전운전불이행,건조,맑음,교차로 - 교차로안,승용,남,52세,상해없음,보행자,남,58세,경상
2017052100100489,2017년 5월 21일 21시,일요일,강원도 원주시 명륜동,경상사고,0,0,1,0,차대차 - 정면충돌,중앙선침범,건조,맑음,교차로 - 교차로부근,승용,남,57세,상해없음,승용,남,51세,경상
2017052100100490,2017년 5월 21일 21시,일요일,강원도 화천군 화천읍,경상사고,0,0,1,0,차대차 - 기타,안전운전불이행,건조,맑음,단일로 - 기타,승용,남,30세,상해없음,자전거,여,60세,경상
2017052100100504,2017년 5월 21일 22시,일요일,강원도 원주시 단구동,경상사고,0,0,1,0,차대차 - 측면충돌,안전운전불이행,건조,맑음,교차로 - 교차로부근,승용,남,35세,상해없음,승용,남,27세,기타불명
2017052100100505,2017년 5월 21일 22시,일요일,강원도 영월군 영월읍,중상사고,0,1,0,0,차대차 - 측면충돌,교차로운행방법위반,건조,맑음,교차로 - 교차로안,승용,남,49세,상해없음,이륜,남,79세,중상
2017052100100533,2017년 5월 21일 23시,일요일,강원도 삼척시 남양동,경상사고,0,0,1,0,차대사람 - 보도통행중,기타,건조,맑음,단일로 - 기타,승용,남,35세,상해없음,보행자,남,59세,경상
2017052200100097,2017년 5월 22일 07시,월요일,강원도 원주시 문막읍,중상사고,0,1,0,0,차대차 - 측면충돌,안전운전불이행,건조,맑음,단일로 - 기타,농기계,남,54세,상해없음,건설기계,남,48세,상해없음
2017052200100098,2017년 5월 22일 07시,월요일,강원도 원주시 무실동,경상사고,0,0,1,0,차대차 - 측면충돌,안전운전불이행,건조,맑음,단일로 - 기타,승용,여,47세,상해없음,승용,여,31세,경상
2017052200100099,2017년 5월 22일 07시,월요일,강원도 영월군 북면,중상사고,0,2,0,2,차량단독 - 도로외이탈 - 추락,기타,건조,맑음,단일로 - 기타,승용,남,74세,부상신고,,,,
2017052200100145,2017년 5월 22일 08시,월요일,강원도 춘천시 남산면,경상사고,0,0,1,0,차대차 - 측면충돌,교차로운행방법위반,건조,맑음,교차로 - 교차로안,건설기계,남,56세,상해없음,승용,남,65세,경상
2017052200100146,2017년 5월 22일 08시,월요일,강원도 원주시 반곡동,경상사고,0,0,4,0,차대차 - 추돌,안전운전불이행,건조,맑음,교차로 - 교차로부근,승용,여,47세,상해없음,승용,여,29세,경상
2017052200100186,2017년 5월 22일 09시,월요일,강원도 춘천시 후평동,경상사고,0,0,1,0,차대차 - 측면충돌,안전운전불이행,건조,맑음,교차로 - 교차로안,승용,여,47세,상해없음,화물,남,65세,경상
2017052200100187,2017년 5월 22일 09시,월요일,강원도 고성군 거진읍,경상사고,0,0,1,0,차대차 - 정면충돌,중앙선침범,건조,맑음,기타 - 기타,승용,남,47세,상해없음,승용,여,60세,경상
2017052200100271,2017년 5월 22일 12시,월요일,강원도 속초시 대포동,경상사고,0,0,1,0,차대차 - 추돌,안전거리미확보,건조,맑음,단일로 - 기타,화물,남,43세,상해없음,승용,남,66세,상해없음
2017052200100301,2017년 5월 22일 13시,월요일,강원도 인제군 북면,경상사고,0,0,2,0,차대차 - 추돌,안전운전불이행,건조,맑음,교차로 - 교차로부근,승용,남,36세,상해없음,승용,남,49세,경상
2017052200100379,2017년 5월 22일 15시,월요일,강원도 강릉시 교동,경상사고,0,0,1,0,차대사람 - 횡단중,안전운전불이행,건조,맑음,단일로 - 기타,승합,남,60세,상해없음,보행자,남,6세,경상
2017052200100380,2017년 5월 22일 15시,월요일,강원도 속초시 조양동,경상사고,0,0,1,0,차대차 - 측면충돌,신호위반,건조,맑음,교차로 - 교차로안,승용,남,74세,상해없음,승용,남,59세,경상
2017052200100452,2017년 5월 22일 17시,월요일,강원도 춘천시 효자동,중상사고,0,1,0,0,차대사람 - 길가장자리구역통행중,안전운전불이행,건조,맑음,교차로 - 교차로부근,화물,남,46세,상해없음,보행자,여,88세,중상
2017052200100500,2017년 5월 22일 18시,월요일,강원도 양구군 남면,중상사고,0,1,0,0,차대차 - 측면충돌,안전운전불이행,건조,맑음,교차로 - 교차로안,화물,여,64세,상해없음,이륜,남,72세,중상
2017052200100501,2017년 5월 22일 18시,월요일,강원도 동해시 평릉동,경상사고,0,0,1,0,차대차 - 기타,직진우회전진행방해,건조,맑음,교차로 - 교차로안,승용,남,20세,상해없음,승용,남,41세,경상
2017052200100552,2017년 5월 22일 19시,월요일,강원도 춘천시 효자동,경상사고,0,0,1,0,차대사람 - 길가장자리구역통행중,보행자보호의무위반,건조,맑음,단일로 - 기타,승용,남,25세,상해없음,보행자,남,51세,경상
2017052200100553,2017년 5월 22일 19시,월요일,강원도 춘천시 석사동,경상사고,0,0,2,0,차대차 - 측면충돌,안전운전불이행,건조,맑음,교차로 - 교차로안,승용,남,44세,상해없음,화물,남,30세,경상
2017052200100554,2017년 5월 22일 19시,월요일,강원도 삼척시 정상동,경상사고,0,0,1,0,차대차 - 측면충돌,신호위반,건조,맑음,교차로 - 교차로안,화물,남,41세,상해없음,승용,남,49세,경상
2017052200100555,2017년 5월 22일 19시,월요일,강원도 홍천군 홍천읍,중상사고,0,1,0,0,차대사람 - 횡단중,보행자보호의무위반,건조,맑음,교차로 - 교차로횡단보도내,승용,여,49세,상해없음,보행자,여,55세,중상
2017052200100556,2017년 5월 22일 19시,월요일,강원도 인제군 북면,부상신고사고,0,0,0,1,차대사람 - 횡단중,안전운전불이행,건조,맑음,교차로 - 교차로부근,화물,남,53세,상해없음,보행자,남,15세,부상신고
2017052200100605,2017년 5월 22일 21시,월요일,강원도 춘천시 후평동,경상사고,0,0,1,0,차대차 - 측면충돌,직진우회전진행방해,건조,맑음,교차로 - 교차로안,승용,남,27세,상해없음,자전거,남,18세,경상
2017052200100606,2017년 5월 22일 21시,월요일,강원도 동해시 발한동,중상사고,0,1,0,0,차대사람 - 기타,안전운전불이행,건조,맑음,단일로 - 기타,승용,남,61세,상해없음,보행자,여,75세,중상
2017052200100630,2017년 5월 22일 22시,월요일,강원도 춘천시 퇴계동,중상사고,0,1,0,0,차대사람 - 횡단중,안전운전불이행,건조,맑음,기타 - 기타,승용,남,58세,상해없음,보행자,여,58세,중상
2017052300100025,2017년 5월 23일 00시,화요일,강원도 원주시 무실동,중상사고,0,1,0,0,차대차 - 추돌,안전운전불이행,건조,맑음,단일로 - 기타,승용,남,30세,상해없음,승용,남,30세,중상
2017052300100042,2017년 5월 23일 01시,화요일,강원도 강릉시 포남동,경상사고,0,0,1,0,차대차 - 추돌,안전운전불이행,건조,맑음,단일로 - 기타,승용,남,47세,상해없음,승용,여,58세,기타불명
2017052300100049,2017년 5월 23일 02시,화요일,강원도 동해시 천곡동,경상사고,0,0,2,0,차대차 - 기타,신호위반,건조,맑음,교차로 - 교차로안,승용,남,61세,상해없음,승용,남,38세,경상
2017052300100105,2017년 5월 23일 07시,화요일,강원도 고성군 토성면,경상사고,0,0,1,0,차대차 - 측면충돌,안전운전불이행,건조,맑음,교차로 - 교차로부근,기타불명,남,53세,경상,승용,남,47세,상해없음
2017052300100143,2017년 5월 23일 08시,화요일,강원도 원주시 태장동,중상사고,0,1,1,0,차대차 - 정면충돌,교차로운행방법위반,건조,맑음,교차로 - 교차로부근,승용,여,43세,경상,화물,남,37세,중상
2017052300100144,2017년 5월 23일 08시,화요일,강원도 삼척시 성남동,중상사고,0,1,0,0,차대차 - 측면충돌,안전거리미확보,건조,맑음,단일로 - 기타,승용,여,34세,상해없음,원동기,남,57세,중상
2017052300100176,2017년 5월 23일 09시,화요일,강원도 춘천시 소양로1가,경상사고,0,0,1,1,차대차 - 측면충돌,신호위반,건조,맑음,교차로 - 교차로부근,승용,남,77세,부상신고,승용,남,42세,경상
2017052300100177,2017년 5월 23일 09시,화요일,강원도 양구군 양구읍,중상사고,0,1,0,0,차대사람 - 횡단중,안전운전불이행,건조,맑음,교차로 - 교차로안,화물,남,75세,상해없음,보행자,남,77세,중상
2017052300100210,2017년 5월 23일 10시,화요일,강원도 춘천시 서면,경상사고,0,0,1,0,차대차 - 정면충돌,중앙선침범,건조,맑음,단일로 - 기타,화물,남,53세,상해없음,승용,남,70세,경상
2017052300100211,2017년 5월 23일 10시,화요일,강원도 원주시 개운동,중상사고,0,1,0,0,차대차 - 추돌,교차로운행방법위반,건조,맑음,교차로 - 교차로안,승용,남,62세,상해없음,화물,남,58세,중상
2017052300100260,2017년 5월 23일 12시,화요일,강원도 강릉시 임당동,중상사고,0,1,0,0,차대사람 - 횡단중,안전운전불이행,건조,맑음,교차로 - 교차로부근,승용,남,61세,상해없음,보행자,남,75세,중상
2017052300100261,2017년 5월 23일 12시,화요일,강원도 동해시 부곡동,경상사고,0,0,3,0,차대차 - 추돌,안전거리미확보,건조,맑음,교차로 - 교차로부근,화물,남,44세,상해없음,승용,여,42세,경상
2017052300100262,2017년 5월 23일 12시,화요일,강원도 횡성군 둔내면,경상사고,0,0,2,0,차대차 - 정면충돌,안전거리미확보,건조,맑음,단일로 - 기타,승용,남,19세,상해없음,승용,여,62세,경상
2017052300100294,2017년 5월 23일 13시,화요일,강원도 춘천시 효자동,중상사고,0,1,0,0,차대차 - 측면충돌,안전운전불이행,건조,맑음,단일로 - 기타,자전거,남,45세,중상,승용,남,53세,상해없음
2017052300100295,2017년 5월 23일 13시,화요일,강원도 원주시 문막읍,경상사고,0,0,1,0,차대차 - 측면충돌,중앙선침범,건조,맑음,단일로 - 기타,승용,남,85세,상해없음,화물,남,47세,경상
2017052300100296,2017년 5월 23일 13시,화요일,강원도 원주시 단계동,경상사고,0,0,2,0,차대차 - 추돌,안전운전불이행,건조,맑음,교차로 - 교차로부근,화물,남,43세,상해없음,승용,남,58세,경상
2017052300100297,2017년 5월 23일 13시,화요일,강원도 동해시 효가동,경상사고,0,0,1,0,차대차 - 측면충돌,차로위반,건조,맑음,단일로 - 기타,승용,남,48세,상해없음,승용,남,36세,경상
2017052300100326,2017년 5월 23일 14시,화요일,강원도 원주시 단계동,중상사고,0,1,0,0,차대사람 - 횡단중,안전운전불이행,건조,맑음,단일로 - 기타,승용,남,72세,상해없음,보행자,남,85세,중상
2017052300100361,2017년 5월 23일 15시,화요일,강원도 춘천시 석사동,경상사고,0,0,1,0,차대차 - 측면충돌,안전운전불이행,건조,맑음,단일로 - 기타,승용,여,41세,상해없음,승합,남,52세,경상
2017052300100395,2017년 5월 23일 16시,화요일,강원도 철원군 철원읍,중상사고,0,1,2,0,차대차 - 측면충돌,직진우회전진행방해,젖음/습기,맑음,교차로 - 교차로안,승용,여,61세,경상,승합,남,51세,중상
2017052300100432,2017년 5월 23일 17시,화요일,강원도 춘천시 동내면,경상사고,0,0,1,0,차대차 - 측면충돌,교차로운행방법위반,젖음/습기,흐림,교차로 - 교차로안,특수,남,45세,상해없음,화물,남,52세,경상
2017052300100433,2017년 5월 23일 17시,화요일,강원도 횡성군 둔내면,경상사고,0,0,3,0,차대차 - 측면충돌,중앙선침범,건조,맑음,단일로 - 기타,승용,남,60세,상해없음,승용,여,26세,경상
2017052300100469,2017년 5월 23일 18시,화요일,강원도 원주시 단계동,경상사고,0,0,1,0,차대차 - 측면충돌,교차로운행방법위반,건조,맑음,교차로 - 교차로안,승용,남,49세,상해없음,승용,남,55세,경상
2017052300100507,2017년 5월 23일 19시,화요일,강원도 강릉시 노암동,경상사고,0,0,3,0,차대차 - 측면충돌,신호위반,건조,맑음,교차로 - 교차로안,화물,여,46세,상해없음,승용,남,49세,경상
2017052300100548,2017년 5월 23일 20시,화요일,강원도 춘천시 석사동,중상사고,0,2,1,0,차대차 - 추돌,안전거리미확보,젖음/습기,비,단일로 - 기타,승용,여,43세,상해없음,승용,남,48세,경상
2017052300100608,2017년 5월 23일 22시,화요일,강원도 원주시 단구동,경상사고,0,0,2,0,차대차 - 측면충돌,신호위반,건조,맑음,교차로 - 교차로안,승용,여,46세,상해없음,승용,남,57세,경상
2017052300100609,2017년 5월 23일 22시,화요일,강원도 원주시 단구동,부상신고사고,0,0,0,1,차대사람 - 횡단중,안전운전불이행,건조,맑음,기타 - 기타,기타불명,기타불명,미분류,기타불명,보행자,여,26세,부상신고
2017052400100033,2017년 5월 24일 00시,수요일,강원도 속초시 청학동,중상사고,0,1,4,0,차대차 - 측면충돌,교차로운행방법위반,젖음/습기,비,교차로 - 교차로안,승용,남,23세,상해없음,승용,여,71세,경상
2017052400100049,2017년 5월 24일 01시,수요일,강원도 춘천시 퇴계동,경상사고,0,0,1,0,차대사람 - 횡단중,교차로운행방법위반,건조,맑음,교차로 - 교차로안,승용,남,53세,상해없음,보행자,여,38세,경상
2017052400100050,2017년 5월 24일 01시,수요일,강원도 원주시 단구동,부상신고사고,0,0,0,1,차량단독 - 전도전복,안전운전불이행,젖음/습기,비,교차로 - 교차로부근,승용,남,31세,부상신고,미분류,미분류,미분류,미분류
2017052400100097,2017년 5월 24일 06시,수요일,강원도 인제군 남면,중상사고,0,1,1,0,차대차 - 정면충돌,중앙선침범,건조,맑음,교차로 - 교차로부근,건설기계,남,63세,상해없음,화물,남,71세,경상
2017052400100116,2017년 5월 24일 07시,수요일,강원도 삼척시 남양동,경상사고,0,0,1,0,차대차 - 기타,신호위반,건조,맑음,교차로 - 교차로안,승용,남,51세,상해없음,자전거,남,56세,경상
2017052400100117,2017년 5월 24일 07시,수요일,강원도 홍천군 홍천읍,경상사고,0,0,1,0,차대차 - 정면충돌,안전운전불이행,건조,맑음,단일로 - 기타,승용,남,38세,상해없음,승용,여,58세,경상
2017052400100141,2017년 5월 24일 08시,수요일,강원도 강릉시 견소동,경상사고,0,0,1,0,차대차 - 측면충돌,안전운전불이행,젖음/습기,비,교차로 - 교차로안,승합,남,49세,상해없음,승용,남,80세,경상
2017052400100142,2017년 5월 24일 08시,수요일,강원도 원주시 개운동,경상사고,0,0,1,0,차대차 - 기타,교차로운행방법위반,젖음/습기,맑음,교차로 - 교차로부근,자전거,남,19세,경상,승용,남,44세,상해없음
2017052400100143,2017년 5월 24일 08시,수요일,강원도 영월군 영월읍,부상신고사고,0,0,0,1,차대차 - 측면충돌,교차로운행방법위반,건조,맑음,교차로 - 교차로안,승용,여,35세,부상신고,승용,여,35세,상해없음
2017052400100210,2017년 5월 24일 10시,수요일,강원도 원주시 태장동,경상사고,0,0,3,0,차대차 - 측면충돌,안전거리미확보,건조,맑음,단일로 - 기타,화물,남,23세,상해없음,화물,남,35세,경상
2017052400100265,2017년 5월 24일 12시,수요일,강원도 원주시 개운동,중상사고,0,1,0,0,차대사람 - 횡단중,보행자보호의무위반,건조,맑음,교차로 - 교차로횡단보도내,승용,남,52세,상해없음,보행자,여,64세,중상
2017052400100266,2017년 5월 24일 12시,수요일,강원도 정선군 여량면,경상사고,0,0,1,0,차대차 - 정면충돌,중앙선침범,건조,맑음,단일로 - 기타,화물,남,77세,상해없음,승용,남,52세,경상
2017052400100327,2017년 5월 24일 14시,수요일,강원도 춘천시 소양로4가,중상사고,0,1,0,0,차대차 - 측면충돌,직진우회전진행방해,건조,맑음,교차로 - 교차로안,화물,남,45세,상해없음,이륜,남,65세,중상
2017052400100328,2017년 5월 24일 14시,수요일,강원도 원주시 무실동,경상사고,0,0,2,0,차대차 - 추돌,중앙선침범,건조,맑음,교차로 - 교차로안,화물,남,57세,상해없음,승용,여,24세,경상
2017052400100329,2017년 5월 24일 14시,수요일,강원도 원주시 흥업면,경상사고,0,0,1,1,차대차 - 측면충돌,안전운전불이행,건조,맑음,교차로 - 교차로부근,화물,남,37세,부상신고,화물,남,27세,경상
2017052400100363,2017년 5월 24일 15시,수요일,강원도 원주시 단구동,경상사고,0,0,1,0,차대차 - 측면충돌,신호위반,건조,맑음,교차로 - 교차로안,승용,남,54세,상해없음,승용,남,31세,경상
2017052400100364,2017년 5월 24일 15시,수요일,강원도 평창군 용평면,사망사고,1,0,1,0,차량단독 - 공작물충돌,안전운전불이행,건조,맑음,교차로 - 교차로안,승용,여,36세,경상,,,,
2017052400100400,2017년 5월 24일 16시,수요일,강원도 홍천군 홍천읍,경상사고,0,0,1,0,차대차 - 기타,안전운전불이행,건조,맑음,단일로 - 기타,승용,남,24세,상해없음,승용,여,43세,경상
2017052400100442,2017년 5월 24일 17시,수요일,강원도 강릉시 교동,중상사고,0,1,0,0,차대차 - 측면충돌,중앙선침범,건조,맑음,단일로 - 기타,승용,남,49세,상해없음,이륜,남,19세,중상
2017052400100490,2017년 5월 24일 18시,수요일,강원도 원주시 반곡동,경상사고,0,0,1,0,차대차 - 측면충돌,안전운전불이행,건조,맑음,단일로 - 기타,승용,여,53세,상해없음,자전거,남,12세,경상
2017052400100491,2017년 5월 24일 18시,수요일,강원도 영월군 영월읍,중상사고,0,1,0,0,차대사람 - 횡단중,안전운전불이행,건조,흐림,단일로 - 기타,화물,남,45세,상해없음,보행자,남,67세,중상
2017052400100556,2017년 5월 24일 20시,수요일,강원도 원주시 관설동,중상사고,0,1,2,0,차대차 - 측면충돌,안전운전불이행,건조,맑음,교차로 - 교차로안,승용,여,75세,기타불명,화물,남,27세,중상
2017052400100590,2017년 5월 24일 21시,수요일,강원도 화천군 상서면,중상사고,0,1,0,0,차량단독 - 전도전복,안전운전불이행,건조,맑음,단일로 - 기타,화물,남,57세,중상,미분류,미분류,미분류,미분류
2017052400100613,2017년 5월 24일 22시,수요일,강원도 원주시 단계동,경상사고,0,0,2,0,차대차 - 측면충돌,신호위반,건조,맑음,교차로 - 교차로안,승용,남,21세,상해없음,승용,남,50세,경상
2017052500100029,2017년 5월 25일 00시,목요일,강원도 원주시 지정면,중상사고,0,1,0,0,차대차 - 측면충돌,안전운전불이행,건조,맑음,교차로 - 교차로안,승용,여,44세,상해없음,이륜,남,75세,중상
2017052500100067,2017년 5월 25일 04시,목요일,강원도 강릉시 명주동,중상사고,0,1,0,0,차대사람 - 횡단중,안전운전불이행,건조,맑음,단일로 - 기타,승용,여,74세,상해없음,보행자,여,73세,중상
2017052500100137,2017년 5월 25일 08시,목요일,강원도 원주시 판부면,경상사고,0,0,2,0,차대차 - 측면충돌,안전운전불이행,건조,맑음,단일로 - 기타,화물,남,47세,상해없음,승용,남,60세,경상
2017052500100138,2017년 5월 25일 08시,목요일,강원도 속초시 조양동,경상사고,0,0,1,0,차대차 - 측면충돌,안전운전불이행,건조,맑음,단일로 - 기타,승용,남,63세,상해없음,승합,남,45세,경상
2017052500100180,2017년 5월 25일 09시,목요일,강원도 홍천군 남면,중상사고,0,1,0,0,차대차 - 측면충돌,직진우회전진행방해,건조,맑음,교차로 - 교차로안,농기계,남,66세,중상,승용,남,32세,상해없음
2017052500100181,2017년 5월 25일 09시,목요일,강원도 평창군 용평면,중상사고,0,1,0,0,차대사람 - 기타,안전운전불이행,건조,맑음,단일로 - 기타,화물,남,49세,상해없음,보행자,남,65세,중상
2017052500100233,2017년 5월 25일 11시,목요일,강원도 동해시 용정동,경상사고,0,0,1,0,차대차 - 추돌,안전운전불이행,건조,맑음,교차로 - 교차로부근,승용,여,36세,상해없음,승용,남,39세,경상
2017052500100274,2017년 5월 25일 12시,목요일,강원도 원주시 단계동,경상사고,0,0,1,0,차대차 - 측면충돌,안전운전불이행,건조,맑음,교차로 - 교차로안,승용,여,45세,상해없음,이륜,남,21세,경상
2017052500100275,2017년 5월 25일 12시,목요일,강원도 원주시 단구동,경상사고,0,0,1,0,차대차 - 측면충돌,안전운전불이행,건조,맑음,교차로 - 교차로안,화물,남,49세,상해없음,승용,남,27세,경상
2017052500100309,2017년 5월 25일 13시,목요일,강원도 강릉시 옥계면,경상사고,0,0,3,0,차대차 - 측면충돌,기타,건조,맑음,교차로 - 교차로안,이륜,남,48세,상해없음,화물,여,55세,경상
2017052500100337,2017년 5월 25일 14시,목요일,강원도 춘천시 퇴계동,경상사고,0,0,1,0,차대차 - 추돌,안전운전불이행,건조,맑음,단일로 - 기타,화물,남,33세,상해없음,승용,남,67세,경상
2017052500100338,2017년 5월 25일 14시,목요일,강원도 원주시 단계동,중상사고,0,1,1,0,차대차 - 측면충돌,차로위반,건조,맑음,단일로 - 기타,이륜,남,57세,중상,승용,남,63세,경상
2017052500100405,2017년 5월 25일 16시,목요일,강원도 춘천시 석사동,경상사고,0,0,1,0,차대차 - 추돌,안전운전불이행,건조,맑음,단일로 - 기타,승용,여,53세,상해없음,승용,여,34세,경상
2017052500100406,2017년 5월 25일 16시,목요일,강원도 춘천시 동내면,경상사고,0,0,1,0,차대차 - 측면충돌,직진우회전진행방해,건조,맑음,교차로 - 교차로안,화물,남,52세,상해없음,승용,남,22세,경상
2017052500100407,2017년 5월 25일 16시,목요일,강원도 춘천시 동내면,부상신고사고,0,0,0,2,차대차 - 측면충돌,안전운전불이행,건조,맑음,단일로 - 기타,승용,남,68세,상해없음,승용,여,47세,부상신고
2017052500100448,2017년 5월 25일 17시,목요일,강원도 홍천군 남면,경상사고,0,0,1,0,차대차 - 정면충돌,교차로운행방법위반,건조,맑음,교차로 - 교차로안,승용,남,21세,상해없음,화물,남,54세,상해없음
2017052500100492,2017년 5월 25일 18시,목요일,강원도 춘천시 석사동,경상사고,0,0,1,0,차대차 - 측면충돌,안전운전불이행,건조,맑음,교차로 - 교차로안,승용,여,49세,상해없음,승용,여,56세,경상
2017052500100609,2017년 5월 25일 22시,목요일,강원도 강릉시 교동,경상사고,0,0,2,0,차대차 - 추돌,안전운전불이행,건조,맑음,교차로 - 교차로부근,승용,남,56세,상해없음,승용,남,55세,경상