사고번호,사고일시,요일,시군구,사고내용,사망자수,중상자수,경상자수,부상신고자수,사고유형,법규위반,노면상태,기상상태,도로형태,가해운전자 차종,가해운전자 성별,가해운전자 연령,가해운전자 상해정도,피해운전자 차종,피해운전자 성별,피해운전자 연령,피해운전자 상해정도
2017052600100058,2017년 5월 26일 02시,금요일,강원도 원주시 우산동,경상사고,0,0,1,0,차대사람 - 횡단중,보행자보호의무위반,건조,맑음,단일로 - 기타,승용,남,24세,상해없음,보행자,남,26세,경상
2017052600100078,2017년 5월 26일 05시,금요일,강원도 철원군 근남면,중상사고,0,1,0,0,차대차 - 측면충돌,안전운전불이행,건조,맑음,교차로 - 교차로부근,화물,남,60세,상해없음,원동기,여,61세,중상
2017052600100154,2017년 5월 26일 08시,금요일,강원도 강릉시 포남동,중상사고,0,1,0,0,차대차 - 기타,교차로운행방법위반,건조,맑음,교차로 - 교차로부근,승용,여,40세,상해없음,승합,남,29세,상해없음
2017052600100155,2017년 5월 26일 08시,금요일,강원도 강릉시 교동,경상사고,0,0,1,0,차량단독 - 기타,안전운전불이행,건조,맑음,교차로 - 교차로안,승용,남,61세,상해없음,,,,
2017052600100210,2017년 5월 26일 09시,금요일,강원도 원주시 흥업면,경상사고,0,0,1,0,차대차 - 측면충돌,안전운전불이행,건조,맑음,단일로 - 기타,승용,남,33세,상해없음,화물,남,37세,상해없음
2017052600100211,2017년 5월 26일 09시,금요일,강원도 횡성군 횡성읍,중상사고,0,1,0,0,차대차 - 측면충돌,안전거리미확보,건조,맑음,교차로 - 교차로안,이륜,남,69세,중상,승용,남,83세,상해없음
2017052600100247,2017년 5월 26일 10시,금요일,강원도 속초시 교동,경상사고,0,0,1,0,차대사람 - 기타,안전운전불이행,건조,맑음,주차장 - 주차장,승용,여,46세,상해없음,보행자,여,65세,경상
2017052600100285,2017년 5월 26일 11시,금요일,강원도 강릉시 포남동,중상사고,0,1,0,0,차대차 - 기타,안전운전불이행,건조,맑음,단일로 - 기타,승용,남,58세,상해없음,자전거,남,79세,중상
2017052600100286,2017년 5월 26일 11시,금요일,강원도 원주시 관설동,경상사고,0,0,2,0,차대차 - 추돌,안전운전불이행,젖음/습기,흐림,단일로 - 기타,승용,여,23세,상해없음,화물,남,49세,경상
2017052600100287,2017년 5월 26일 11시,금요일,강원도 속초시 장사동,경상사고,0,0,1,0,차대차 - 측면충돌,안전운전불이행,건조,맑음,단일로 - 기타,화물,남,37세,상해없음,승용,여,52세,경상
2017052600100288,2017년 5월 26일 11시,금요일,강원도 태백시 하사미동,경상사고,0,0,1,0,차대차 - 측면충돌,중앙선침범,건조,맑음,단일로 - 기타,승용,남,67세,상해없음,승용,남,53세,경상
2017052600100320,2017년 5월 26일 12시,금요일,강원도 강릉시 포남동,중상사고,0,1,0,0,차대사람 - 기타,안전운전불이행,건조,맑음,단일로 - 기타,승용,남,75세,상해없음,보행자,남,62세,중상
2017052600100348,2017년 5월 26일 13시,금요일,강원도 강릉시 주문진읍,경상사고,0,0,1,0,차대차 - 측면충돌,안전운전불이행,젖음/습기,흐림,단일로 - 기타,승합,남,75세,상해없음,이륜,남,67세,경상
2017052600100349,2017년 5월 26일 13시,금요일,강원도 원주시 명륜동,중상사고,0,1,0,0,차대차 - 측면충돌,안전운전불이행,건조,맑음,기타 - 기타,승용,남,65세,상해없음,이륜,남,80세,중상
2017052600100406,2017년 5월 26일 15시,금요일,강원도 강릉시 홍제동,경상사고,0,0,1,0,차대차 - 측면충돌,안전운전불이행,건조,맑음,교차로 - 교차로안,화물,남,59세,상해없음,승용,남,59세,경상
2017052600100407,2017년 5월 26일 15시,금요일,강원도 태백시 황지동,부상신고사고,0,0,0,1,차대사람 - 횡단중,보행자보호의무위반,건조,맑음,단일로 - 기타,승용,여,49세,상해없음,보행자,남,60세,부상신고
2017052600100449,2017년 5월 26일 16시,금요일,강원도 춘천시 효자동,경상사고,0,0,1,0,차대차 - 측면충돌,안전운전불이행,건조,맑음,교차로 - 교차로안,승용,남,25세,상해없음,자전거,남,10세,경상
2017052600100489,2017년 5월 26일 17시,금요일,강원도 춘천시 신북읍,경상사고,0,0,1,0,차대차 - 추돌,교차로운행방법위반,건조,맑음,단일로 - 터널,승용,여,27세,상해없음,승용,여,51세,경상
2017052600100490,2017년 5월 26일 17시,금요일,강원도 동해시 효가동,경상사고,0,0,2,0,차대차 - 추돌,안전운전불이행,건조,맑음,교차로 - 교차로부근,화물,남,49세,상해없음,승용,남,51세,경상
2017052600100535,2017년 5월 26일 18시,금요일,강원도 속초시 중앙동,경상사고,0,0,1,0,차대사람 - 횡단중,안전운전불이행,건조,맑음,단일로 - 기타,승용,여,22세,상해없음,보행자,남,57세,경상
2017052600100536,2017년 5월 26일 18시,금요일,강원도 영월군 남면,사망사고,1,2,2,0,차량단독 - 기타,안전운전불이행,건조,맑음,단일로 - 기타,승용,여,43세,사망,,,,
2017052600100589,2017년 5월 26일 19시,금요일,강원도 원주시 단계동,경상사고,0,0,1,0,차대차 - 측면충돌,안전거리미확보,건조,맑음,교차로 - 교차로안,화물,남,36세,상해없음,승용,남,47세,경상
2017052600100629,2017년 5월 26일 20시,금요일,강원도 원주시 우산동,중상사고,0,1,0,0,차대차 - 측면충돌,중앙선침범,건조,맑음,교차로 - 교차로안,승용,여,32세,상해없음,이륜,남,69세,중상
2017052600100670,2017년 5월 26일 21시,금요일,강원도 춘천시 동면,중상사고,0,1,0,0,차대차 - 측면충돌,안전운전불이행,건조,맑음,교차로 - 교차로안,승용,남,51세,상해없음,승용,남,64세,중상
2017052700100183,2017년 5월 27일 09시,토요일,강원도 춘천시 동내면,부상신고사고,0,0,0,3,차대차 - 추돌,안전운전불이행,건조,맑음,교차로 - 교차로부근,승용,남,68세,상해없음,승용,남,46세,부상신고
2017052700100184,2017년 5월 27일 09시,토요일,강원도 춘천시 신북읍,중상사고,0,2,0,0,차대차 - 측면충돌,교차로운행방법위반,건조,맑음,교차로 - 교차로안,승용,여,56세,상해없음,승용,남,52세,중상
2017052700100219,2017년 5월 27일 10시,토요일,강원도 춘천시 근화동,중상사고,0,1,0,0,차대차 - 측면충돌,안전거리미확보,건조,맑음,교차로 - 교차로안,건설기계,남,52세,상해없음,승용,여,52세,중상
2017052700100220,2017년 5월 27일 10시,토요일,강원도 춘천시 석사동,경상사고,0,0,2,0,차대차 - 추돌,안전운전불이행,건조,맑음,교차로 - 교차로부근,승용,남,68세,상해없음,승용,남,63세,경상
2017052700100221,2017년 5월 27일 10시,토요일,강원도 춘천시 소양로1가,경상사고,0,0,2,0,차대차 - 측면충돌,안전운전불이행,건조,맑음,단일로 - 기타,승용,남,52세,상해없음,승용,여,45세,상해없음
2017052700100222,2017년 5월 27일 10시,토요일,강원도 원주시 우산동,중상사고,0,1,0,0,차대차 - 측면충돌,신호위반,건조,맑음,교차로 - 교차로안,승용,남,59세,상해없음,이륜,남,35세,중상
2017052700100223,2017년 5월 27일 10시,토요일,강원도 홍천군 두촌면,경상사고,0,0,4,0,차대차 - 정면충돌,안전운전불이행,건조,맑음,단일로 - 기타,승용,남,20세,상해없음,승용,남,42세,경상
2017052700100258,2017년 5월 27일 11시,토요일,강원도 홍천군 홍천읍,중상사고,0,1,0,0,차대차 - 정면충돌,직진우회전진행방해,건조,맑음,교차로 - 교차로안,화물,남,63세,상해없음,원동기,남,49세,중상
2017052700100292,2017년 5월 27일 12시,토요일,강원도 강릉시 옥천동,중상사고,0,1,0,0,차대사람 - 횡단중,안전운전불이행,건조,맑음,교차로 - 교차로부근,승용,남,35세,상해없음,보행자,여,58세,중상
2017052700100335,2017년 5월 27일 13시,토요일,강원도 춘천시 후평동,경상사고,0,0,5,0,차대차 - 추돌,안전운전불이행,건조,맑음,교차로 - 교차로안,승용,여,50세,상해없음,승용,남,30세,경상
2017052700100372,2017년 5월 27일 14시,토요일,강원도 춘천시 동내면,중상사고,0,1,0,0,차대사람 - 기타,안전운전불이행,건조,맑음,단일로 - 기타,승합,남,55세,상해없음,보행자,남,77세,중상
2017052700100373,2017년 5월 27일 14시,토요일,강원도 삼척시 원덕읍,경상사고,0,0,1,0,차대차 - 정면충돌,안전운전불이행,건조,맑음,단일로 - 기타,승용,여,46세,상해없음,화물,남,37세,경상
2017052700100374,2017년 5월 27일 14시,토요일,강원도 홍천군 남면,중상사고,0,1,0,0,차대사람 - 길가장자리구역통행중,중앙선침범,건조,맑음,단일로 - 기타,승용,남,42세,상해없음,보행자,여,73세,중상
2017052700100375,2017년 5월 27일 14시,토요일,강원도 철원군 동송읍,중상사고,0,1,0,0,차대차 - 측면충돌,중앙선침범,건조,맑음,단일로 - 기타,농기계,남,75세,중상,화물,남,20세,상해없음
2017052700100462,2017년 5월 27일 16시,토요일,강원도 강릉시 성산면,경상사고,0,0,1,0,차대차 - 정면충돌,신호위반,건조,맑음,교차로 - 교차로안,화물,남,52세,상해없음,승용,남,61세,경상
2017052700100463,2017년 5월 27일 16시,토요일,강원도 원주시 단계동,경상사고,0,0,1,0,차대차 - 측면충돌,안전운전불이행,건조,맑음,교차로 - 교차로안,승용,여,22세,경상,승용,남,50세,상해없음
2017052700100464,2017년 5월 27일 16시,토요일,강원도 평창군 봉평면,사망사고,1,0,1,0,차대차 - 측면충돌,중앙선침범,건조,맑음,단일로 - 기타,자전거,남,49세,사망,화물,남,77세,경상
2017052700100502,2017년 5월 27일 17시,토요일,강원도 원주시 반곡동,경상사고,0,0,2,0,차대차 - 측면충돌,신호위반,건조,맑음,교차로 - 교차로안,승용,남,66세,상해없음,승용,남,33세,경상
2017052700100503,2017년 5월 27일 17시,토요일,강원도 원주시 문막읍,경상사고,0,0,2,0,차대차 - 기타,안전운전불이행,건조,맑음,단일로 - 기타,승합,남,62세,상해없음,승용,남,21세,경상
2017052700100504,2017년 5월 27일 17시,토요일,강원도 원주시 개운동,중상사고,0,1,0,0,차대차 - 측면충돌,안전운전불이행,건조,맑음,교차로 - 교차로부근,원동기,남,16세,상해없음,원동기,남,36세,중상
2017052700100551,2017년 5월 27일 18시,토요일,강원도 양양군 양양읍,경상사고,0,0,2,0,차대차 - 측면충돌,교차로운행방법위반,건조,맑음,교차로 - 교차로안,승용,남,69세,상해없음,승용,남,46세,경상
2017052700100552,2017년 5월 27일 18시,토요일,강원도 삼척시 정상동,경상사고,0,0,1,0,차대사람 - 횡단중,안전운전불이행,건조,맑음,단일로 - 기타,승용,남,50세,상해없음,보행자,남,49세,경상
2017052700100588,2017년 5월 27일 19시,토요일,강원도 원주시 단구동,경상사고,0,0,2,0,차대사람 - 횡단중,중앙선침범,건조,맑음,단일로 - 기타,승용,남,53세,상해없음,보행자,남,24세,경상
2017052700100589,2017년 5월 27일 19시,토요일,강원도 평창군 대관령면,경상사고,0,0,1,0,차대차 - 추돌,안전운전불이행,건조,맑음,단일로 - 기타,승용,남,23세,상해없음,승용,여,47세,기타불명
2017052700100616,2017년 5월 27일 20시,토요일,강원도 원주시 봉산동,중상사고,0,1,0,0,차대차 - 측면충돌,안전운전불이행,건조,맑음,교차로 - 교차로안,승용,여,51세,상해없음,이륜,남,76세,중상
2017052700100636,2017년 5월 27일 21시,토요일,강원도 양양군 현북면,경상사고,0,0,1,0,차대사람 - 횡단중,안전운전불이행,건조,맑음,교차로 - 교차로부근,승용,남,59세,상해없음,보행자,남,36세,경상
2017052700100637,2017년 5월 27일 21시,토요일,강원도 삼척시 근덕면,중상사고,0,1,0,0,차대차 - 추돌,안전운전불이행,건조,맑음,단일로 - 기타,승용,남,54세,상해없음,승용,여,56세,중상
2017052700100660,2017년 5월 27일 22시,토요일,강원도 원주시 단계동,경상사고,0,0,1,0,차대사람 - 횡단중,안전운전불이행,건조,맑음,교차로 - 교차로안,승용,남,41세,상해없음,보행자,여,19세,경상
2017052700100661,2017년 5월 27일 22시,토요일,강원도 횡성군 횡성읍,중상사고,0,1,0,0,차대차 - 측면충돌,안전운전불이행,건조,맑음,교차로 - 교차로안,승용,여,43세,상해없음,이륜,남,58세,중상
2017052700100691,2017년 5월 27일 23시,토요일,강원도 춘천시 효자동,경상사고,0,0,1,0,차대차 - 추돌,안전거리미확보,건조,맑음,단일로 - 기타,이륜,남,16세,경상,승용,남,45세,상해없음
2017052700100692,2017년 5월 27일 23시,토요일,강원도 속초시 동명동,경상사고,0,0,1,0,차대차 - 기타,불법유턴,건조,맑음,단일로 - 기타,화물,남,26세,상해없음,이륜,남,21세,경상
2017052800100024,2017년 5월 28일 00시,일요일,강원도 강릉시 입암동,경상사고,0,0,3,0,차대차 - 정면충돌,중앙선침범,건조,맑음,단일로 - 기타,승용,여,34세,상해없음,승용,여,43세,경상
2017052800100025,2017년 5월 28일 00시,일요일,강원도 강릉시 옥계면,경상사고,0,0,1,0,차대차 - 측면충돌,중앙선침범,건조,맑음,단일로 - 기타,승용,남,47세,상해없음,승용,남,27세,경상
2017052800100026,2017년 5월 28일 00시,일요일,강원도 원주시 단구동,중상사고,0,2,2,0,차대차 - 측면충돌,신호위반,건조,맑음,교차로 - 교차로안,승용,남,43세,상해없음,승용,남,61세,중상
2017052800100027,2017년 5월 28일 00시,일요일,강원도 원주시 태장동,경상사고,0,0,1,1,차대차 - 측면충돌,안전운전불이행,건조,맑음,단일로 - 기타,승용,남,29세,상해없음,승용,남,56세,경상
2017052800100062,2017년 5월 28일 03시,일요일,강원도 정선군 사북읍,중상사고,0,1,0,0,차대차 - 측면충돌,안전운전불이행,건조,맑음,교차로 - 교차로안,화물,남,57세,상해없음,화물,여,57세,중상
2017052800100063,2017년 5월 28일 03시,일요일,강원도 횡성군 둔내면,중상사고,0,1,0,0,차량단독 - 전도전복,안전운전불이행,건조,맑음,단일로 - 기타,승용,남,56세,상해없음,미분류,미분류,미분류,미분류
2017052800100158,2017년 5월 28일 10시,일요일,강원도 영월군 영월읍,경상사고,0,0,1,0,차대사람 - 횡단중,안전운전불이행,건조,맑음,교차로 - 교차로안,화물,남,40세,상해없음,보행자,여,48세,경상
2017052800100224,2017년 5월 28일 13시,일요일,강원도 춘천시 신북읍,경상사고,0,0,1,0,차대차 - 측면충돌,직진우회전진행방해,건조,맑음,교차로 - 교차로안,승용,남,47세,상해없음,승용,남,41세,경상
2017052800100263,2017년 5월 28일 14시,일요일,강원도 강릉시 홍제동,중상사고,0,1,0,0,차대차 - 추돌,안전운전불이행,건조,맑음,교차로 - 교차로부근,화물,남,58세,상해없음,승용,여,53세,중상
2017052800100264,2017년 5월 28일 14시,일요일,강원도 원주시 학성동,경상사고,0,0,5,0,차대차 - 측면충돌,안전거리미확보,건조,맑음,단일로 - 기타,화물,남,63세,경상,승용,남,74세,경상
2017052800100265,2017년 5월 28일 14시,일요일,강원도 고성군 토성면,경상사고,0,0,1,0,차대차 - 추돌,안전운전불이행,건조,맑음,교차로 - 교차로부근,승용,여,39세,상해없음,승용,여,56세,경상
2017052800100266,2017년 5월 28일 14시,일요일,강원도 강릉시 사천면,중상사고,0,4,1,0,차대차 - 정면충돌,중앙선침범,건조,맑음,단일로 - 기타,승용,여,21세,상해없음,승용,남,46세,중상
2017052800100267,2017년 5월 28일 14시,일요일,강원도 강릉시 강동면,경상사고,0,0,2,0,차대차 - 정면충돌,안전운전불이행,건조,맑음,단일로 - 기타,승용,남,44세,경상,승용,남,31세,경상
2017052800100359,2017년 5월 28일 17시,일요일,강원도 춘천시 효자동,경상사고,0,0,2,0,차대차 - 측면충돌,교차로운행방법위반,건조,맑음,교차로 - 교차로안,승용,남,72세,상해없음,승용,남,53세,경상
2017052800100360,2017년 5월 28일 17시,일요일,강원도 춘천시 동면,경상사고,0,0,2,0,차대차 - 측면충돌,교차로운행방법위반,건조,맑음,교차로 - 교차로안,승용,여,47세,상해없음,승용,남,42세,경상
2017052800100361,2017년 5월 28일 17시,일요일,강원도 원주시 무실동,중상사고,0,1,0,0,차대사람 - 횡단중,보행자보호의무위반,건조,맑음,단일로 - 기타,화물,남,33세,상해없음,보행자,남,7세,중상
2017052800100362,2017년 5월 28일 17시,일요일,강원도 횡성군 횡성읍,부상신고사고,0,0,0,3,차대차 - 추돌,안전운전불이행,건조,맑음,단일로 - 기타,승용,남,47세,상해없음,승용,남,47세,부상신고
2017052800100395,2017년 5월 28일 18시,일요일,강원도 원주시 관설동,중상사고,0,1,0,0,차대차 - 측면충돌,교차로운행방법위반,건조,맑음,교차로 - 교차로안,승용,남,62세,상해없음,자전거,남,8세,중상
2017052800100396,2017년 5월 28일 18시,일요일,강원도 삼척시 정하동,경상사고,0,0,1,0,차대사람 - 횡단중,안전운전불이행,건조,맑음,단일로 - 기타,승용,여,49세,상해없음,보행자,여,43세,경상
2017052800100449,2017년 5월 28일 20시,일요일,강원도 강릉시 교동,경상사고,0,0,3,0,차대차 - 측면충돌,신호위반,건조,맑음,교차로 - 교차로안,승용,남,45세,상해없음,승용,여,34세,경상
2017052800100505,2017년 5월 28일 22시,일요일,강원도 강릉시 교동,중상사고,0,2,0,0,차대사람 - 기타,안전운전불이행,건조,맑음,단일로 - 기타,승용,남,53세,상해없음,보행자,여,59세,중상
2017052900100047,2017년 5월 29일 02시,월요일,강원도 강릉시 교동,중상사고,0,1,0,0,차대차 - 측면충돌,안전운전불이행,건조,맑음,단일로 - 기타,이륜,남,20세,중상,승용,남,70세,상해없음
2017052900100071,2017년 5월 29일 06시,월요일,강원도 춘천시 효자동,부상신고사고,0,0,0,1,차대차 - 측면충돌,안전거리미확보,건조,맑음,교차로 - 교차로안,자전거,여,26세,부상신고,승용,남,52세,상해없음
2017052900100072,2017년 5월 29일 06시,월요일,강원도 강릉시 포남동,경상사고,0,0,1,0,차대차 - 측면충돌,안전운전불이행,건조,맑음,교차로 - 교차로안,승용,여,56세,상해없음,자전거,남,61세,경상
2017052900100098,2017년 5월 29일 07시,월요일,강원도 원주시 태장동,경상사고,0,0,1,0,차대차 - 측면충돌,직진우회전진행방해,건조,맑음,단일로 - 기타,승용,남,27세,상해없음,승용,남,66세,경상
2017052900100099,2017년 5월 29일 07시,월요일,강원도 삼척시 교동,경상사고,0,0,1,0,차대차 - 측면충돌,안전운전불이행,건조,맑음,단일로 - 기타,승용,남,64세,상해없음,승용,여,59세,경상
2017052900100100,2017년 5월 29일 07시,월요일,강원도 홍천군 내촌면,경상사고,0,0,2,0,차대차 - 정면충돌,중앙선침범,건조,맑음,단일로 - 기타,화물,남,59세,상해없음,승합,여,52세,경상
2017052900100129,2017년 5월 29일 08시,월요일,강원도 원주시 개운동,경상사고,0,0,1,0,차대차 - 측면충돌,안전운전불이행,건조,맑음,단일로 - 기타,승용,남,59세,상해없음,승합,남,46세,기타불명
2017052900100130,2017년 5월 29일 08시,월요일,강원도 원주시 개운동,중상사고,0,1,0,0,차대차 - 측면충돌,교차로운행방법위반,건조,맑음,교차로 - 교차로부근,화물,남,66세,상해없음,승용,여,54세,중상
2017052900100200,2017년 5월 29일 10시,월요일,강원도 원주시 단계동,중상사고,0,1,0,0,차대차 - 측면충돌,안전운전불이행,건조,맑음,단일로 - 기타,승용,남,54세,상해없음,이륜,남,24세,중상
2017052900100232,2017년 5월 29일 11시,월요일,강원도 강릉시 옥천동,중상사고,0,1,0,0,차대차 - 추돌,안전운전불이행,건조,맑음,단일로 - 기타,원동기,남,44세,상해없음,자전거,남,51세,중상
2017052900100233,2017년 5월 29일 11시,월요일,강원도 속초시 교동,경상사고,0,0,2,0,차대차 - 측면충돌,중앙선침범,건조,맑음,단일로 - 기타,승용,남,58세,상해없음,승용,남,56세,경상
2017052900100295,2017년 5월 29일 13시,월요일,강원도 춘천시 신북읍,경상사고,0,0,3,0,차대차 - 측면충돌,직진우회전진행방해,건조,맑음,교차로 - 교차로안,승용,여,44세,상해없음,승용,여,43세,경상
2017052900100296,2017년 5월 29일 13시,월요일,강원도 동해시 용정동,경상사고,0,0,1,0,차대차 - 정면충돌,직진우회전진행방해,건조,맑음,단일로 - 기타,승용,여,47세,상해없음,승용,남,37세,경상
2017052900100324,2017년 5월 29일 14시,월요일,강원도 원주시 태장동,경상사고,0,0,1,0,차대차 - 측면충돌,안전운전불이행,건조,맑음,단일로 - 기타,승용,남,53세,상해없음,자전거,남,76세,경상
2017052900100357,2017년 5월 29일 15시,월요일,강원도 원주시 봉산동,중상사고,0,1,0,0,차대차 - 측면충돌,안전거리미확보,건조,맑음,단일로 - 기타,화물,여,48세,상해없음,승용,여,46세,중상
2017052900100399,2017년 5월 29일 16시,월요일,강원도 강릉시 교동,중상사고,0,2,1,0,차대차 - 추돌,안전운전불이행,건조,맑음,교차로 - 교차로안,승용,여,53세,상해없음,승용,여,56세,중상
2017052900100430,2017년 5월 29일 17시,월요일,강원도 춘천시 효자동,경상사고,0,0,1,0,차대사람 - 횡단중,보행자보호의무위반,건조,맑음,단일로 - 기타,승용,여,54세,상해없음,보행자,여,20세,경상
2017052900100431,2017년 5월 29일 17시,월요일,강원도 원주시 행구동,경상사고,0,0,2,0,차대차 - 측면충돌,안전운전불이행,건조,맑음,단일로 - 기타,승용,여,25세,상해없음,승용,남,47세,경상
2017052900100432,2017년 5월 29일 17시,월요일,강원도 홍천군 내촌면,경상사고,0,0,1,0,차대차 - 기타,중앙선침범,건조,맑음,단일로 - 기타,화물,남,68세,상해없음,승용,남,50세,경상
2017052900100433,2017년 5월 29일 17시,월요일,강원도 고성군 토성면,경상사고,0,0,1,0,차대사람 - 기타,안전운전불이행,건조,맑음,교차로 - 교차로부근,기타불명,기타불명,미분류,기타불명,보행자,남,13세,경상
2017052900100434,2017년 5월 29일 17시,월요일,강원도 동해시 효가동,중상사고,0,1,2,0,차대차 - 측면충돌,직진우회전진행방해,건조,맑음,교차로 - 교차로안,승용,남,60세,상해없음,승용,남,55세,상해없음
2017052900100501,2017년 5월 29일 19시,월요일,강원도 평창군 대관령면,경상사고,0,0,1,0,차대차 - 측면충돌,안전운전불이행,건조,맑음,단일로 - 기타,화물,남,49세,상해없음,승용,남,31세,경상
2017052900100524,2017년 5월 29일 20시,월요일,강원도 강릉시 옥천동,중상사고,0,1,0,0,차대사람 - 횡단중,안전운전불이행,건조,맑음,단일로 - 기타,승용,남,51세,상해없음,보행자,여,75세,중상
2017052900100525,2017년 5월 29일 20시,월요일,강원도 원주시 평원동,경상사고,0,0,1,0,차대사람 - 횡단중,안전운전불이행,건조,맑음,교차로 - 교차로안,화물,남,55세,상해없음,보행자,여,60세,경상
2017052900100585,2017년 5월 29일 22시,월요일,강원도 강릉시 내곡동,중상사고,0,1,0,0,차대사람 - 횡단중,기타,건조,맑음,단일로 - 기타,기타불명,기타불명,미분류,기타불명,보행자,여,77세,중상
2017053000100038,2017년 5월 30일 01시,화요일,강원도 태백시 황지동,경상사고,0,0,1,0,차대차 - 측면충돌,교차로운행방법위반,건조,맑음,교차로 - 교차로안,승용,남,65세,상해없음,화물,남,49세,경상
2017053000100092,2017년 5월 30일 07시,화요일,강원도 원주시 개운동,경상사고,0,0,1,0,차대차 - 측면충돌,안전운전불이행,건조,맑음,교차로 - 교차로안,승용,여,54세,상해없음,승용,여,44세,경상
2017053000100131,2017년 5월 30일 08시,화요일,강원도 춘천시 소양로1가,경상사고,0,0,2,0,차대차 - 추돌,안전운전불이행,건조,맑음,단일로 - 기타,기타불명,기타불명,미분류,기타불명,이륜,남,58세,경상
2017053000100132,2017년 5월 30일 08시,화요일,강원도 원주시 단계동,경상사고,0,0,1,0,차대차 - 측면충돌,안전운전불이행,건조,맑음,단일로 - 기타,승용,남,67세,상해없음,승용,남,56세,경상
2017053000100172,2017년 5월 30일 09시,화요일,강원도 춘천시 효자동,경상사고,0,0,1,0,차대사람 - 차도통행중,안전운전불이행,건조,맑음,단일로 - 기타,승용,여,58세,상해없음,보행자,여,62세,경상
2017053000100173,2017년 5월 30일 09시,화요일,강원도 동해시 부곡동,중상사고,0,1,0,0,차대사람 - 기타,안전운전불이행,건조,맑음,단일로 - 기타,승용,남,43세,상해없음,보행자,여,69세,중상
2017053000100202,2017년 5월 30일 10시,화요일,강원도 횡성군 둔내면,경상사고,0,0,1,0,차대차 - 측면충돌,차로위반,건조,맑음,단일로 - 기타,승용,남,47세,상해없음,승용,남,54세,경상
2017053000100237,2017년 5월 30일 11시,화요일,강원도 강릉시 입암동,경상사고,0,0,1,0,차대사람 - 횡단중,안전운전불이행,건조,맑음,단일로 - 기타,승용,여,35세,상해없음,보행자,여,67세,경상
2017053000100286,2017년 5월 30일 13시,화요일,강원도 춘천시 근화동,경상사고,0,0,2,0,차대차 - 측면충돌,교차로운행방법위반,건조,맑음,교차로 - 교차로안,승용,여,68세,기타불명,승용,남,61세,경상
2017053000100287,2017년 5월 30일 13시,화요일,강원도 원주시 평원동,중상사고,0,1,3,0,차대차 - 정면충돌,신호위반,건조,맑음,교차로 - 교차로안,승용,남,54세,상해없음,승용,여,57세,중상
2017053000100321,2017년 5월 30일 14시,화요일,강원도 강릉시 옥천동,중상사고,0,1,0,0,차대사람 - 횡단중,보행자보호의무위반,건조,맑음,단일로 - 기타,승용,여,53세,상해없음,보행자,여,77세,중상
2017053000100322,2017년 5월 30일 14시,화요일,강원도 속초시 조양동,경상사고,0,0,1,0,차대사람 - 횡단중,기타,건조,맑음,단일로 - 기타,승합,여,45세,상해없음,보행자,남,7세,경상
2017053000100323,2017년 5월 30일 14시,화요일,강원도 화천군 상서면,경상사고,0,0,1,0,차대차 - 기타,중앙선침범,건조,맑음,단일로 - 기타,화물,남,46세,상해없음,화물,남,55세,상해없음
2017053000100324,2017년 5월 30일 14시,화요일,강원도 화천군 하남면,중상사고,0,2,0,0,차대차 - 기타,기타,건조,맑음,단일로 - 기타,화물,남,58세,상해없음,승용,남,44세,중상
2017053000100385,2017년 5월 30일 16시,화요일,강원도 삼척시 미로면,중상사고,0,2,0,0,차대차 - 측면충돌,직진우회전진행방해,건조,맑음,교차로 - 교차로안,승용,남,25세,중상,건설기계,남,43세,상해없음
2017053000100386,2017년 5월 30일 16시,화요일,강원도 인제군 인제읍,경상사고,0,0,2,0,차대차 - 추돌,안전운전불이행,건조,맑음,교차로 - 교차로부근,화물,남,61세,상해없음,승용,여,60세,경상
2017053000100420,2017년 5월 30일 17시,화요일,강원도 원주시 일산동,중상사고,0,1,0,0,차대차 - 추돌,안전운전불이행,건조,맑음,단일로 - 기타,화물,남,47세,상해없음,승용,여,53세,중상
2017053000100421,2017년 5월 30일 17시,화요일,강원도 동해시 이로동,경상사고,0,0,2,0,차대차 - 측면충돌,직진우회전진행방해,건조,맑음,교차로 - 교차로안,승용,여,55세,상해없음,승용,남,57세,경상
2017053000100516,2017년 5월 30일 20시,화요일,강원도 춘천시 신북읍,사망사고,1,0,0,0,차대사람 - 차도통행중,안전운전불이행,건조,맑음,단일로 - 기타,화물,여,52세,상해없음,보행자,남,80세,사망
2017053000100552,2017년 5월 30일 21시,화요일,강원도 태백시 황지동,경상사고,0,0,1,0,차대사람 - 횡단중,안전운전불이행,기타,기타,단일로 - 기타,승용,남,25세,상해없음,보행자,여,57세,경상
2017053100100037,2017년 5월 31일 01시,수요일,강원도 춘천시 효자동,경상사고,0,0,1,0,차대사람 - 차도통행중,안전운전불이행,건조,맑음,단일로 - 기타,승용,남,22세,상해없음,보행자,여,20세,경상
2017053100100092,2017년 5월 31일 07시,수요일,강원도 원주시 단계동,경상사고,0,0,1,0,차대사람 - 횡단중,보행자보호의무위반,건조,맑음,교차로 - 교차로횡단보도내,승용,여,50세,기타불명,보행자,여,26세,경상
2017053100100093,2017년 5월 31일 07시,수요일,강원도 홍천군 홍천읍,경상사고,0,0,2,0,차대차 - 측면충돌,안전운전불이행,건조,맑음,단일로 - 기타,승용,남,80세,상해없음,승용,남,42세,경상