사고번호,사고일시,요일,시군구,사고내용,사망자수,중상자수,경상자수,부상신고자수,사고유형,법규위반,노면상태,기상상태,도로형태,가해운전자 차종,가해운전자 성별,가해운전자 연령,가해운전자 상해정도,피해운전자 차종,피해운전자 성별,피해운전자 연령,피해운전자 상해정도
2017061100100179,2017년 6월 11일 10시,일요일,강원도 춘천시 신동,중상사고,0,1,0,0,차대차 - 측면충돌,교차로운행방법위반,건조,맑음,교차로 - 교차로안,승용,남,58세,상해없음,자전거,남,42세,중상
2017061100100180,2017년 6월 11일 10시,일요일,강원도 영월군 무릉도원면,경상사고,0,0,1,1,차대차 - 측면충돌,교차로운행방법위반,건조,맑음,교차로 - 교차로안,승합,남,54세,상해없음,승용,남,46세,부상신고
2017061100100181,2017년 6월 11일 10시,일요일,강원도 평창군 평창읍,중상사고,0,1,0,0,차대차 - 측면충돌,안전운전불이행,건조,맑음,단일로 - 기타,승용,남,31세,상해없음,이륜,남,58세,중상
2017061100100241,2017년 6월 11일 13시,일요일,강원도 원주시 학성동,경상사고,0,0,8,0,차대차 - 측면충돌,중앙선침범,건조,맑음,교차로 - 교차로부근,승합,남,52세,경상,승용,여,49세,경상
2017061100100271,2017년 6월 11일 14시,일요일,강원도 정선군 정선읍,경상사고,0,0,3,0,차대차 - 측면충돌,직진우회전진행방해,건조,맑음,교차로 - 교차로안,화물,남,60세,상해없음,승용,남,56세,경상
2017061100100307,2017년 6월 11일 15시,일요일,강원도 춘천시 근화동,경상사고,0,0,5,0,차대차 - 정면충돌,안전운전불이행,건조,맑음,교차로 - 교차로부근,승용,남,56세,상해없음,승용,남,44세,경상
2017061100100334,2017년 6월 11일 16시,일요일,강원도 원주시 반곡동,경상사고,0,0,1,0,차대차 - 추돌,안전운전불이행,건조,맑음,단일로 - 기타,승용,여,36세,상해없음,이륜,남,16세,경상
2017061100100374,2017년 6월 11일 17시,일요일,강원도 원주시 태장동,경상사고,0,0,3,0,차대차 - 측면충돌,신호위반,건조,맑음,교차로 - 교차로부근,승용,여,39세,경상,승용,남,24세,경상
2017061100100375,2017년 6월 11일 17시,일요일,강원도 인제군 서화면,부상신고사고,0,0,0,1,차대차 - 정면충돌,안전운전불이행,건조,맑음,교차로 - 교차로안,기타불명,기타불명,미분류,기타불명,자전거,남,13세,부상신고
2017061100100411,2017년 6월 11일 18시,일요일,강원도 춘천시 석사동,중상사고,0,1,0,0,차대사람 - 횡단중,안전운전불이행,건조,맑음,단일로 - 기타,승합,남,48세,상해없음,보행자,여,75세,중상
2017061100100412,2017년 6월 11일 18시,일요일,강원도 원주시 명륜동,경상사고,0,0,1,0,차대차 - 측면충돌,안전운전불이행,건조,맑음,주차장 - 주차장,승용,남,39세,상해없음,승용,여,34세,경상
2017061100100413,2017년 6월 11일 18시,일요일,강원도 철원군 서면,경상사고,0,0,1,0,차대사람 - 횡단중,안전운전불이행,건조,맑음,교차로 - 교차로부근,승용,남,27세,상해없음,보행자,남,12세,경상
2017061100100465,2017년 6월 11일 20시,일요일,강원도 춘천시 동면,중상사고,0,1,0,0,차대차 - 추돌,안전운전불이행,건조,맑음,단일로 - 기타,자전거,남,72세,중상,건설기계,남,44세,상해없음
2017061100100496,2017년 6월 11일 21시,일요일,강원도 춘천시 퇴계동,경상사고,0,0,1,0,차대사람 - 횡단중,안전운전불이행,건조,맑음,단일로 - 기타,승용,남,50세,상해없음,보행자,여,47세,경상
2017061100100497,2017년 6월 11일 21시,일요일,강원도 동해시 용정동,경상사고,0,0,1,0,차대사람 - 기타,안전운전불이행,건조,맑음,교차로 - 교차로부근,승합,남,46세,상해없음,보행자,여,48세,경상
2017061200100041,2017년 6월 12일 04시,월요일,강원도 원주시 무실동,경상사고,0,0,1,0,차대차 - 추돌,안전거리미확보,건조,맑음,단일로 - 기타,승용,남,45세,상해없음,승용,남,61세,경상
2017061200100082,2017년 6월 12일 07시,월요일,강원도 춘천시 온의동,경상사고,0,0,1,0,차대차 - 기타,안전운전불이행,건조,맑음,교차로 - 교차로부근,승용,남,59세,상해없음,이륜,남,38세,경상
2017061200100083,2017년 6월 12일 07시,월요일,강원도 원주시 학성동,경상사고,0,0,1,0,차대사람 - 횡단중,안전운전불이행,건조,맑음,단일로 - 기타,승용,남,34세,상해없음,보행자,여,62세,경상
2017061200100121,2017년 6월 12일 08시,월요일,강원도 삼척시 남양동,경상사고,0,0,2,0,차대차 - 측면충돌,신호위반,건조,맑음,교차로 - 교차로안,승용,여,37세,상해없음,승용,여,45세,경상
2017061200100122,2017년 6월 12일 08시,월요일,강원도 철원군 서면,경상사고,0,0,1,0,차대차 - 측면충돌,직진우회전진행방해,건조,맑음,교차로 - 교차로안,승용,여,40세,상해없음,승용,여,56세,경상
2017061200100158,2017년 6월 12일 09시,월요일,강원도 원주시 무실동,경상사고,0,0,1,0,차대차 - 추돌,안전운전불이행,건조,맑음,단일로 - 기타,승용,남,32세,기타불명,승용,남,28세,기타불명
2017061200100159,2017년 6월 12일 09시,월요일,강원도 정선군 북평면,중상사고,0,1,0,0,차대차 - 기타,중앙선침범,건조,맑음,단일로 - 기타,승용,여,55세,상해없음,이륜,남,75세,중상
2017061200100191,2017년 6월 12일 10시,월요일,강원도 원주시 행구동,경상사고,0,0,1,0,차대차 - 정면충돌,신호위반,건조,맑음,교차로 - 교차로안,승용,남,70세,기타불명,승용,여,49세,경상
2017061200100192,2017년 6월 12일 10시,월요일,강원도 영월군 영월읍,중상사고,0,1,0,0,차대차 - 측면충돌,안전거리미확보,건조,맑음,단일로 - 기타,화물,남,70세,상해없음,이륜,남,60세,중상
2017061200100224,2017년 6월 12일 11시,월요일,강원도 원주시 단계동,부상신고사고,0,0,0,1,차대차 - 추돌,안전운전불이행,건조,맑음,교차로 - 교차로안,이륜,남,58세,부상신고,승용,남,28세,상해없음
2017061200100313,2017년 6월 12일 14시,월요일,강원도 강릉시 포남동,경상사고,0,0,1,0,차대차 - 측면충돌,안전운전불이행,건조,맑음,교차로 - 교차로안,화물,남,38세,상해없음,화물,남,36세,경상
2017061200100314,2017년 6월 12일 14시,월요일,강원도 강릉시 견소동,중상사고,0,1,0,0,차대사람 - 기타,안전운전불이행,건조,맑음,주차장 - 주차장,승용,남,57세,상해없음,보행자,남,49세,중상
2017061200100315,2017년 6월 12일 14시,월요일,강원도 속초시 조양동,중상사고,0,1,0,0,차대차 - 측면충돌,교차로운행방법위반,건조,맑음,교차로 - 교차로안,승용,남,40세,상해없음,이륜,남,60세,중상
2017061200100394,2017년 6월 12일 16시,월요일,강원도 강릉시 홍제동,경상사고,0,0,2,0,차대차 - 측면충돌,안전운전불이행,건조,흐림,단일로 - 기타,승용,남,76세,상해없음,승용,남,78세,경상
2017061200100395,2017년 6월 12일 16시,월요일,강원도 원주시 단계동,중상사고,0,1,0,0,차대차 - 추돌,직진우회전진행방해,건조,맑음,교차로 - 교차로안,승용,남,64세,상해없음,이륜,남,16세,중상
2017061200100396,2017년 6월 12일 16시,월요일,강원도 동해시 천곡동,경상사고,0,0,2,0,차대차 - 추돌,안전운전불이행,건조,맑음,교차로 - 교차로부근,승용,남,38세,상해없음,승합,남,32세,경상
2017061200100458,2017년 6월 12일 18시,월요일,강원도 원주시 단계동,경상사고,0,0,2,0,차대차 - 정면충돌,안전운전불이행,건조,맑음,교차로 - 교차로부근,승용,남,32세,상해없음,승용,여,42세,경상
2017061200100459,2017년 6월 12일 18시,월요일,강원도 삼척시 읍상동,중상사고,0,1,0,0,차대차 - 측면충돌,안전운전불이행,건조,맑음,교차로 - 교차로안,자전거,남,27세,중상,화물,남,52세,상해없음
2017061200100492,2017년 6월 12일 19시,월요일,강원도 춘천시 남산면,중상사고,0,1,0,0,차대차 - 기타,중앙선침범,건조,맑음,단일로 - 기타,승용,남,31세,상해없음,이륜,남,40세,중상
2017061200100493,2017년 6월 12일 19시,월요일,강원도 원주시 태장동,경상사고,0,0,1,0,차대사람 - 횡단중,안전운전불이행,건조,맑음,단일로 - 기타,승용,여,37세,상해없음,보행자,여,17세,경상
2017061200100511,2017년 6월 12일 20시,월요일,강원도 강릉시 사천면,중상사고,0,2,0,0,차대차 - 측면충돌,안전운전불이행,건조,맑음,교차로 - 교차로안,승용,남,29세,상해없음,이륜,남,53세,중상
2017061200100547,2017년 6월 12일 21시,월요일,강원도 춘천시 남산면,중상사고,0,1,1,0,차대차 - 측면충돌,안전운전불이행,건조,맑음,교차로 - 교차로안,승용,남,24세,상해없음,승용,남,76세,중상
2017061200100563,2017년 6월 12일 22시,월요일,강원도 원주시 흥업면,경상사고,0,0,1,0,차대사람 - 길가장자리구역통행중,안전운전불이행,건조,맑음,단일로 - 기타,승용,남,24세,상해없음,보행자,여,23세,경상
2017061300100023,2017년 6월 13일 00시,화요일,강원도 속초시 노학동,경상사고,0,0,4,0,차대차 - 기타,안전운전불이행,건조,맑음,단일로 - 기타,승용,남,55세,상해없음,승용,남,33세,상해없음
2017061300100052,2017년 6월 13일 05시,화요일,강원도 춘천시 효자동,중상사고,0,3,4,0,차대차 - 측면충돌,신호위반,건조,맑음,교차로 - 교차로안,승용,남,44세,중상,승합,남,48세,경상
2017061300100074,2017년 6월 13일 07시,화요일,강원도 원주시 태장동,경상사고,0,0,1,0,차대사람 - 횡단중,안전운전불이행,건조,맑음,단일로 - 기타,승용,남,43세,상해없음,보행자,남,12세,경상
2017061300100151,2017년 6월 13일 09시,화요일,강원도 삼척시 하장면,경상사고,0,0,1,0,차대차 - 측면충돌,기타,건조,맑음,단일로 - 기타,승용,여,57세,상해없음,승용,남,52세,경상
2017061300100178,2017년 6월 13일 10시,화요일,강원도 춘천시 근화동,경상사고,0,0,1,0,차대차 - 측면충돌,안전운전불이행,건조,맑음,단일로 - 기타,자전거,남,54세,상해없음,자전거,남,71세,경상
2017061300100201,2017년 6월 13일 11시,화요일,강원도 춘천시 효자동,부상신고사고,0,0,0,2,차대차 - 측면충돌,안전운전불이행,건조,맑음,교차로 - 교차로안,승용,여,58세,상해없음,이륜,남,24세,부상신고
2017061300100202,2017년 6월 13일 11시,화요일,강원도 횡성군 둔내면,경상사고,0,0,4,0,차대차 - 측면충돌,중앙선침범,건조,맑음,단일로 - 기타,승용,남,73세,상해없음,승용,남,64세,경상
2017061300100203,2017년 6월 13일 11시,화요일,강원도 동해시 송정동,경상사고,0,0,1,0,차대사람 - 횡단중,안전운전불이행,건조,맑음,단일로 - 기타,승용,남,68세,상해없음,보행자,남,77세,경상
2017061300100227,2017년 6월 13일 12시,화요일,강원도 원주시 우산동,경상사고,0,0,2,0,차대차 - 측면충돌,중앙선침범,건조,맑음,단일로 - 기타,승용,남,73세,상해없음,화물,남,32세,경상
2017061300100247,2017년 6월 13일 13시,화요일,강원도 춘천시 동면,경상사고,0,0,4,1,차대차 - 추돌,안전운전불이행,젖음/습기,비,단일로 - 기타,승용,남,59세,상해없음,승용,남,61세,경상
2017061300100248,2017년 6월 13일 13시,화요일,강원도 원주시 부론면,사망사고,1,0,0,0,차량단독 - 전도전복,안전운전불이행,건조,맑음,단일로 - 기타,농기계,남,81세,사망,미분류,미분류,미분류,미분류
2017061300100279,2017년 6월 13일 14시,화요일,강원도 춘천시 신북읍,중상사고,0,1,3,0,차대차 - 측면충돌,안전운전불이행,건조,맑음,교차로 - 교차로부근,승용,남,89세,중상,승합,남,56세,경상
2017061300100352,2017년 6월 13일 16시,화요일,강원도 강릉시 포남동,경상사고,0,0,1,0,차대사람 - 횡단중,안전운전불이행,건조,맑음,교차로 - 교차로부근,승용,여,42세,상해없음,보행자,여,90세 이상,경상
2017061300100353,2017년 6월 13일 16시,화요일,강원도 원주시 문막읍,경상사고,0,0,1,0,차대차 - 정면충돌,중앙선침범,젖음/습기,비,단일로 - 교량,사륜오토바이(ATV),남,62세,상해없음,승용,남,39세,경상
2017061300100354,2017년 6월 13일 16시,화요일,강원도 동해시 용정동,중상사고,0,1,1,0,차대차 - 측면충돌,안전운전불이행,젖음/습기,흐림,교차로 - 교차로안,승용,여,39세,상해없음,승용,여,39세,중상
2017061300100396,2017년 6월 13일 17시,화요일,강원도 강릉시 교동,경상사고,0,0,1,0,차대차 - 측면충돌,안전운전불이행,건조,맑음,교차로 - 교차로부근,승용,여,48세,상해없음,승용,여,47세,경상
2017061300100446,2017년 6월 13일 18시,화요일,강원도 화천군 상서면,경상사고,0,0,2,0,차대차 - 측면충돌,안전운전불이행,젖음/습기,비,단일로 - 기타,승용,남,55세,경상,승용,여,34세,경상
2017061300100523,2017년 6월 13일 20시,화요일,강원도 강릉시 입암동,부상신고사고,0,0,0,1,차대차 - 기타,안전운전불이행,건조,맑음,교차로 - 교차로부근,승용,남,62세,상해없음,승용,남,45세,부상신고
2017061300100553,2017년 6월 13일 21시,화요일,강원도 강릉시 교동,경상사고,0,0,1,0,차대차 - 추돌,안전운전불이행,건조,맑음,교차로 - 교차로안,승용,여,37세,상해없음,승용,여,55세,경상
2017061300100554,2017년 6월 13일 21시,화요일,강원도 속초시 노학동,경상사고,0,0,1,0,차대사람 - 횡단중,안전운전불이행,건조,맑음,단일로 - 기타,승용,남,54세,상해없음,보행자,남,56세,경상
2017061300100582,2017년 6월 13일 22시,화요일,강원도 원주시 흥업면,경상사고,0,0,1,0,차대차 - 측면충돌,안전거리미확보,건조,맑음,단일로 - 기타,승용,남,21세,상해없음,승용,여,27세,경상
2017061300100610,2017년 6월 13일 23시,화요일,강원도 속초시 조양동,중상사고,0,1,1,0,차대차 - 추돌,안전운전불이행,건조,맑음,단일로 - 지하차도(도로)내,승용,남,38세,상해없음,승용,남,51세,경상
2017061300100611,2017년 6월 13일 23시,화요일,강원도 속초시 영랑동,경상사고,0,0,2,0,차대차 - 측면충돌,안전운전불이행,건조,맑음,단일로 - 기타,승용,남,48세,상해없음,승용,남,39세,경상
2017061300100612,2017년 6월 13일 23시,화요일,강원도 양구군 양구읍,부상신고사고,0,0,0,1,차대차 - 정면충돌,교차로운행방법위반,건조,맑음,교차로 - 교차로안,승용,여,50세,상해없음,승용,여,63세,부상신고
2017061400100030,2017년 6월 14일 00시,수요일,강원도 원주시 단계동,중상사고,0,2,0,0,차대차 - 측면충돌,신호위반,건조,맑음,교차로 - 교차로안,승용,남,19세,상해없음,승용,남,60세,중상
2017061400100061,2017년 6월 14일 02시,수요일,강원도 태백시 동점동,중상사고,0,1,0,0,차량단독 - 전도전복 - 전도,안전운전불이행,건조,맑음,단일로 - 기타,승용,남,28세,중상,,,,
2017061400100068,2017년 6월 14일 03시,수요일,강원도 강릉시 홍제동,경상사고,0,0,2,0,차대차 - 측면충돌,신호위반,건조,맑음,교차로 - 교차로안,승용,남,37세,상해없음,승용,남,51세,경상
2017061400100092,2017년 6월 14일 06시,수요일,강원도 원주시 소초면,경상사고,0,0,3,0,차대차 - 추돌,안전운전불이행,건조,맑음,단일로 - 기타,화물,남,41세,상해없음,화물,남,52세,경상
2017061400100149,2017년 6월 14일 08시,수요일,강원도 강릉시 옥천동,경상사고,0,0,1,0,차대사람 - 횡단중,보행자보호의무위반,건조,맑음,단일로 - 기타,승용,여,66세,상해없음,보행자,여,15세,경상
2017061400100150,2017년 6월 14일 08시,수요일,강원도 원주시 태장동,경상사고,0,0,1,0,차대차 - 추돌,안전거리미확보,건조,맑음,교차로 - 교차로부근,승용,남,50세,상해없음,승용,남,45세,경상
2017061400100151,2017년 6월 14일 08시,수요일,강원도 화천군 하남면,경상사고,0,0,2,0,차대차 - 측면충돌,중앙선침범,건조,맑음,단일로 - 기타,화물,남,69세,상해없음,건설기계,남,50세,상해없음
2017061400100152,2017년 6월 14일 08시,수요일,강원도 인제군 서화면,경상사고,0,0,1,0,차대차 - 정면충돌,과속,건조,맑음,교차로 - 교차로횡단보도내,승용,남,62세,상해없음,자전거,남,13세,경상
2017061400100183,2017년 6월 14일 09시,수요일,강원도 강릉시 옥천동,경상사고,0,0,1,0,차대사람 - 횡단중,기타,건조,맑음,단일로 - 기타,승용,여,44세,상해없음,보행자,여,57세,경상
2017061400100212,2017년 6월 14일 10시,수요일,강원도 동해시 쇄운동,중상사고,0,2,3,0,차대차 - 측면충돌,안전거리미확보,건조,맑음,단일로 - 기타,화물,남,63세,상해없음,화물,남,48세,경상
2017061400100308,2017년 6월 14일 13시,수요일,강원도 삼척시 미로면,경상사고,0,0,2,0,차대차 - 측면충돌,안전운전불이행,건조,맑음,교차로 - 교차로안,승용,여,52세,상해없음,승용,남,65세,경상
2017061400100309,2017년 6월 14일 13시,수요일,강원도 철원군 동송읍,중상사고,0,1,0,0,차대차 - 측면충돌,안전거리미확보,건조,맑음,교차로 - 교차로안,원동기,남,76세,중상,기타불명,남,35세,상해없음
2017061400100337,2017년 6월 14일 14시,수요일,강원도 삼척시 도계읍,경상사고,0,0,1,0,차대차 - 정면충돌,중앙선침범,건조,맑음,단일로 - 기타,승용,여,53세,경상,건설기계,남,53세,상해없음
2017061400100464,2017년 6월 14일 17시,수요일,강원도 춘천시 우두동,경상사고,0,0,1,0,차대차 - 기타,안전운전불이행,건조,맑음,단일로 - 기타,기타불명,기타불명,미분류,기타불명,자전거,남,11세,경상
2017061400100509,2017년 6월 14일 18시,수요일,강원도 춘천시 동면,경상사고,0,0,1,0,차대차 - 추돌,안전거리미확보,건조,맑음,교차로 - 교차로안,승용,남,32세,상해없음,승용,여,32세,경상
2017061400100510,2017년 6월 14일 18시,수요일,강원도 춘천시 퇴계동,경상사고,0,0,1,0,차대차 - 측면충돌,직진우회전진행방해,건조,맑음,교차로 - 교차로안,승용,남,73세,상해없음,승용,남,58세,경상
2017061400100511,2017년 6월 14일 18시,수요일,강원도 춘천시 신북읍,경상사고,0,0,1,0,차대차 - 측면충돌,직진우회전진행방해,건조,맑음,교차로 - 교차로안,승용,남,60세,상해없음,승용,남,27세,경상
2017061400100585,2017년 6월 14일 20시,수요일,강원도 춘천시 교동,경상사고,0,0,1,0,차대차 - 측면충돌,기타,건조,맑음,교차로 - 교차로부근,승용,남,57세,상해없음,이륜,남,24세,경상
2017061400100621,2017년 6월 14일 21시,수요일,강원도 원주시 개운동,부상신고사고,0,0,0,1,차대사람 - 횡단중,안전운전불이행,건조,맑음,단일로 - 기타,승합,남,44세,상해없음,보행자,남,62세,부상신고
2017061400100655,2017년 6월 14일 22시,수요일,강원도 속초시 조양동,경상사고,0,0,1,0,차대사람 - 길가장자리구역통행중,안전운전불이행,건조,맑음,단일로 - 기타,승용,남,30세,상해없음,보행자,남,65세,경상
2017061500100091,2017년 6월 15일 07시,목요일,강원도 춘천시 신북읍,경상사고,0,0,2,0,차대차 - 추돌,안전운전불이행,건조,맑음,교차로 - 교차로부근,화물,남,51세,상해없음,승용,남,36세,경상
2017061500100131,2017년 6월 15일 08시,목요일,강원도 원주시 명륜동,경상사고,0,0,1,0,차대차 - 측면충돌,안전운전불이행,건조,맑음,교차로 - 교차로부근,승용,남,30세,상해없음,자전거,남,15세,경상
2017061500100132,2017년 6월 15일 08시,목요일,강원도 동해시 동회동,경상사고,0,0,1,0,차대차 - 측면충돌,중앙선침범,건조,맑음,단일로 - 기타,승용,여,44세,상해없음,자전거,남,13세,경상
2017061500100210,2017년 6월 15일 10시,목요일,강원도 강릉시 교동,경상사고,0,0,1,0,차대차 - 측면충돌,안전운전불이행,건조,맑음,교차로 - 교차로부근,승용,여,38세,상해없음,승용,남,53세,상해없음
2017061500100211,2017년 6월 15일 10시,목요일,강원도 강릉시 운산동,중상사고,0,1,0,0,차대차 - 측면충돌,과속,건조,맑음,교차로 - 교차로안,승용,남,28세,상해없음,자전거,남,67세,중상
2017061500100242,2017년 6월 15일 11시,목요일,강원도 강릉시 교동,경상사고,0,0,1,0,차대차 - 측면충돌,안전운전불이행,건조,맑음,단일로 - 기타,승용,남,35세,상해없음,승용,여,53세,경상
2017061500100243,2017년 6월 15일 11시,목요일,강원도 원주시 학성동,중상사고,0,1,0,0,차대사람 - 횡단중,보행자보호의무위반,건조,맑음,단일로 - 기타,승용,여,33세,상해없음,보행자,여,23세,중상
2017061500100280,2017년 6월 15일 12시,목요일,강원도 영월군 영월읍,중상사고,0,1,0,0,차대차 - 측면충돌,교차로운행방법위반,건조,맑음,교차로 - 교차로안,화물,남,72세,상해없음,이륜,남,78세,중상
2017061500100281,2017년 6월 15일 12시,목요일,강원도 동해시 천곡동,경상사고,0,0,1,0,차대차 - 기타,직진우회전진행방해,건조,맑음,교차로 - 교차로안,승용,남,45세,상해없음,승용,남,23세,경상
2017061500100313,2017년 6월 15일 13시,목요일,강원도 춘천시 중앙로3가,중상사고,0,1,0,0,차대사람 - 차도통행중,안전운전불이행,건조,맑음,교차로 - 교차로부근,승용,남,18세,상해없음,보행자,여,80세,중상
2017061500100314,2017년 6월 15일 13시,목요일,강원도 강릉시 교동,경상사고,0,0,1,0,차대차 - 추돌,안전거리미확보,건조,맑음,교차로 - 교차로안,승용,남,27세,상해없음,승용,여,62세,상해없음
2017061500100352,2017년 6월 15일 14시,목요일,강원도 정선군 고한읍,경상사고,0,0,1,0,차대차 - 기타,직진우회전진행방해,건조,맑음,교차로 - 교차로안,화물,남,76세,상해없음,승용,남,50세,경상
2017061500100353,2017년 6월 15일 14시,목요일,강원도 철원군 근남면,중상사고,0,3,1,0,차대차 - 측면충돌,직진우회전진행방해,건조,맑음,교차로 - 교차로안,승용,남,52세,중상,승용,남,56세,중상
2017061500100417,2017년 6월 15일 16시,목요일,강원도 춘천시 효자동,경상사고,0,0,1,0,차대사람 - 횡단중,안전운전불이행,건조,맑음,단일로 - 기타,승용,남,18세,상해없음,보행자,여,18세,경상
2017061500100418,2017년 6월 15일 16시,목요일,강원도 삼척시 당저동,경상사고,0,0,2,0,차대차 - 추돌,안전운전불이행,건조,맑음,단일로 - 기타,승용,남,22세,상해없음,승용,남,53세,경상
2017061500100419,2017년 6월 15일 16시,목요일,강원도 태백시 황지동,중상사고,0,1,0,0,차대차 - 추돌,안전운전불이행,건조,맑음,단일로 - 기타,승용,남,49세,상해없음,승용,여,64세,중상
2017061500100457,2017년 6월 15일 17시,목요일,강원도 춘천시 석사동,중상사고,0,1,0,0,차대차 - 측면충돌,교차로운행방법위반,건조,맑음,교차로 - 교차로안,승용,여,40세,상해없음,승용,남,33세,중상
2017061500100458,2017년 6월 15일 17시,목요일,강원도 원주시 단계동,중상사고,0,1,0,0,차대사람 - 횡단중,안전운전불이행,건조,맑음,단일로 - 기타,승용,여,31세,상해없음,보행자,남,8세,중상
2017061500100496,2017년 6월 15일 18시,목요일,강원도 원주시 문막읍,경상사고,0,0,2,0,차대차 - 측면충돌,안전거리미확보,건조,맑음,단일로 - 기타,승용,남,29세,상해없음,승용,남,45세,경상
2017061500100497,2017년 6월 15일 18시,목요일,강원도 고성군 토성면,경상사고,0,0,1,0,차대사람 - 차도통행중,안전운전불이행,건조,맑음,교차로 - 교차로부근,승용,남,51세,상해없음,보행자,남,45세,경상
2017061500100534,2017년 6월 15일 19시,목요일,강원도 원주시 단구동,경상사고,0,0,1,0,차대차 - 측면충돌,안전운전불이행,건조,흐림,교차로 - 교차로부근,승용,여,43세,상해없음,승용,남,31세,경상
2017061500100535,2017년 6월 15일 19시,목요일,강원도 영월군 영월읍,중상사고,0,1,0,5,차대차 - 추돌,안전운전불이행,건조,맑음,단일로 - 기타,승용,남,62세,부상신고,승용,남,21세,부상신고
2017061500100570,2017년 6월 15일 20시,목요일,강원도 춘천시 후평동,경상사고,0,0,2,0,차대차 - 측면충돌,신호위반,건조,맑음,교차로 - 교차로안,승용,여,31세,상해없음,승용,남,55세,경상
2017061500100603,2017년 6월 15일 21시,목요일,강원도 춘천시 후평동,경상사고,0,0,1,0,차대사람 - 횡단중,중앙선침범,건조,맑음,교차로 - 교차로부근,승용,남,63세,상해없음,보행자,남,25세,경상
2017061500100624,2017년 6월 15일 22시,목요일,강원도 강릉시 포남동,경상사고,0,0,1,0,차대차 - 추돌,안전거리미확보,건조,맑음,교차로 - 교차로부근,승용,남,47세,상해없음,승용,여,54세,경상
2017061500100625,2017년 6월 15일 22시,목요일,강원도 원주시 행구동,경상사고,0,0,2,0,차대차 - 추돌,안전운전불이행,건조,맑음,교차로 - 교차로부근,승용,남,65세,상해없음,승용,남,56세,경상
2017061500100626,2017년 6월 15일 22시,목요일,강원도 원주시 태장동,경상사고,0,0,1,0,차대차 - 측면충돌,안전운전불이행,건조,맑음,단일로 - 기타,승용,남,47세,상해없음,이륜,남,17세,경상
2017061500100647,2017년 6월 15일 23시,목요일,강원도 원주시 개운동,경상사고,0,0,1,0,차대차 - 측면충돌,안전운전불이행,건조,맑음,단일로 - 기타,승용,남,48세,상해없음,승용,여,52세,경상
2017061600100030,2017년 6월 16일 00시,금요일,강원도 삼척시 미로면,경상사고,0,0,1,0,차대차 - 측면충돌,직진우회전진행방해,건조,맑음,교차로 - 교차로안,승용,남,75세,경상,특수,남,50세,상해없음
2017061600100050,2017년 6월 16일 03시,금요일,강원도 정선군 고한읍,중상사고,0,1,1,0,차대차 - 측면충돌,안전운전불이행,건조,맑음,교차로 - 교차로안,승용,남,52세,상해없음,승용,남,62세,경상
2017061600100089,2017년 6월 16일 07시,금요일,강원도 원주시 단구동,중상사고,0,1,0,0,차대차 - 측면충돌,신호위반,건조,맑음,교차로 - 교차로안,승용,남,51세,상해없음,승용,남,31세,중상
2017061600100125,2017년 6월 16일 08시,금요일,강원도 춘천시 후평동,경상사고,0,0,1,0,차대차 - 측면충돌,직진우회전진행방해,건조,맑음,교차로 - 교차로안,승용,여,30세,상해없음,이륜,남,17세,상해없음
2017061600100126,2017년 6월 16일 08시,금요일,강원도 원주시 단구동,경상사고,0,0,1,0,차대차 - 측면충돌,안전운전불이행,건조,맑음,교차로 - 교차로안,승용,남,47세,상해없음,승용,여,37세,경상
2017061600100162,2017년 6월 16일 09시,금요일,강원도 홍천군 화촌면,중상사고,0,3,0,0,차량단독 - 전도전복,안전운전불이행,건조,맑음,단일로 - 기타,화물,남,69세,상해없음,미분류,미분류,미분류,미분류
2017061600100182,2017년 6월 16일 10시,금요일,강원도 강릉시 내곡동,중상사고,0,1,0,0,차대차 - 측면충돌,안전운전불이행,건조,맑음,교차로 - 교차로안,승용,남,68세,상해없음,원동기,남,79세,중상
2017061600100224,2017년 6월 16일 11시,금요일,강원도 강릉시 옥천동,경상사고,0,0,1,0,차대사람 - 횡단중,신호위반,건조,맑음,교차로 - 교차로횡단보도내,승합,남,41세,상해없음,보행자,남,67세,경상
2017061600100225,2017년 6월 16일 11시,금요일,강원도 인제군 남면,경상사고,0,0,4,0,차대차 - 정면충돌,안전운전불이행,건조,맑음,교차로 - 교차로부근,승용,남,73세,상해없음,승용,여,27세,경상
2017061600100277,2017년 6월 16일 13시,금요일,강원도 원주시 지정면,중상사고,0,1,1,0,차대차 - 추돌,안전거리미확보,건조,맑음,교차로 - 교차로안,건설기계,남,59세,상해없음,승용,남,36세,중상
2017061600100278,2017년 6월 16일 13시,금요일,강원도 평창군 대화면,경상사고,0,0,4,0,차대차 - 추돌,안전운전불이행,건조,맑음,교차로 - 교차로부근,승용,남,22세,상해없음,화물,남,33세,경상
2017061600100279,2017년 6월 16일 13시,금요일,강원도 평창군 용평면,경상사고,0,0,1,0,차대차 - 정면충돌,안전거리미확보,건조,맑음,단일로 - 기타,승용,남,74세,상해없음,승용,남,58세,경상
2017061600100307,2017년 6월 16일 14시,금요일,강원도 춘천시 중앙로3가,중상사고,0,1,0,0,차대차 - 측면충돌,안전거리미확보,건조,맑음,단일로 - 기타,승용,여,58세,상해없음,이륜,여,53세,중상