사고번호,사고일시,요일,시군구,사고내용,사망자수,중상자수,경상자수,부상신고자수,사고유형,법규위반,노면상태,기상상태,도로형태,가해운전자 차종,가해운전자 성별,가해운전자 연령,가해운전자 상해정도,피해운전자 차종,피해운전자 성별,피해운전자 연령,피해운전자 상해정도
2017061600100350,2017년 6월 16일 15시,금요일,강원도 원주시 지정면,중상사고,0,1,1,0,차대차 - 정면충돌,교차로운행방법위반,건조,맑음,교차로 - 교차로안,승용,남,25세,기타불명,승용,남,54세,상해없음
2017061600100388,2017년 6월 16일 16시,금요일,강원도 춘천시 근화동,경상사고,0,0,2,0,차대차 - 측면충돌,직진우회전진행방해,건조,맑음,교차로 - 교차로안,승용,여,63세,경상,화물,남,47세,경상
2017061600100389,2017년 6월 16일 16시,금요일,강원도 원주시 단계동,경상사고,0,0,4,0,차대차 - 측면충돌,교차로운행방법위반,건조,맑음,교차로 - 교차로안,승용,남,68세,상해없음,화물,남,49세,경상
2017061600100390,2017년 6월 16일 16시,금요일,강원도 인제군 기린면,경상사고,0,0,1,0,차대사람 - 횡단중,안전운전불이행,건조,맑음,교차로 - 교차로부근,승용,남,49세,상해없음,보행자,여,18세,경상
2017061600100427,2017년 6월 16일 17시,금요일,강원도 강릉시 교동,중상사고,0,1,0,0,차대사람 - 횡단중,안전운전불이행,건조,맑음,단일로 - 기타,승용,남,79세,상해없음,보행자,여,61세,중상
2017061600100428,2017년 6월 16일 17시,금요일,강원도 원주시 중앙동,경상사고,0,0,1,0,차대차 - 후진중충돌,안전운전불이행,건조,맑음,단일로 - 기타,승합,남,51세,상해없음,승용,남,44세,경상
2017061600100429,2017년 6월 16일 17시,금요일,강원도 원주시 단구동,경상사고,0,0,1,0,차대차 - 측면충돌,안전운전불이행,건조,맑음,교차로 - 교차로안,승용,여,38세,상해없음,승용,여,26세,경상
2017061600100468,2017년 6월 16일 18시,금요일,강원도 원주시 개운동,경상사고,0,0,1,0,차대차 - 추돌,안전운전불이행,건조,맑음,교차로 - 교차로부근,승용,남,48세,상해없음,승용,여,21세,경상
2017061600100469,2017년 6월 16일 18시,금요일,강원도 원주시 명륜동,경상사고,0,0,1,0,차대사람 - 횡단중,신호위반,건조,맑음,단일로 - 기타,이륜,남,63세,상해없음,보행자,여,14세,경상
2017061600100527,2017년 6월 16일 20시,금요일,강원도 원주시 단계동,중상사고,0,1,1,0,차대차 - 측면충돌,신호위반,건조,맑음,교차로 - 교차로안,이륜,남,17세,중상,승용,남,60세,경상
2017061600100528,2017년 6월 16일 20시,금요일,강원도 원주시 문막읍,중상사고,0,2,0,0,차대차 - 측면충돌,교차로운행방법위반,건조,맑음,교차로 - 교차로안,승합,남,46세,상해없음,승용,여,56세,중상
2017061600100557,2017년 6월 16일 21시,금요일,강원도 춘천시 효자동,경상사고,0,0,1,0,차대차 - 측면충돌,중앙선침범,건조,맑음,단일로 - 기타,이륜,남,39세,상해없음,이륜,남,52세,경상
2017061600100558,2017년 6월 16일 21시,금요일,강원도 강릉시 입암동,중상사고,0,1,0,0,차대사람 - 횡단중,안전운전불이행,건조,맑음,교차로 - 교차로횡단보도내,승용,남,29세,상해없음,보행자,남,61세,중상
2017061600100595,2017년 6월 16일 22시,금요일,강원도 원주시 명륜동,중상사고,0,1,0,0,차대사람 - 횡단중,안전운전불이행,건조,맑음,교차로 - 교차로횡단보도내,승용,남,57세,상해없음,보행자,여,54세,중상
2017061600100596,2017년 6월 16일 22시,금요일,강원도 원주시 단구동,중상사고,0,1,7,0,차대차 - 정면충돌,신호위반,건조,맑음,교차로 - 교차로안,화물,남,31세,상해없음,승용,남,54세,경상
2017061600100637,2017년 6월 16일 23시,금요일,강원도 춘천시 퇴계동,경상사고,0,0,2,0,차대차 - 기타,교차로운행방법위반,건조,맑음,교차로 - 교차로안,승용,남,35세,상해없음,승용,남,56세,경상
2017061600100638,2017년 6월 16일 23시,금요일,강원도 춘천시 효자동,경상사고,0,0,1,0,차대차 - 기타,중앙선침범,건조,맑음,단일로 - 기타,이륜,남,21세,상해없음,이륜,남,24세,경상
2017061600100639,2017년 6월 16일 23시,금요일,강원도 평창군 봉평면,경상사고,0,0,2,0,차대차 - 기타,안전운전불이행,건조,맑음,단일로 - 기타,승용,남,57세,상해없음,승용,남,41세,경상
2017061700100030,2017년 6월 17일 00시,토요일,강원도 원주시 단구동,경상사고,0,0,1,0,차대차 - 추돌,안전운전불이행,건조,맑음,교차로 - 교차로부근,화물,남,60세,상해없음,승합,남,50세,경상
2017061700100051,2017년 6월 17일 01시,토요일,강원도 화천군 하남면,중상사고,0,2,0,0,차대차 - 정면충돌,중앙선침범,건조,맑음,단일로 - 기타,화물,남,39세,중상,승용,여,46세,중상
2017061700100069,2017년 6월 17일 02시,토요일,강원도 강릉시 옥천동,경상사고,0,0,1,0,차대차 - 측면충돌,중앙선침범,건조,맑음,단일로 - 기타,승합,남,51세,상해없음,이륜,남,22세,경상
2017061700100114,2017년 6월 17일 06시,토요일,강원도 화천군 상서면,경상사고,0,0,1,0,차대차 - 측면충돌,안전운전불이행,건조,맑음,단일로 - 기타,사륜오토바이(ATV),남,73세,경상,승용,여,53세,상해없음
2017061700100136,2017년 6월 17일 08시,토요일,강원도 평창군 대화면,중상사고,0,1,0,0,차대사람 - 횡단중,보행자보호의무위반,건조,맑음,교차로 - 교차로안,승용,여,53세,상해없음,보행자,여,15세,중상
2017061700100171,2017년 6월 17일 09시,토요일,강원도 원주시 단계동,중상사고,0,2,0,0,차대차 - 추돌,안전운전불이행,건조,맑음,교차로 - 교차로부근,승용,남,27세,상해없음,승용,여,42세,중상
2017061700100172,2017년 6월 17일 09시,토요일,강원도 원주시 학성동,경상사고,0,0,1,0,차대차 - 측면충돌,안전거리미확보,건조,맑음,단일로 - 기타,승용,여,48세,상해없음,승용,여,56세,경상
2017061700100173,2017년 6월 17일 09시,토요일,강원도 삼척시 남양동,경상사고,0,0,1,0,차대사람 - 횡단중,보행자보호의무위반,건조,맑음,단일로 - 기타,승용,남,51세,상해없음,보행자,여,70세,경상
2017061700100174,2017년 6월 17일 09시,토요일,강원도 평창군 미탄면,경상사고,0,0,2,0,차대차 - 기타,안전운전불이행,건조,맑음,단일로 - 기타,승용,여,38세,상해없음,승용,남,35세,경상
2017061700100209,2017년 6월 17일 10시,토요일,강원도 춘천시 신북읍,중상사고,0,1,0,0,차대차 - 기타,중앙선침범,건조,맑음,단일로 - 기타,승용,여,23세,상해없음,승합,남,62세,상해없음
2017061700100249,2017년 6월 17일 11시,토요일,강원도 춘천시 온의동,경상사고,0,0,2,0,차대차 - 측면충돌,안전거리미확보,건조,맑음,단일로 - 기타,이륜,남,52세,상해없음,승용,여,54세,경상
2017061700100250,2017년 6월 17일 11시,토요일,강원도 춘천시 퇴계동,경상사고,0,0,1,0,차대차 - 측면충돌,안전운전불이행,건조,맑음,단일로 - 기타,승용,남,26세,상해없음,자전거,남,13세,경상
2017061700100295,2017년 6월 17일 12시,토요일,강원도 원주시 반곡동,경상사고,0,0,1,0,차대차 - 추돌,안전운전불이행,건조,맑음,교차로 - 교차로부근,승용,여,46세,상해없음,승용,남,39세,경상
2017061700100334,2017년 6월 17일 13시,토요일,강원도 강릉시 노암동,경상사고,0,0,1,0,차대차 - 측면충돌,신호위반,건조,맑음,교차로 - 교차로안,승용,여,55세,상해없음,원동기,남,75세,경상
2017061700100335,2017년 6월 17일 13시,토요일,강원도 원주시 문막읍,부상신고사고,0,0,0,1,차대차 - 기타,안전운전불이행,건조,맑음,단일로 - 기타,자전거,남,11세,부상신고,자전거,남,11세,상해없음
2017061700100394,2017년 6월 17일 15시,토요일,강원도 강릉시 포남동,경상사고,0,0,2,0,차대차 - 측면충돌,안전운전불이행,건조,맑음,교차로 - 교차로안,승용,남,34세,상해없음,승용,남,35세,경상
2017061700100468,2017년 6월 17일 17시,토요일,강원도 동해시 발한동,경상사고,0,0,1,0,차대차 - 측면충돌,직진우회전진행방해,건조,맑음,교차로 - 교차로안,승용,남,56세,상해없음,이륜,남,57세,경상
2017061700100504,2017년 6월 17일 18시,토요일,강원도 춘천시 퇴계동,경상사고,0,0,1,0,차대차 - 측면충돌,안전거리미확보,건조,맑음,단일로 - 기타,승용,남,39세,상해없음,원동기,남,43세,경상
2017061700100505,2017년 6월 17일 18시,토요일,강원도 원주시 문막읍,경상사고,0,0,3,0,차대차 - 측면충돌,교차로운행방법위반,건조,맑음,교차로 - 교차로안,승용,남,32세,경상,승용,여,22세,경상
2017061700100549,2017년 6월 17일 19시,토요일,강원도 원주시 단계동,경상사고,0,0,2,0,차대차 - 추돌,안전거리미확보,건조,맑음,단일로 - 기타,화물,남,59세,상해없음,승용,여,63세,경상
2017061700100550,2017년 6월 17일 19시,토요일,강원도 삼척시 원덕읍,중상사고,0,1,0,0,차대차 - 기타,안전운전불이행,건조,맑음,교차로 - 교차로안,기타불명,기타불명,미분류,기타불명,자전거,남,27세,중상
2017061700100551,2017년 6월 17일 19시,토요일,강원도 홍천군 내면,중상사고,0,1,0,0,차대사람 - 길가장자리구역통행중,안전운전불이행,건조,맑음,단일로 - 교량,화물,남,43세,상해없음,보행자,여,58세,중상
2017061700100586,2017년 6월 17일 20시,토요일,강원도 동해시 천곡동,경상사고,0,0,1,0,차대차 - 측면충돌,교차로운행방법위반,건조,맑음,교차로 - 교차로안,승용,여,55세,상해없음,승용,여,57세,경상
2017061700100673,2017년 6월 17일 23시,토요일,강원도 원주시 단계동,경상사고,0,0,1,0,차대차 - 추돌,안전거리미확보,건조,맑음,교차로 - 교차로부근,승용,남,34세,상해없음,승용,남,61세,경상
2017061700100674,2017년 6월 17일 23시,토요일,강원도 원주시 관설동,경상사고,0,0,3,0,차대차 - 측면충돌,교차로운행방법위반,건조,맑음,교차로 - 교차로안,승용,남,19세,상해없음,승용,여,32세,경상
2017061800100033,2017년 6월 18일 01시,일요일,강원도 원주시 단계동,경상사고,0,0,1,0,차대차 - 측면충돌,안전운전불이행,건조,맑음,단일로 - 기타,승용,남,20세,상해없음,승용,남,32세,기타불명
2017061800100076,2017년 6월 18일 05시,일요일,강원도 원주시 학성동,중상사고,0,1,0,0,차대차 - 추돌,직진우회전진행방해,건조,맑음,교차로 - 교차로안,승용,남,63세,상해없음,이륜,남,18세,중상
2017061800100077,2017년 6월 18일 05시,일요일,강원도 원주시 단계동,부상신고사고,0,0,0,1,차대사람 - 횡단중,안전운전불이행,건조,맑음,교차로 - 교차로안,기타불명,기타불명,미분류,기타불명,보행자,여,72세,부상신고
2017061800100102,2017년 6월 18일 08시,일요일,강원도 동해시 이도동,경상사고,0,0,1,0,차대차 - 측면충돌,교차로운행방법위반,건조,맑음,교차로 - 교차로안,화물,남,61세,상해없음,이륜,남,79세,경상
2017061800100117,2017년 6월 18일 09시,일요일,강원도 삼척시 등봉동,경상사고,0,0,2,0,차대차 - 추돌,안전거리미확보,건조,맑음,단일로 - 기타,승용,남,71세,상해없음,승용,남,72세,경상
2017061800100154,2017년 6월 18일 11시,일요일,강원도 양양군 강현면,경상사고,0,0,1,0,차대차 - 후진중충돌,안전운전불이행,건조,맑음,주차장 - 주차장,승합,남,46세,상해없음,승용,남,23세,경상
2017061800100155,2017년 6월 18일 11시,일요일,강원도 태백시 황지동,경상사고,0,0,4,0,차대차 - 측면충돌,교차로운행방법위반,건조,맑음,교차로 - 교차로안,승용,여,36세,상해없음,승용,남,44세,경상
2017061800100156,2017년 6월 18일 11시,일요일,강원도 원주시 가현동,중상사고,0,1,1,0,차대차 - 추돌,안전운전불이행,건조,맑음,단일로 - 기타,승용,남,28세,상해없음,승합,여,48세,중상
2017061800100176,2017년 6월 18일 12시,일요일,강원도 인제군 북면,사망사고,1,0,0,0,차량단독 - 전도전복 - 전도,안전운전불이행,건조,맑음,단일로 - 기타,이륜,남,59세,사망,,,,
2017061800100177,2017년 6월 18일 12시,일요일,강원도 인제군 인제읍,중상사고,0,1,2,0,차대차 - 정면충돌,중앙선침범,건조,맑음,단일로 - 기타,승용,남,40세,상해없음,승용,남,27세,중상
2017061800100205,2017년 6월 18일 13시,일요일,강원도 원주시 문막읍,경상사고,0,0,1,0,차대사람 - 횡단중,안전운전불이행,건조,맑음,주차장 - 주차장,승용,남,54세,상해없음,보행자,남,7세,경상
2017061800100206,2017년 6월 18일 13시,일요일,강원도 삼척시 도계읍,중상사고,0,1,2,0,차대차 - 측면충돌,안전운전불이행,건조,맑음,기타 - 기타,승용,여,60세,상해없음,승용,남,38세,경상
2017061800100207,2017년 6월 18일 13시,일요일,강원도 동해시 효가동,경상사고,0,0,2,0,차대차 - 측면충돌,안전운전불이행,건조,맑음,교차로 - 교차로부근,건설기계,남,52세,상해없음,승용,남,27세,경상
2017061800100234,2017년 6월 18일 14시,일요일,강원도 원주시 무실동,경상사고,0,0,3,0,차대차 - 측면충돌,안전거리미확보,건조,맑음,단일로 - 기타,화물,남,56세,상해없음,승용,여,32세,경상
2017061800100235,2017년 6월 18일 14시,일요일,강원도 영월군 영월읍,부상신고사고,0,0,0,3,차대차 - 기타,안전운전불이행,건조,맑음,단일로 - 기타,화물,여,53세,상해없음,승용,남,37세,상해없음
2017061800100264,2017년 6월 18일 15시,일요일,강원도 양양군 양양읍,경상사고,0,0,1,0,차대차 - 측면충돌,안전운전불이행,건조,맑음,교차로 - 교차로부근,승합,남,45세,상해없음,승용,여,59세,경상
2017061800100298,2017년 6월 18일 16시,일요일,강원도 원주시 신림면,경상사고,0,0,1,0,차대차 - 측면충돌,중앙선침범,건조,맑음,단일로 - 기타,승용,남,34세,상해없음,이륜,남,68세,경상
2017061800100410,2017년 6월 18일 20시,일요일,강원도 횡성군 우천면,중상사고,0,1,0,0,차대차 - 기타,안전운전불이행,건조,맑음,교차로 - 교차로안,승용,남,45세,상해없음,이륜,남,19세,중상
2017061800100441,2017년 6월 18일 21시,일요일,강원도 원주시 행구동,경상사고,0,0,1,0,차대사람 - 횡단중,보행자보호의무위반,건조,맑음,단일로 - 기타,승용,남,47세,상해없음,보행자,남,51세,경상
2017061800100485,2017년 6월 18일 23시,일요일,강원도 홍천군 홍천읍,경상사고,0,0,2,0,차대차 - 기타,안전운전불이행,건조,맑음,단일로 - 기타,화물,남,54세,상해없음,승합,남,62세,경상
2017061900100027,2017년 6월 19일 00시,월요일,강원도 원주시 단계동,경상사고,0,0,2,0,차대차 - 측면충돌,안전운전불이행,건조,맑음,단일로 - 기타,승용,남,39세,상해없음,승용,남,45세,경상
2017061900100052,2017년 6월 19일 03시,월요일,강원도 홍천군 북방면,경상사고,0,0,1,0,차량단독 - 전도전복 - 전도,안전운전불이행,건조,맑음,교차로 - 교차로안,승용,남,27세,경상,,,,
2017061900100065,2017년 6월 19일 05시,월요일,강원도 춘천시 남산면,경상사고,0,0,1,0,차량단독 - 전도전복 - 전도,안전운전불이행,건조,맑음,단일로 - 기타,화물,남,24세,상해없음,,,,
2017061900100075,2017년 6월 19일 06시,월요일,강원도 춘천시 삼천동,경상사고,0,0,1,0,차대차 - 추돌,안전거리미확보,건조,맑음,단일로 - 기타,승용,남,67세,상해없음,승합,남,33세,상해없음
2017061900100076,2017년 6월 19일 06시,월요일,강원도 태백시 황지동,경상사고,0,0,1,0,차대차 - 추돌,안전거리미확보,건조,맑음,단일로 - 기타,승용,남,48세,상해없음,승용,남,68세,경상
2017061900100146,2017년 6월 19일 08시,월요일,강원도 원주시 단구동,부상신고사고,0,0,0,1,차대차 - 측면충돌,안전운전불이행,건조,맑음,교차로 - 교차로안,자전거,남,55세,부상신고,승용,여,29세,상해없음
2017061900100147,2017년 6월 19일 08시,월요일,강원도 원주시 관설동,경상사고,0,0,1,0,차대차 - 추돌,안전운전불이행,건조,맑음,교차로 - 교차로부근,승용,남,28세,상해없음,승용,여,31세,경상
2017061900100148,2017년 6월 19일 08시,월요일,강원도 원주시 단구동,경상사고,0,0,1,0,차대차 - 측면충돌,안전운전불이행,건조,맑음,교차로 - 교차로안,승용,남,79세,상해없음,승용,여,58세,경상
2017061900100193,2017년 6월 19일 09시,월요일,강원도 원주시 단계동,경상사고,0,0,1,0,차대차 - 측면충돌,안전운전불이행,건조,맑음,단일로 - 기타,승용,여,22세,상해없음,자전거,여,23세,경상
2017061900100194,2017년 6월 19일 09시,월요일,강원도 삼척시 등봉동,중상사고,0,1,2,0,차대차 - 측면충돌,직진우회전진행방해,건조,맑음,교차로 - 교차로안,승용,남,71세,상해없음,승용,여,61세,경상
2017061900100195,2017년 6월 19일 09시,월요일,강원도 화천군 하남면,경상사고,0,0,1,0,차대차 - 추돌,안전운전불이행,건조,맑음,단일로 - 기타,화물,남,53세,상해없음,화물,남,50세,경상
2017061900100228,2017년 6월 19일 10시,월요일,강원도 춘천시 동내면,중상사고,0,2,3,0,차대차 - 측면충돌,신호위반,건조,맑음,교차로 - 교차로안,승용,남,75세,기타불명,승용,남,38세,경상
2017061900100229,2017년 6월 19일 10시,월요일,강원도 원주시 단구동,중상사고,0,1,0,0,차대사람 - 횡단중,보행자보호의무위반,건조,맑음,교차로 - 교차로횡단보도내,화물,남,47세,상해없음,보행자,여,74세,중상
2017061900100255,2017년 6월 19일 11시,월요일,강원도 원주시 무실동,경상사고,0,0,1,0,차대차 - 측면충돌,교차로운행방법위반,건조,맑음,교차로 - 교차로안,승용,남,75세,상해없음,승용,여,37세,경상
2017061900100285,2017년 6월 19일 12시,월요일,강원도 인제군 인제읍,경상사고,0,0,4,0,차대차 - 정면충돌,안전운전불이행,건조,맑음,교차로 - 교차로부근,승용,남,23세,상해없음,승용,여,35세,경상
2017061900100305,2017년 6월 19일 13시,월요일,강원도 원주시 일산동,경상사고,0,0,5,0,차대차 - 추돌,안전거리미확보,건조,맑음,단일로 - 기타,승합,남,57세,기타불명,승용,남,35세,경상
2017061900100306,2017년 6월 19일 13시,월요일,강원도 원주시 관설동,경상사고,0,0,1,0,차대차 - 측면충돌,안전운전불이행,건조,맑음,교차로 - 교차로안,승용,남,36세,기타불명,승용,여,62세,경상
2017061900100307,2017년 6월 19일 13시,월요일,강원도 속초시 금호동,경상사고,0,0,1,0,차대사람 - 횡단중,보행자보호의무위반,건조,맑음,교차로 - 교차로부근,승용,여,46세,상해없음,보행자,여,65세,경상
2017061900100308,2017년 6월 19일 13시,월요일,강원도 양구군 양구읍,중상사고,0,1,1,0,차대차 - 측면충돌,신호위반,건조,맑음,교차로 - 교차로안,승용,남,30세,경상,승용,남,62세,중상
2017061900100379,2017년 6월 19일 15시,월요일,강원도 원주시 학성동,경상사고,0,0,1,0,차대차 - 측면충돌,안전운전불이행,건조,맑음,교차로 - 교차로안,승용,남,80세,상해없음,승용,남,32세,경상
2017061900100380,2017년 6월 19일 15시,월요일,강원도 속초시 청학동,경상사고,0,0,1,0,차대차 - 측면충돌,안전운전불이행,건조,맑음,교차로 - 교차로안,승용,여,34세,상해없음,이륜,남,36세,경상
2017061900100381,2017년 6월 19일 15시,월요일,강원도 철원군 철원읍,중상사고,0,1,0,0,차대사람 - 횡단중,안전운전불이행,건조,맑음,기타 - 기타,화물,남,77세,상해없음,보행자,여,81세,중상
2017061900100438,2017년 6월 19일 16시,월요일,강원도 원주시 지정면,경상사고,0,0,1,0,차대차 - 측면충돌,교차로운행방법위반,건조,맑음,교차로 - 교차로안,승용,남,63세,상해없음,승용,남,65세,경상
2017061900100439,2017년 6월 19일 16시,월요일,강원도 동해시 쇄운동,부상신고사고,0,0,0,1,차대사람 - 보도통행중,안전운전불이행,건조,맑음,단일로 - 기타,기타불명,기타불명,미분류,기타불명,보행자,여,57세,부상신고
2017061900100516,2017년 6월 19일 18시,월요일,강원도 원주시 우산동,중상사고,0,1,0,0,차대차 - 측면충돌,안전운전불이행,건조,맑음,교차로 - 교차로안,이륜,남,16세,중상,승용,남,46세,상해없음
2017061900100517,2017년 6월 19일 18시,월요일,강원도 속초시 교동,경상사고,0,0,1,0,차대차 - 측면충돌,교차로운행방법위반,건조,맑음,교차로 - 교차로안,승용,남,54세,상해없음,원동기,남,18세,경상
2017061900100607,2017년 6월 19일 21시,월요일,강원도 춘천시 우두동,중상사고,0,1,0,0,차대차 - 측면충돌,중앙선침범,건조,맑음,단일로 - 기타,화물,남,58세,상해없음,이륜,남,17세,중상
2017062000100029,2017년 6월 20일 00시,화요일,강원도 춘천시 퇴계동,경상사고,0,0,1,0,차대차 - 측면충돌,신호위반,건조,맑음,교차로 - 교차로안,이륜,남,54세,상해없음,승용,남,55세,경상
2017062000100119,2017년 6월 20일 08시,화요일,강원도 춘천시 후평동,경상사고,0,0,1,0,차대사람 - 횡단중,안전운전불이행,건조,맑음,단일로 - 기타,승용,여,45세,상해없음,보행자,남,10세,경상
2017062000100120,2017년 6월 20일 08시,화요일,강원도 태백시 황지동,경상사고,0,0,1,1,차대차 - 추돌,안전운전불이행,건조,맑음,단일로 - 기타,승용,여,43세,상해없음,승용,여,32세,부상신고
2017062000100159,2017년 6월 20일 09시,화요일,강원도 춘천시 남면,중상사고,0,1,1,0,차대차 - 측면충돌,교차로운행방법위반,건조,맑음,교차로 - 교차로안,승용,여,59세,상해없음,승용,남,51세,경상
2017062000100160,2017년 6월 20일 09시,화요일,강원도 강릉시 노암동,사망사고,1,0,0,0,차대사람 - 기타,안전운전불이행,건조,맑음,교차로 - 교차로안,화물,남,52세,상해없음,보행자,여,88세,사망
2017062000100186,2017년 6월 20일 10시,화요일,강원도 삼척시 근덕면,사망사고,1,0,0,0,차량단독 - 공작물충돌,안전운전불이행,건조,맑음,단일로 - 기타,승용,여,57세,사망,,,,
2017062000100216,2017년 6월 20일 11시,화요일,강원도 춘천시 후평동,경상사고,0,0,4,0,차대차 - 측면충돌,안전운전불이행,건조,맑음,교차로 - 교차로안,승용,남,81세,경상,승용,남,55세,경상
2017062000100217,2017년 6월 20일 11시,화요일,강원도 춘천시 효자동,경상사고,0,0,1,0,차대차 - 측면충돌,안전거리미확보,건조,맑음,교차로 - 교차로부근,승용,남,75세,상해없음,승용,여,55세,경상
2017062000100218,2017년 6월 20일 11시,화요일,강원도 동해시 평릉동,중상사고,0,1,1,0,차대차 - 추돌,안전운전불이행,건조,맑음,교차로 - 교차로부근,승용,남,53세,상해없음,승용,여,43세,경상
2017062000100251,2017년 6월 20일 12시,화요일,강원도 정선군 사북읍,경상사고,0,0,1,0,차대사람 - 횡단중,안전운전불이행,건조,맑음,단일로 - 기타,승용,남,38세,상해없음,보행자,남,63세,경상
2017062000100271,2017년 6월 20일 13시,화요일,강원도 평창군 봉평면,중상사고,0,2,2,0,차량단독 - 공작물충돌,안전운전불이행,건조,맑음,단일로 - 기타,승용,남,74세,경상,,,,
2017062000100272,2017년 6월 20일 13시,화요일,강원도 태백시 백산동,경상사고,0,0,1,0,차대차 - 측면충돌,중앙선침범,건조,맑음,단일로 - 기타,화물,남,52세,상해없음,화물,남,71세,경상
2017062000100309,2017년 6월 20일 14시,화요일,강원도 원주시 평원동,경상사고,0,0,1,1,차대차 - 추돌,안전운전불이행,건조,맑음,단일로 - 기타,승용,남,31세,부상신고,승용,남,48세,경상
2017062000100342,2017년 6월 20일 15시,화요일,강원도 춘천시 석사동,경상사고,0,0,1,0,차대차 - 기타,안전운전불이행,건조,맑음,교차로 - 교차로부근,승용,여,43세,상해없음,자전거,여,71세,경상
2017062000100343,2017년 6월 20일 15시,화요일,강원도 삼척시 원당동,경상사고,0,0,5,0,차대차 - 추돌,안전운전불이행,건조,맑음,교차로 - 교차로안,화물,여,58세,상해없음,승용,여,33세,경상
2017062000100376,2017년 6월 20일 16시,화요일,강원도 고성군 거진읍,경상사고,0,0,1,0,차대차 - 측면충돌,안전운전불이행,건조,맑음,단일로 - 기타,화물,남,77세,상해없음,승합,남,55세,경상
2017062000100426,2017년 6월 20일 17시,화요일,강원도 춘천시 교동,부상신고사고,0,0,0,1,차대차 - 측면충돌,교차로운행방법위반,건조,맑음,교차로 - 교차로안,승용,여,33세,상해없음,이륜,남,29세,부상신고
2017062000100427,2017년 6월 20일 17시,화요일,강원도 원주시 무실동,경상사고,0,0,2,0,차대차 - 측면충돌,안전운전불이행,건조,맑음,단일로 - 기타,승용,여,51세,상해없음,화물,여,47세,경상
2017062000100468,2017년 6월 20일 18시,화요일,강원도 춘천시 근화동,경상사고,0,0,2,0,차대차 - 추돌,안전운전불이행,건조,맑음,교차로 - 교차로부근,승용,남,56세,상해없음,승용,남,31세,경상
2017062000100469,2017년 6월 20일 18시,화요일,강원도 동해시 부곡동,경상사고,0,0,2,0,차대차 - 기타,안전운전불이행,건조,맑음,단일로 - 기타,승용,남,63세,상해없음,승용,여,69세,경상
2017062000100500,2017년 6월 20일 19시,화요일,강원도 철원군 갈말읍,중상사고,0,4,1,0,차대차 - 측면충돌,안전운전불이행,건조,맑음,교차로 - 교차로안,화물,남,59세,상해없음,승합,여,47세,경상
2017062100100059,2017년 6월 21일 02시,수요일,강원도 동해시 효가동,중상사고,0,1,0,0,차대차 - 측면충돌,교차로운행방법위반,건조,맑음,교차로 - 교차로안,승용,남,35세,상해없음,승용,남,45세,중상
2017062100100086,2017년 6월 21일 06시,수요일,강원도 원주시 개운동,중상사고,0,1,0,0,차대차 - 정면충돌,안전운전불이행,건조,맑음,단일로 - 기타,승용,남,38세,상해없음,승용,남,72세,상해없음
2017062100100098,2017년 6월 21일 07시,수요일,강원도 강릉시 교동,중상사고,0,1,0,0,차대차 - 측면충돌,안전운전불이행,건조,맑음,교차로 - 교차로부근,승합,남,69세,상해없음,자전거,남,90세 이상,중상
2017062100100128,2017년 6월 21일 08시,수요일,강원도 춘천시 후평동,경상사고,0,0,1,0,차대사람 - 횡단중,안전운전불이행,건조,맑음,단일로 - 기타,기타불명,기타불명,미분류,기타불명,보행자,여,6세,경상
2017062100100163,2017년 6월 21일 09시,수요일,강원도 횡성군 횡성읍,경상사고,0,0,1,0,차대차 - 측면충돌,안전거리미확보,건조,맑음,단일로 - 기타,승용,남,74세,상해없음,승용,여,33세,경상
2017062100100222,2017년 6월 21일 11시,수요일,강원도 춘천시 온의동,경상사고,0,0,1,0,차대차 - 측면충돌,신호위반,건조,맑음,교차로 - 교차로안,승용,여,61세,상해없음,화물,남,42세,경상
2017062100100223,2017년 6월 21일 11시,수요일,강원도 평창군 진부면,경상사고,0,0,1,0,차대차 - 기타,안전운전불이행,건조,맑음,단일로 - 터널,기타불명,기타불명,미분류,기타불명,승용,남,30세,경상
2017062100100243,2017년 6월 21일 12시,수요일,강원도 원주시 우산동,경상사고,0,0,1,0,차량단독 - 기타,안전운전불이행,건조,흐림,단일로 - 기타,승용,남,56세,상해없음,,,,
2017062100100264,2017년 6월 21일 13시,수요일,강원도 원주시 단구동,경상사고,0,0,1,0,차대사람 - 횡단중,안전운전불이행,건조,맑음,단일로 - 기타,승용,남,43세,상해없음,보행자,남,47세,경상
2017062100100288,2017년 6월 21일 14시,수요일,강원도 홍천군 서석면,경상사고,0,0,1,0,차대사람 - 횡단중,보행자보호의무위반,건조,맑음,단일로 - 기타,화물,남,54세,상해없음,보행자,남,23세,경상
2017062100100289,2017년 6월 21일 14시,수요일,강원도 홍천군 화촌면,경상사고,0,0,2,0,차대차 - 측면충돌,신호위반,건조,맑음,교차로 - 교차로안,승용,남,59세,상해없음,승용,남,53세,경상
2017062100100315,2017년 6월 21일 15시,수요일,강원도 원주시 흥업면,경상사고,0,0,1,0,차대차 - 측면충돌,안전거리미확보,건조,맑음,교차로 - 교차로부근,화물,남,34세,상해없음,승용,여,53세,경상
2017062100100316,2017년 6월 21일 15시,수요일,강원도 양양군 양양읍,경상사고,0,0,2,0,차대차 - 측면충돌,직진우회전진행방해,건조,맑음,교차로 - 교차로안,화물,남,50세,상해없음,승용,남,76세,경상