사고번호,사고일시,요일,시군구,사고내용,사망자수,중상자수,경상자수,부상신고자수,사고유형,법규위반,노면상태,기상상태,도로형태,가해운전자 차종,가해운전자 성별,가해운전자 연령,가해운전자 상해정도,피해운전자 차종,피해운전자 성별,피해운전자 연령,피해운전자 상해정도
2017062100100394,2017년 6월 21일 17시,수요일,강원도 원주시 단계동,경상사고,0,0,1,0,차대차 - 측면충돌,안전운전불이행,건조,맑음,단일로 - 기타,승용,남,71세,상해없음,승용,남,58세,경상
2017062100100435,2017년 6월 21일 18시,수요일,강원도 원주시 우산동,경상사고,0,0,1,0,차대차 - 측면충돌,안전운전불이행,건조,맑음,단일로 - 기타,승용,남,54세,상해없음,자전거,여,62세,경상
2017062100100436,2017년 6월 21일 18시,수요일,강원도 원주시 소초면,경상사고,0,0,1,0,차대차 - 추돌,안전거리미확보,건조,맑음,단일로 - 기타,승용,여,51세,상해없음,승용,남,29세,경상
2017062100100437,2017년 6월 21일 18시,수요일,강원도 원주시 무실동,경상사고,0,0,1,0,차대차 - 측면충돌,차로위반,건조,맑음,교차로 - 교차로안,승용,남,55세,상해없음,승용,여,46세,상해없음
2017062100100501,2017년 6월 21일 20시,수요일,강원도 강릉시 내곡동,경상사고,0,0,1,0,차대차 - 측면충돌,안전운전불이행,건조,맑음,교차로 - 교차로안,승용,남,55세,상해없음,승용,여,55세,경상
2017062100100502,2017년 6월 21일 20시,수요일,강원도 원주시 단구동,경상사고,0,0,1,0,차대차 - 후진중충돌,안전운전불이행,건조,맑음,단일로 - 기타,승용,남,59세,상해없음,자전거,남,10세,경상
2017062100100503,2017년 6월 21일 20시,수요일,강원도 원주시 단구동,경상사고,0,0,1,0,차대차 - 측면충돌,안전운전불이행,건조,맑음,단일로 - 기타,승용,남,30세,상해없음,승용,여,51세,경상
2017062100100531,2017년 6월 21일 21시,수요일,강원도 동해시 지흥동,경상사고,0,0,1,0,차대차 - 측면충돌,교차로운행방법위반,건조,맑음,교차로 - 교차로안,화물,남,50세,상해없음,승용,남,40세,경상
2017062200100050,2017년 6월 22일 05시,목요일,강원도 춘천시 신북읍,경상사고,0,0,1,0,차대차 - 측면충돌,안전운전불이행,건조,맑음,단일로 - 기타,승용,남,21세,상해없음,화물,남,32세,경상
2017062200100051,2017년 6월 22일 05시,목요일,강원도 삼척시 정하동,중상사고,0,1,1,0,차대차 - 정면충돌,안전운전불이행,건조,맑음,단일로 - 기타,화물,남,40세,상해없음,승용,남,65세,경상
2017062200100062,2017년 6월 22일 06시,목요일,강원도 홍천군 홍천읍,중상사고,0,1,0,0,차대사람 - 횡단중,보행자보호의무위반,건조,맑음,교차로 - 교차로횡단보도내,화물,남,63세,상해없음,보행자,여,81세,중상
2017062200100119,2017년 6월 22일 08시,목요일,강원도 원주시 무실동,경상사고,0,0,1,0,차대차 - 정면충돌,안전운전불이행,건조,맑음,단일로 - 기타,승용,여,26세,상해없음,승용,여,39세,경상
2017062200100157,2017년 6월 22일 09시,목요일,강원도 횡성군 횡성읍,경상사고,0,0,1,0,차대차 - 측면충돌,안전운전불이행,건조,맑음,교차로 - 교차로안,승용,여,44세,상해없음,승용,여,33세,경상
2017062200100158,2017년 6월 22일 09시,목요일,강원도 철원군 갈말읍,중상사고,0,5,0,0,차량단독 - 전도전복 - 전도,안전운전불이행,건조,맑음,단일로 - 기타,승용,남,80세,중상,,,,
2017062200100186,2017년 6월 22일 10시,목요일,강원도 삼척시 원덕읍,중상사고,0,2,0,0,차량단독 - 공작물충돌,안전운전불이행,건조,맑음,단일로 - 기타,화물,남,72세,중상,,,,
2017062200100187,2017년 6월 22일 10시,목요일,강원도 인제군 북면,경상사고,0,0,1,0,차대차 - 측면충돌,안전운전불이행,건조,맑음,교차로 - 교차로부근,승용,남,47세,상해없음,승용,여,33세,경상
2017062200100218,2017년 6월 22일 11시,목요일,강원도 춘천시 동면,경상사고,0,0,1,0,차대차 - 기타,안전거리미확보,건조,맑음,단일로 - 기타,승용,여,38세,상해없음,자전거,남,73세,경상
2017062200100219,2017년 6월 22일 11시,목요일,강원도 횡성군 둔내면,중상사고,0,5,13,1,차대차 - 추돌,안전운전불이행,건조,맑음,단일로 - 터널,승합,남,65세,중상,특수,남,47세,경상
2017062200100250,2017년 6월 22일 12시,목요일,강원도 홍천군 홍천읍,중상사고,0,1,4,0,차대차 - 정면충돌,안전운전불이행,건조,맑음,단일로 - 기타,승용,남,53세,상해없음,승용,남,57세,경상
2017062200100276,2017년 6월 22일 13시,목요일,강원도 속초시 중앙동,경상사고,0,0,1,0,차대차 - 측면충돌,안전운전불이행,건조,맑음,교차로 - 교차로안,승용,남,52세,상해없음,승용,여,38세,경상
2017062200100277,2017년 6월 22일 13시,목요일,강원도 양구군 양구읍,경상사고,0,0,1,0,차대차 - 추돌,안전운전불이행,건조,맑음,주차장 - 주차장,화물,남,60세,상해없음,승용,여,31세,경상
2017062200100307,2017년 6월 22일 14시,목요일,강원도 평창군 평창읍,중상사고,0,1,0,0,차량단독 - 공작물충돌,안전운전불이행,건조,맑음,단일로 - 기타,승합,여,49세,중상,,,,
2017062200100347,2017년 6월 22일 15시,목요일,강원도 원주시 명륜동,경상사고,0,0,2,0,차대차 - 측면충돌,차로위반,건조,맑음,교차로 - 교차로부근,승용,남,54세,상해없음,승용,남,48세,경상
2017062200100384,2017년 6월 22일 16시,목요일,강원도 홍천군 홍천읍,부상신고사고,0,0,0,1,차대사람 - 차도통행중,안전운전불이행,건조,맑음,단일로 - 기타,기타불명,기타불명,미분류,기타불명,보행자,여,65세,부상신고
2017062200100421,2017년 6월 22일 17시,목요일,강원도 춘천시 퇴계동,경상사고,0,0,3,0,차대차 - 추돌,기타,건조,맑음,단일로 - 기타,승용,남,45세,상해없음,승용,여,42세,경상
2017062200100468,2017년 6월 22일 18시,목요일,강원도 춘천시 효자동,경상사고,0,0,1,0,차대차 - 측면충돌,안전운전불이행,건조,맑음,교차로 - 교차로안,승용,남,64세,상해없음,자전거,남,19세,경상
2017062200100571,2017년 6월 22일 21시,목요일,강원도 강릉시 내곡동,중상사고,0,1,1,0,차대차 - 추돌,안전운전불이행,건조,맑음,교차로 - 교차로부근,승용,남,50세,상해없음,승용,남,43세,경상
2017062200100604,2017년 6월 22일 22시,목요일,강원도 원주시 단계동,경상사고,0,0,1,0,차대사람 - 횡단중,신호위반,건조,맑음,단일로 - 기타,승용,여,57세,상해없음,보행자,여,16세,경상
2017062200100605,2017년 6월 22일 22시,목요일,강원도 원주시 행구동,중상사고,0,6,0,0,차대차 - 추돌,안전운전불이행,건조,맑음,단일로 - 기타,승용,남,19세,상해없음,승용,여,41세,중상
2017062200100637,2017년 6월 22일 23시,목요일,강원도 동해시 평릉동,중상사고,0,1,0,0,차대사람 - 횡단중,보행자보호의무위반,건조,맑음,교차로 - 교차로횡단보도내,승용,남,18세,상해없음,보행자,남,18세,중상
2017062300100034,2017년 6월 23일 00시,금요일,강원도 강릉시 노암동,경상사고,0,0,1,0,차대사람 - 횡단중,보행자보호의무위반,건조,맑음,단일로 - 기타,승용,남,45세,상해없음,보행자,여,31세,경상
2017062300100074,2017년 6월 23일 04시,금요일,강원도 정선군 임계면,사망사고,1,0,0,0,차량단독 - 공작물충돌,안전운전불이행,건조,맑음,단일로 - 기타,승용,남,62세,사망,,,,
2017062300100087,2017년 6월 23일 06시,금요일,강원도 인제군 상남면,경상사고,0,0,2,0,차대차 - 정면충돌,중앙선침범,건조,맑음,교차로 - 교차로안,승용,남,77세,상해없음,화물,남,36세,경상
2017062300100146,2017년 6월 23일 08시,금요일,강원도 춘천시 사농동,경상사고,0,0,1,0,차대차 - 측면충돌,직진우회전진행방해,건조,맑음,교차로 - 교차로안,승용,남,51세,상해없음,승용,여,32세,경상
2017062300100147,2017년 6월 23일 08시,금요일,강원도 강릉시 교동,경상사고,0,0,2,0,차대차 - 추돌,안전운전불이행,건조,맑음,교차로 - 교차로안,승용,여,35세,상해없음,승용,여,33세,경상
2017062300100148,2017년 6월 23일 08시,금요일,강원도 원주시 태장동,중상사고,0,1,0,0,차대차 - 추돌,안전운전불이행,건조,맑음,단일로 - 기타,특수,남,62세,기타불명,승용,여,44세,중상
2017062300100149,2017년 6월 23일 08시,금요일,강원도 원주시 호저면,경상사고,0,0,1,0,차대차 - 측면충돌,안전거리미확보,건조,맑음,단일로 - 기타,화물,남,43세,상해없음,자전거,남,23세,경상
2017062300100192,2017년 6월 23일 09시,금요일,강원도 강릉시 주문진읍,중상사고,0,1,1,0,차대차 - 측면충돌,신호위반,건조,맑음,교차로 - 교차로안,화물,남,59세,상해없음,승용,남,23세,경상
2017062300100193,2017년 6월 23일 09시,금요일,강원도 원주시 개운동,경상사고,0,0,1,0,차대차 - 측면충돌,안전운전불이행,건조,맑음,단일로 - 기타,승용,남,73세,상해없음,승용,남,35세,경상
2017062300100194,2017년 6월 23일 09시,금요일,강원도 철원군 동송읍,중상사고,0,1,0,0,차대차 - 측면충돌,직진우회전진행방해,건조,맑음,교차로 - 교차로안,승용,여,38세,상해없음,자전거,남,74세,중상
2017062300100222,2017년 6월 23일 10시,금요일,강원도 속초시 조양동,경상사고,0,0,1,0,차대차 - 측면충돌,신호위반,건조,맑음,교차로 - 교차로안,화물,남,76세,상해없음,승용,남,60세,경상
2017062300100290,2017년 6월 23일 12시,금요일,강원도 춘천시 효자동,중상사고,0,2,0,0,차대차 - 측면충돌,교차로운행방법위반,건조,맑음,교차로 - 교차로안,승용,여,69세,상해없음,이륜,남,27세,중상
2017062300100312,2017년 6월 23일 13시,금요일,강원도 홍천군 홍천읍,중상사고,0,1,0,0,차대차 - 측면충돌,교차로운행방법위반,건조,맑음,단일로 - 기타,건설기계,남,46세,상해없음,이륜,남,39세,중상
2017062300100313,2017년 6월 23일 13시,금요일,강원도 평창군 봉평면,중상사고,0,1,2,0,차대사람 - 기타,안전운전불이행,건조,맑음,단일로 - 기타,승용,남,62세,상해없음,보행자,남,62세,중상
2017062300100365,2017년 6월 23일 15시,금요일,강원도 춘천시 사농동,중상사고,0,1,0,0,차대차 - 측면충돌,안전거리미확보,건조,맑음,단일로 - 기타,승용,남,60세,상해없음,이륜,남,27세,중상
2017062300100366,2017년 6월 23일 15시,금요일,강원도 춘천시 온의동,경상사고,0,0,1,0,차대차 - 정면충돌,교차로운행방법위반,건조,맑음,교차로 - 교차로안,승용,여,32세,상해없음,이륜,남,45세,경상
2017062300100367,2017년 6월 23일 15시,금요일,강원도 홍천군 북방면,경상사고,0,0,1,0,차량단독 - 전도전복 - 전도,안전운전불이행,건조,맑음,교차로 - 교차로안,승용,남,42세,상해없음,,,,
2017062300100368,2017년 6월 23일 15시,금요일,강원도 평창군 진부면,중상사고,0,1,1,0,차대차 - 추돌,안전운전불이행,건조,맑음,교차로 - 교차로안,화물,남,53세,상해없음,승용,남,28세,중상
2017062300100413,2017년 6월 23일 16시,금요일,강원도 춘천시 사북면,경상사고,0,0,2,0,차대차 - 추돌,중앙선침범,건조,맑음,단일로 - 기타,승합,여,60세,상해없음,화물,남,43세,경상
2017062300100414,2017년 6월 23일 16시,금요일,강원도 원주시 학성동,중상사고,0,1,1,0,차대차 - 측면충돌,차로위반,건조,맑음,단일로 - 기타,이륜,남,54세,경상,승용,남,25세,상해없음
2017062300100415,2017년 6월 23일 16시,금요일,강원도 원주시 태장동,중상사고,0,3,0,0,차대차 - 측면충돌,중앙선침범,건조,맑음,단일로 - 기타,승용,남,72세,중상,승용,남,45세,중상
2017062300100463,2017년 6월 23일 17시,금요일,강원도 원주시 명륜동,중상사고,0,1,0,0,차대사람 - 횡단중,안전운전불이행,건조,맑음,단일로 - 기타,승용,남,33세,기타불명,보행자,남,81세,중상
2017062300100567,2017년 6월 23일 19시,금요일,강원도 양양군 현남면,경상사고,0,0,2,0,차대차 - 추돌,안전거리미확보,건조,흐림,단일로 - 기타,승용,남,53세,상해없음,승용,남,48세,상해없음
2017062300100593,2017년 6월 23일 20시,금요일,강원도 속초시 교동,경상사고,0,0,1,0,차대사람 - 보도통행중,기타,건조,맑음,교차로 - 교차로부근,승용,여,59세,상해없음,보행자,여,15세,경상
2017062300100594,2017년 6월 23일 20시,금요일,강원도 철원군 동송읍,사망사고,1,0,1,0,차대차 - 기타,안전운전불이행,젖음/습기,흐림,단일로 - 기타,화물,남,73세,상해없음,사륜오토바이(ATV),여,58세,사망
2017062300100627,2017년 6월 23일 21시,금요일,강원도 춘천시 후평동,경상사고,0,0,1,0,차대사람 - 기타,안전운전불이행,건조,맑음,단일로 - 기타,승합,남,53세,상해없음,보행자,여,60세,경상
2017062300100661,2017년 6월 23일 22시,금요일,강원도 강릉시 홍제동,경상사고,0,0,1,0,차대차 - 추돌,안전운전불이행,건조,맑음,단일로 - 기타,승용,남,42세,상해없음,승용,남,33세,경상
2017062300100662,2017년 6월 23일 22시,금요일,강원도 원주시 단계동,경상사고,0,0,1,0,차대차 - 측면충돌,안전운전불이행,건조,맑음,교차로 - 교차로부근,이륜,남,33세,경상,승용,남,29세,상해없음
2017062300100701,2017년 6월 23일 23시,금요일,강원도 홍천군 내면,경상사고,0,0,1,0,차대차 - 추돌,안전운전불이행,건조,맑음,단일로 - 기타,화물,남,66세,상해없음,자전거,남,40세,경상
2017062400100086,2017년 6월 24일 04시,토요일,강원도 원주시 지정면,경상사고,0,0,2,1,차량단독 - 공작물충돌,안전운전불이행,건조,맑음,단일로 - 터널,승용,남,19세,상해없음,,,,
2017062400100096,2017년 6월 24일 05시,토요일,강원도 원주시 우산동,사망사고,1,2,0,0,차대차 - 측면충돌,신호위반,건조,맑음,교차로 - 교차로안,화물,남,79세,중상,화물,남,45세,사망
2017062400100123,2017년 6월 24일 07시,토요일,강원도 춘천시 서면,경상사고,0,0,2,0,차대차 - 추돌,안전운전불이행,건조,맑음,교차로 - 교차로부근,승용,남,37세,상해없음,승용,남,45세,경상
2017062400100148,2017년 6월 24일 08시,토요일,강원도 춘천시 동내면,경상사고,0,0,1,0,차대차 - 측면충돌,안전거리미확보,건조,맑음,단일로 - 기타,이륜,남,18세,상해없음,승용,남,26세,경상
2017062400100149,2017년 6월 24일 08시,토요일,강원도 인제군 서화면,사망사고,1,0,0,0,차대사람 - 기타,중앙선침범,건조,맑음,교차로 - 교차로부근,건설기계,남,21세,상해없음,보행자,남,41세,사망
2017062400100201,2017년 6월 24일 10시,토요일,강원도 태백시 황지동,경상사고,0,0,3,0,차대차 - 측면충돌,기타,건조,맑음,교차로 - 교차로안,승용,남,73세,상해없음,승용,남,43세,경상
2017062400100227,2017년 6월 24일 11시,토요일,강원도 원주시 학성동,중상사고,0,1,0,0,차대사람 - 횡단중,보행자보호의무위반,건조,맑음,단일로 - 기타,승용,남,34세,상해없음,보행자,남,11세,중상
2017062400100228,2017년 6월 24일 11시,토요일,강원도 동해시 대구동,중상사고,0,1,0,0,차대차 - 추돌,안전거리미확보,건조,맑음,단일로 - 기타,화물,남,51세,상해없음,승용,여,46세,중상
2017062400100255,2017년 6월 24일 12시,토요일,강원도 삼척시 도계읍,경상사고,0,0,1,0,차대차 - 측면충돌,중앙선침범,건조,맑음,단일로 - 기타,승용,남,57세,상해없음,승합,남,71세,경상
2017062400100256,2017년 6월 24일 12시,토요일,강원도 홍천군 홍천읍,경상사고,0,0,5,1,차대차 - 정면충돌,안전운전불이행,건조,맑음,단일로 - 기타,승용,남,60세,상해없음,승용,남,27세,경상
2017062400100283,2017년 6월 24일 13시,토요일,강원도 속초시 교동,경상사고,0,0,1,0,차대사람 - 횡단중,신호위반,건조,맑음,교차로 - 교차로횡단보도내,승용,여,34세,상해없음,보행자,여,17세,경상
2017062400100284,2017년 6월 24일 13시,토요일,강원도 인제군 인제읍,경상사고,0,0,3,0,차대차 - 정면충돌,안전운전불이행,건조,맑음,교차로 - 교차로부근,승용,남,33세,상해없음,승용,여,36세,경상
2017062400100359,2017년 6월 24일 15시,토요일,강원도 양양군 서면,중상사고,0,1,0,0,차대차 - 추돌,안전운전불이행,젖음/습기,비,단일로 - 지하차도(도로)내,화물,남,58세,상해없음,원동기,남,76세,중상
2017062400100392,2017년 6월 24일 16시,토요일,강원도 강릉시 입암동,경상사고,0,0,3,0,차대차 - 측면충돌,안전운전불이행,건조,맑음,교차로 - 교차로안,건설기계,남,47세,상해없음,승용,남,26세,상해없음
2017062400100393,2017년 6월 24일 16시,토요일,강원도 속초시 동명동,경상사고,0,0,6,0,차대차 - 기타,안전운전불이행,건조,흐림,단일로 - 기타,승용,남,51세,상해없음,승용,여,36세,경상
2017062400100394,2017년 6월 24일 16시,토요일,강원도 철원군 동송읍,경상사고,0,0,1,0,차량단독 - 공작물충돌,안전거리미확보,건조,맑음,단일로 - 기타,승용,남,57세,경상,,,,
2017062400100395,2017년 6월 24일 16시,토요일,강원도 동해시 천곡동,중상사고,0,2,0,0,차대차 - 기타,교차로운행방법위반,건조,맑음,교차로 - 교차로안,승용,남,53세,상해없음,승용,남,42세,중상
2017062400100417,2017년 6월 24일 17시,토요일,강원도 강릉시 성산면,경상사고,0,0,4,0,차량단독 - 전도전복 - 전도,안전운전불이행,젖음/습기,비,단일로 - 기타,화물,남,63세,상해없음,,,,
2017062400100418,2017년 6월 24일 17시,토요일,강원도 원주시 우산동,경상사고,0,0,1,0,차대차 - 추돌,중앙선침범,건조,맑음,교차로 - 교차로부근,화물,남,68세,상해없음,화물,남,58세,상해없음
2017062400100419,2017년 6월 24일 17시,토요일,강원도 평창군 진부면,경상사고,0,0,1,0,차대차 - 측면충돌,안전운전불이행,젖음/습기,비,교차로 - 교차로안,건설기계,남,42세,상해없음,승용,남,39세,경상
2017062400100420,2017년 6월 24일 17시,토요일,강원도 정선군 고한읍,경상사고,0,0,1,0,차대차 - 측면충돌,직진우회전진행방해,젖음/습기,비,교차로 - 교차로안,승합,남,68세,상해없음,승용,남,54세,경상
2017062400100532,2017년 6월 24일 21시,토요일,강원도 인제군 북면,중상사고,0,3,1,0,차대차 - 추돌,안전운전불이행,젖음/습기,비,교차로 - 교차로부근,승용,남,76세,중상,승용,남,36세,경상
2017062400100566,2017년 6월 24일 22시,토요일,강원도 원주시 평원동,중상사고,0,1,0,0,차대사람 - 횡단중,안전운전불이행,젖음/습기,비,교차로 - 교차로안,승용,남,53세,상해없음,보행자,남,49세,중상
2017062400100598,2017년 6월 24일 23시,토요일,강원도 춘천시 요선동,경상사고,0,0,1,0,차대사람 - 길가장자리구역통행중,보행자보호의무위반,건조,맑음,단일로 - 기타,원동기,남,40세,상해없음,보행자,여,52세,경상
2017062500100024,2017년 6월 25일 00시,일요일,강원도 원주시 단계동,경상사고,0,0,1,1,차대차 - 측면충돌,교차로운행방법위반,건조,맑음,교차로 - 교차로안,승합,여,52세,상해없음,승용,남,61세,경상
2017062500100025,2017년 6월 25일 00시,일요일,강원도 원주시 지정면,중상사고,0,2,1,0,차대사람 - 횡단중,중앙선침범,건조,맑음,단일로 - 기타,승용,남,26세,상해없음,보행자,여,17세,중상
2017062500100041,2017년 6월 25일 01시,일요일,강원도 춘천시 퇴계동,경상사고,0,0,2,0,차대차 - 측면충돌,교차로운행방법위반,젖음/습기,비,교차로 - 교차로안,승용,남,25세,기타불명,승용,여,42세,경상
2017062500100057,2017년 6월 25일 02시,일요일,강원도 태백시 황지동,경상사고,0,0,4,0,차대차 - 측면충돌,교차로운행방법위반,건조,맑음,교차로 - 교차로안,승용,남,73세,상해없음,승용,남,26세,경상
2017062500100075,2017년 6월 25일 04시,일요일,강원도 원주시 단계동,중상사고,0,1,1,0,차대차 - 측면충돌,신호위반,건조,맑음,교차로 - 교차로안,승합,남,20세,상해없음,승용,남,62세,경상
2017062500100079,2017년 6월 25일 05시,일요일,강원도 강릉시 주문진읍,중상사고,0,1,1,0,차대차 - 정면충돌,안전운전불이행,건조,맑음,단일로 - 기타,승용,남,30세,상해없음,승용,남,63세,경상
2017062500100128,2017년 6월 25일 09시,일요일,강원도 양구군 남면,경상사고,0,0,5,0,차대차 - 측면충돌,안전운전불이행,건조,맑음,단일로 - 기타,승용,남,53세,경상,승용,남,36세,경상
2017062500100148,2017년 6월 25일 10시,일요일,강원도 횡성군 서원면,경상사고,0,0,2,0,차대차 - 측면충돌,안전운전불이행,건조,맑음,단일로 - 기타,승용,여,35세,상해없음,이륜,남,34세,경상
2017062500100168,2017년 6월 25일 11시,일요일,강원도 춘천시 후평동,경상사고,0,0,1,0,차량단독 - 기타,기타,건조,맑음,교차로 - 교차로안,승합,남,41세,상해없음,,,,
2017062500100208,2017년 6월 25일 13시,일요일,강원도 고성군 토성면,중상사고,0,2,1,0,차대차 - 추돌,안전거리미확보,건조,맑음,단일로 - 기타,승용,남,22세,상해없음,승용,남,61세,중상
2017062500100228,2017년 6월 25일 14시,일요일,강원도 영월군 영월읍,경상사고,0,0,2,2,차대차 - 후진중충돌,안전운전불이행,젖음/습기,비,단일로 - 기타,승용,남,55세,상해없음,승용,여,57세,경상
2017062500100247,2017년 6월 25일 15시,일요일,강원도 양구군 남면,중상사고,0,1,1,0,차대차 - 정면충돌,직진우회전진행방해,건조,맑음,교차로 - 교차로안,승용,남,44세,경상,승용,남,79세,중상
2017062500100272,2017년 6월 25일 16시,일요일,강원도 원주시 판부면,경상사고,0,0,3,0,차대차 - 측면충돌,안전운전불이행,건조,맑음,교차로 - 교차로안,승용,여,47세,상해없음,승용,남,33세,경상
2017062500100304,2017년 6월 25일 17시,일요일,강원도 평창군 평창읍,중상사고,0,2,2,0,차대차 - 정면충돌,중앙선침범,젖음/습기,비,단일로 - 기타,승용,여,47세,경상,승용,남,56세,중상
2017062500100362,2017년 6월 25일 19시,일요일,강원도 철원군 갈말읍,중상사고,0,2,0,0,차대차 - 측면충돌,신호위반,젖음/습기,비,교차로 - 교차로안,승용,남,24세,상해없음,승용,남,54세,중상
2017062500100410,2017년 6월 25일 21시,일요일,강원도 원주시 개운동,중상사고,0,1,0,0,차대사람 - 횡단중,안전운전불이행,젖음/습기,비,단일로 - 기타,화물,남,55세,상해없음,보행자,남,57세,중상
2017062500100411,2017년 6월 25일 21시,일요일,강원도 원주시 명륜동,경상사고,0,0,1,0,차대차 - 측면충돌,안전운전불이행,건조,맑음,교차로 - 교차로안,승용,여,57세,상해없음,승용,남,21세,경상
2017062500100433,2017년 6월 25일 22시,일요일,강원도 강릉시 저동,경상사고,0,0,1,0,차대차 - 측면충돌,안전운전불이행,젖음/습기,맑음,단일로 - 기타,원동기,남,17세,상해없음,승용,여,44세,경상
2017062600100023,2017년 6월 26일 00시,월요일,강원도 태백시 화전동,부상신고사고,0,0,0,1,차대차 - 측면충돌,신호위반,젖음/습기,비,교차로 - 교차로안,승용,남,39세,상해없음,승용,남,58세,부상신고
2017062600100044,2017년 6월 26일 03시,월요일,강원도 양구군 양구읍,중상사고,0,1,0,0,차대차 - 정면충돌,신호위반,젖음/습기,기타,교차로 - 교차로안,승합,남,50세,상해없음,승용,남,26세,중상
2017062600100069,2017년 6월 26일 06시,월요일,강원도 횡성군 공근면,경상사고,0,0,8,0,차량단독 - 공작물충돌,안전운전불이행,젖음/습기,비,단일로 - 기타,승합,남,48세,상해없음,,,,
2017062600100128,2017년 6월 26일 08시,월요일,강원도 원주시 호저면,경상사고,0,0,2,0,차대차 - 추돌,안전거리미확보,건조,맑음,단일로 - 기타,화물,남,64세,상해없음,승용,남,32세,경상
2017062600100162,2017년 6월 26일 09시,월요일,강원도 원주시 흥업면,경상사고,0,0,1,0,차대차 - 측면충돌,안전거리미확보,건조,맑음,교차로 - 교차로안,화물,남,51세,상해없음,승용,남,80세,경상
2017062600100193,2017년 6월 26일 10시,월요일,강원도 화천군 하남면,경상사고,0,0,1,0,차대차 - 측면충돌,직진우회전진행방해,건조,맑음,교차로 - 교차로안,화물,남,61세,상해없음,승용,남,65세,경상
2017062600100218,2017년 6월 26일 11시,월요일,강원도 춘천시 동내면,경상사고,0,0,1,0,차대차 - 측면충돌,안전운전불이행,건조,맑음,단일로 - 기타,승용,남,23세,상해없음,화물,남,61세,경상
2017062600100219,2017년 6월 26일 11시,월요일,강원도 횡성군 둔내면,중상사고,0,1,0,0,차대차 - 측면충돌,안전운전불이행,건조,맑음,교차로 - 교차로안,화물,남,42세,상해없음,승용,여,49세,중상
2017062600100250,2017년 6월 26일 12시,월요일,강원도 원주시 중앙동,경상사고,0,0,1,0,차대사람 - 횡단중,안전운전불이행,건조,맑음,교차로 - 교차로안,승용,여,45세,상해없음,보행자,남,58세,경상
2017062600100352,2017년 6월 26일 15시,월요일,강원도 평창군 대관령면,경상사고,0,0,1,0,차대차 - 측면충돌,안전운전불이행,건조,맑음,교차로 - 교차로안,화물,남,72세,상해없음,승용,남,35세,경상
2017062600100394,2017년 6월 26일 16시,월요일,강원도 속초시 대포동,중상사고,0,1,0,0,차대차 - 추돌,안전거리미확보,건조,맑음,교차로 - 교차로부근,승용,남,54세,상해없음,승용,여,58세,중상
2017062600100395,2017년 6월 26일 16시,월요일,강원도 평창군 방림면,사망사고,1,0,0,0,차량단독 - 전도전복 - 전복,안전운전불이행,건조,흐림,단일로 - 기타,사륜오토바이(ATV),여,76세,사망,,,,
2017062600100440,2017년 6월 26일 17시,월요일,강원도 동해시 천곡동,경상사고,0,0,1,0,차대차 - 기타,교차로운행방법위반,건조,맑음,교차로 - 교차로안,승용,여,59세,상해없음,승용,여,54세,경상
2017062600100528,2017년 6월 26일 20시,월요일,강원도 춘천시 신동면,중상사고,0,3,1,0,차대차 - 측면충돌,안전운전불이행,건조,맑음,단일로 - 기타,승용,남,41세,경상,승용,여,52세,중상
2017062600100529,2017년 6월 26일 20시,월요일,강원도 속초시 교동,경상사고,0,0,1,0,차대차 - 기타,교차로운행방법위반,젖음/습기,비,교차로 - 교차로안,승용,남,27세,상해없음,이륜,남,17세,경상
2017062600100553,2017년 6월 26일 21시,월요일,강원도 강릉시 내곡동,경상사고,0,0,1,0,차대사람 - 차도통행중,안전운전불이행,젖음/습기,비,교차로 - 교차로안,화물,남,52세,상해없음,보행자,남,24세,경상
2017062600100554,2017년 6월 26일 21시,월요일,강원도 강릉시 명주동,중상사고,0,1,0,0,차대사람 - 횡단중,안전운전불이행,젖음/습기,비,단일로 - 기타,승용,남,19세,상해없음,보행자,남,10세,중상
2017062700100033,2017년 6월 27일 00시,화요일,강원도 춘천시 퇴계동,경상사고,0,0,1,1,차대차 - 측면충돌,안전운전불이행,건조,맑음,교차로 - 교차로안,승용,여,48세,상해없음,승용,남,61세,경상
2017062700100053,2017년 6월 27일 01시,화요일,강원도 강릉시 교동,경상사고,0,0,1,0,차대차 - 추돌,안전운전불이행,건조,맑음,교차로 - 교차로부근,승용,남,29세,상해없음,승용,여,42세,경상
2017062700100063,2017년 6월 27일 02시,화요일,강원도 원주시 단구동,경상사고,0,0,3,0,차대차 - 측면충돌,신호위반,건조,맑음,교차로 - 교차로안,승용,여,41세,경상,승용,남,31세,경상
2017062700100069,2017년 6월 27일 04시,화요일,강원도 춘천시 퇴계동,경상사고,0,0,3,0,차대차 - 기타,안전운전불이행,건조,맑음,교차로 - 교차로안,이륜,남,25세,상해없음,승용,남,60세,경상
2017062700100076,2017년 6월 27일 05시,화요일,강원도 홍천군 동면,중상사고,0,1,1,0,차대차 - 측면충돌,직진우회전진행방해,건조,맑음,교차로 - 교차로안,화물,남,74세,상해없음,화물,남,53세,경상
2017062700100099,2017년 6월 27일 07시,화요일,강원도 강릉시 성내동,경상사고,0,0,1,0,차대차 - 측면충돌,신호위반,건조,맑음,교차로 - 교차로안,승용,남,48세,상해없음,승용,여,54세,경상
2017062700100100,2017년 6월 27일 07시,화요일,강원도 원주시 단계동,경상사고,0,0,1,0,차대차 - 측면충돌,차로위반,건조,맑음,단일로 - 기타,화물,남,61세,상해없음,승용,남,29세,경상