사고번호,사고일시,요일,시군구,사고내용,사망자수,중상자수,경상자수,부상신고자수,사고유형,법규위반,노면상태,기상상태,도로형태,가해운전자 차종,가해운전자 성별,가해운전자 연령,가해운전자 상해정도,피해운전자 차종,피해운전자 성별,피해운전자 연령,피해운전자 상해정도
2017062700100133,2017년 6월 27일 08시,화요일,강원도 춘천시 후평동,경상사고,0,0,1,0,차대차 - 측면충돌,직진우회전진행방해,건조,맑음,교차로 - 교차로안,화물,남,56세,상해없음,승용,여,63세,경상
2017062700100134,2017년 6월 27일 08시,화요일,강원도 원주시 단계동,중상사고,0,2,0,0,차대사람 - 횡단중,보행자보호의무위반,건조,맑음,단일로 - 기타,화물,여,57세,상해없음,보행자,여,55세,중상
2017062700100135,2017년 6월 27일 08시,화요일,강원도 속초시 장사동,부상신고사고,0,0,0,1,차대차 - 측면충돌,안전운전불이행,건조,맑음,단일로 - 기타,기타불명,기타불명,미분류,기타불명,자전거,남,15세,부상신고
2017062700100136,2017년 6월 27일 08시,화요일,강원도 삼척시 남양동,경상사고,0,0,2,0,차대차 - 측면충돌,안전운전불이행,건조,맑음,교차로 - 교차로안,원동기,남,67세,기타불명,승용,여,28세,경상
2017062700100137,2017년 6월 27일 08시,화요일,강원도 평창군 진부면,중상사고,0,1,3,0,차대차 - 정면충돌,안전운전불이행,건조,맑음,단일로 - 기타,화물,남,69세,상해없음,화물,남,54세,경상
2017062700100176,2017년 6월 27일 09시,화요일,강원도 영월군 중동면,중상사고,0,1,0,0,차대차 - 정면충돌,중앙선침범,건조,맑음,단일로 - 기타,승용,여,69세,상해없음,승용,남,56세,중상
2017062700100233,2017년 6월 27일 11시,화요일,강원도 춘천시 삼천동,경상사고,0,0,1,0,차대사람 - 횡단중,안전운전불이행,건조,맑음,주차장 - 주차장,승용,남,42세,상해없음,보행자,남,47세,경상
2017062700100256,2017년 6월 27일 12시,화요일,강원도 원주시 단구동,경상사고,0,0,1,0,차대사람 - 횡단중,안전운전불이행,건조,맑음,기타 - 기타,승용,남,59세,상해없음,보행자,남,50세,경상
2017062700100257,2017년 6월 27일 12시,화요일,강원도 삼척시 교동,중상사고,0,2,0,0,차대차 - 추돌,안전운전불이행,건조,맑음,교차로 - 교차로부근,건설기계,남,45세,중상,승용,여,70세,중상
2017062700100296,2017년 6월 27일 13시,화요일,강원도 춘천시 운교동,경상사고,0,0,1,0,차대차 - 측면충돌,신호위반,건조,맑음,교차로 - 교차로안,승용,남,75세,상해없음,승용,남,71세,경상
2017062700100324,2017년 6월 27일 14시,화요일,강원도 춘천시 효자동,중상사고,0,1,0,0,차대사람 - 횡단중,안전운전불이행,건조,맑음,교차로 - 교차로안,화물,남,50세,상해없음,보행자,여,74세,중상
2017062700100325,2017년 6월 27일 14시,화요일,강원도 원주시 중앙동,경상사고,0,0,1,0,차대사람 - 횡단중,안전운전불이행,건조,맑음,교차로 - 교차로부근,화물,남,59세,기타불명,보행자,여,85세,경상
2017062700100326,2017년 6월 27일 14시,화요일,강원도 원주시 중앙동,경상사고,0,0,1,0,차대사람 - 횡단중,신호위반,건조,맑음,교차로 - 교차로횡단보도내,승용,여,63세,상해없음,보행자,여,47세,경상
2017062700100327,2017년 6월 27일 14시,화요일,강원도 원주시 명륜동,중상사고,0,1,0,0,차대사람 - 기타,안전운전불이행,건조,맑음,단일로 - 기타,승용,여,59세,상해없음,보행자,여,89세,중상
2017062700100356,2017년 6월 27일 15시,화요일,강원도 춘천시 석사동,중상사고,0,1,0,0,차대사람 - 횡단중,보행자보호의무위반,건조,맑음,교차로 - 교차로횡단보도내,승용,남,69세,상해없음,보행자,남,7세,중상
2017062700100392,2017년 6월 27일 16시,화요일,강원도 삼척시 갈천동,경상사고,0,0,2,0,차대차 - 추돌,안전운전불이행,건조,맑음,교차로 - 교차로안,특수,남,53세,상해없음,승용,남,64세,경상
2017062700100436,2017년 6월 27일 17시,화요일,강원도 속초시 교동,경상사고,0,0,1,0,차대사람 - 횡단중,보행자보호의무위반,건조,맑음,교차로 - 교차로횡단보도내,승용,여,44세,상해없음,보행자,여,34세,경상
2017062700100437,2017년 6월 27일 17시,화요일,강원도 태백시 황지동,경상사고,0,0,1,0,차대차 - 측면충돌,교차로운행방법위반,건조,맑음,교차로 - 교차로안,승용,여,45세,상해없음,승용,여,58세,경상
2017062700100469,2017년 6월 27일 18시,화요일,강원도 강릉시 금학동,중상사고,0,1,0,0,차대차 - 추돌,안전운전불이행,건조,맑음,단일로 - 기타,승용,여,72세,상해없음,승용,여,40세,중상
2017062700100518,2017년 6월 27일 19시,화요일,강원도 강릉시 회산동,경상사고,0,0,1,0,차대사람 - 횡단중,안전운전불이행,건조,맑음,단일로 - 기타,승용,남,38세,상해없음,보행자,여,69세,경상
2017062700100572,2017년 6월 27일 21시,화요일,강원도 춘천시 동산면,경상사고,0,0,1,0,차량단독 - 전도전복 - 전도,안전운전불이행,건조,맑음,단일로 - 기타,화물,남,76세,상해없음,,,,
2017062700100573,2017년 6월 27일 21시,화요일,강원도 강릉시 안현동,경상사고,0,0,1,0,차대차 - 측면충돌,안전운전불이행,건조,맑음,단일로 - 기타,기타불명,기타불명,미분류,기타불명,승용,남,66세,경상
2017062800100061,2017년 6월 28일 03시,수요일,강원도 동해시 천곡동,경상사고,0,0,2,0,차대차 - 측면충돌,신호위반,건조,맑음,교차로 - 교차로안,승용,남,57세,상해없음,승용,남,21세,경상
2017062800100068,2017년 6월 28일 04시,수요일,강원도 춘천시 후평동,중상사고,0,1,0,0,차량단독 - 공작물충돌,안전운전불이행,건조,맑음,교차로 - 교차로안,승용,남,41세,상해없음,,,,
2017062800100079,2017년 6월 28일 05시,수요일,강원도 원주시 문막읍,중상사고,0,1,1,0,차대차 - 측면충돌,안전운전불이행,건조,맑음,단일로 - 기타,승용,남,60세,경상,승용,남,56세,중상
2017062800100092,2017년 6월 28일 06시,수요일,강원도 홍천군 홍천읍,경상사고,0,0,1,0,차대차 - 측면충돌,교차로운행방법위반,건조,맑음,교차로 - 교차로안,화물,남,35세,상해없음,화물,남,52세,경상
2017062800100106,2017년 6월 28일 07시,수요일,강원도 홍천군 남면,경상사고,0,0,1,0,차대차 - 추돌,안전운전불이행,건조,맑음,단일로 - 기타,승용,남,37세,상해없음,화물,남,61세,경상
2017062800100123,2017년 6월 28일 08시,수요일,강원도 춘천시 후평동,경상사고,0,0,1,0,차대차 - 측면충돌,신호위반,건조,맑음,교차로 - 교차로안,자전거,남,76세,경상,화물,남,59세,상해없음
2017062800100124,2017년 6월 28일 08시,수요일,강원도 동해시 효가동,경상사고,0,0,1,0,차대차 - 측면충돌,안전운전불이행,건조,맑음,교차로 - 교차로안,화물,남,63세,상해없음,승용,여,44세,경상
2017062800100169,2017년 6월 28일 09시,수요일,강원도 춘천시 우두동,경상사고,0,0,1,0,차대차 - 측면충돌,안전운전불이행,건조,맑음,교차로 - 교차로횡단보도내,승용,남,52세,상해없음,자전거,남,42세,경상
2017062800100170,2017년 6월 28일 09시,수요일,강원도 원주시 학성동,경상사고,0,0,1,0,차대사람 - 횡단중,안전운전불이행,건조,맑음,교차로 - 교차로부근,화물,남,41세,상해없음,보행자,남,85세,경상
2017062800100171,2017년 6월 28일 09시,수요일,강원도 동해시 효가동,경상사고,0,0,1,0,차대차 - 추돌,안전거리미확보,건조,맑음,단일로 - 기타,승용,남,40세,상해없음,승용,여,47세,경상
2017062800100197,2017년 6월 28일 10시,수요일,강원도 춘천시 퇴계동,경상사고,0,0,1,0,차대차 - 측면충돌,안전거리미확보,건조,맑음,단일로 - 기타,승용,여,45세,상해없음,승용,남,47세,경상
2017062800100198,2017년 6월 28일 10시,수요일,강원도 춘천시 동내면,중상사고,0,1,1,0,차대차 - 기타,안전운전불이행,건조,맑음,단일로 - 기타,기타불명,기타불명,미분류,기타불명,승합,남,55세,상해없음
2017062800100264,2017년 6월 28일 13시,수요일,강원도 춘천시 신동면,사망사고,1,0,0,0,차량단독 - 도로외이탈 - 추락,안전운전불이행,건조,맑음,단일로 - 기타,사륜오토바이(ATV),남,79세,사망,,,,
2017062800100316,2017년 6월 28일 15시,수요일,강원도 춘천시 효자동,경상사고,0,0,1,0,차대차 - 측면충돌,안전운전불이행,건조,맑음,교차로 - 교차로안,승합,여,49세,상해없음,자전거,남,10세,경상
2017062800100317,2017년 6월 28일 15시,수요일,강원도 삼척시 남양동,경상사고,0,0,1,0,차대사람 - 차도통행중,안전운전불이행,건조,맑음,단일로 - 기타,승용,여,29세,상해없음,보행자,남,16세,경상
2017062800100379,2017년 6월 28일 17시,수요일,강원도 춘천시 서면,경상사고,0,0,1,0,차대차 - 측면충돌,직진우회전진행방해,건조,맑음,교차로 - 교차로안,화물,남,34세,상해없음,원동기,남,77세,경상
2017062800100380,2017년 6월 28일 17시,수요일,강원도 속초시 교동,경상사고,0,0,2,0,차대차 - 추돌,안전운전불이행,건조,맑음,단일로 - 지하차도(도로)내,화물,남,54세,상해없음,화물,남,62세,경상
2017062800100381,2017년 6월 28일 17시,수요일,강원도 화천군 화천읍,경상사고,0,0,1,0,차대사람 - 기타,안전운전불이행,젖음/습기,비,단일로 - 기타,승용,여,32세,상해없음,보행자,남,11세,경상
2017062800100382,2017년 6월 28일 17시,수요일,강원도 정선군 사북읍,경상사고,0,0,1,0,차대차 - 측면충돌,안전거리미확보,젖음/습기,비,단일로 - 기타,승용,남,59세,상해없음,승용,남,57세,상해없음
2017062800100383,2017년 6월 28일 17시,수요일,강원도 양구군 남면,경상사고,0,0,1,0,차대차 - 추돌,안전운전불이행,건조,맑음,교차로 - 교차로부근,승용,남,68세,상해없음,승용,여,52세,경상
2017062800100428,2017년 6월 28일 18시,수요일,강원도 정선군 남면,경상사고,0,0,1,0,차대차 - 측면충돌,직진우회전진행방해,건조,맑음,교차로 - 교차로안,승용,남,32세,상해없음,승용,남,53세,경상
2017062800100504,2017년 6월 28일 20시,수요일,강원도 원주시 단계동,경상사고,0,0,1,0,차대차 - 측면충돌,신호위반,건조,맑음,교차로 - 교차로부근,승용,남,67세,상해없음,승용,남,47세,경상
2017062800100533,2017년 6월 28일 21시,수요일,강원도 강릉시 교동,경상사고,0,0,1,0,차대차 - 정면충돌,안전운전불이행,건조,맑음,단일로 - 기타,이륜,남,48세,상해없음,이륜,남,37세,경상
2017062800100564,2017년 6월 28일 22시,수요일,강원도 철원군 김화읍,중상사고,0,1,1,0,차량단독 - 전도전복 - 전도,안전운전불이행,건조,맑음,단일로 - 기타,이륜,남,16세,경상,,,,
2017062800100587,2017년 6월 28일 23시,수요일,강원도 삼척시 근덕면,중상사고,0,1,0,0,차량단독 - 전도전복,안전운전불이행,건조,맑음,단일로 - 기타,승용,남,21세,상해없음,미분류,미분류,미분류,미분류
2017062900100063,2017년 6월 29일 05시,목요일,강원도 춘천시 석사동,경상사고,0,0,1,0,차대차 - 측면충돌,교차로운행방법위반,건조,맑음,교차로 - 교차로부근,화물,남,59세,상해없음,승용,남,78세,경상
2017062900100064,2017년 6월 29일 05시,목요일,강원도 원주시 평원동,경상사고,0,0,1,0,차대차 - 측면충돌,안전운전불이행,건조,맑음,교차로 - 교차로안,승용,여,40세,상해없음,승용,남,37세,경상
2017062900100090,2017년 6월 29일 07시,목요일,강원도 태백시 황지동,경상사고,0,0,1,0,차대사람 - 횡단중,보행자보호의무위반,건조,맑음,교차로 - 교차로횡단보도내,승합,남,57세,상해없음,보행자,여,57세,경상
2017062900100149,2017년 6월 29일 09시,목요일,강원도 영월군 주천면,중상사고,0,1,0,0,차대사람 - 기타,안전운전불이행,건조,맑음,단일로 - 기타,승용,여,58세,상해없음,보행자,남,53세,중상
2017062900100178,2017년 6월 29일 10시,목요일,강원도 원주시 우산동,경상사고,0,0,1,0,차대사람 - 횡단중,보행자보호의무위반,건조,맑음,교차로 - 교차로횡단보도내,승용,여,21세,상해없음,보행자,남,32세,경상
2017062900100205,2017년 6월 29일 11시,목요일,강원도 춘천시 근화동,경상사고,0,0,1,0,차대차 - 기타,신호위반,건조,맑음,교차로 - 교차로횡단보도내,승용,여,45세,상해없음,자전거,남,64세,경상
2017062900100206,2017년 6월 29일 11시,목요일,강원도 춘천시 신북읍,경상사고,0,0,1,0,차대차 - 측면충돌,안전운전불이행,건조,맑음,단일로 - 기타,승용,여,63세,상해없음,화물,남,64세,상해없음
2017062900100230,2017년 6월 29일 12시,목요일,강원도 동해시 천곡동,경상사고,0,0,1,0,차대사람 - 횡단중,보행자보호의무위반,건조,맑음,단일로 - 기타,승용,여,41세,상해없음,보행자,여,49세,경상
2017062900100250,2017년 6월 29일 13시,목요일,강원도 원주시 인동,경상사고,0,0,3,0,차대차 - 추돌,안전운전불이행,건조,맑음,교차로 - 교차로부근,승용,남,39세,상해없음,승용,남,39세,경상
2017062900100306,2017년 6월 29일 15시,목요일,강원도 춘천시 후평동,경상사고,0,0,2,0,차대차 - 측면충돌,직진우회전진행방해,건조,맑음,교차로 - 교차로안,승용,여,37세,상해없음,승용,남,44세,경상
2017062900100307,2017년 6월 29일 15시,목요일,강원도 강릉시 옥천동,경상사고,0,0,1,0,차대차 - 측면충돌,안전운전불이행,건조,맑음,교차로 - 교차로안,승용,여,48세,상해없음,이륜,남,55세,경상
2017062900100343,2017년 6월 29일 16시,목요일,강원도 춘천시 서면,경상사고,0,0,1,0,차대차 - 측면충돌,안전운전불이행,건조,맑음,단일로 - 기타,화물,남,59세,상해없음,승용,남,49세,경상
2017062900100344,2017년 6월 29일 16시,목요일,강원도 원주시 문막읍,경상사고,0,0,1,0,차대사람 - 횡단중,신호위반,건조,맑음,교차로 - 교차로횡단보도내,승용,여,46세,상해없음,보행자,남,55세,경상
2017062900100345,2017년 6월 29일 16시,목요일,강원도 양구군 양구읍,중상사고,0,1,0,0,차대사람 - 횡단중,교차로운행방법위반,건조,맑음,교차로 - 교차로안,승용,여,54세,상해없음,보행자,여,86세,중상
2017062900100384,2017년 6월 29일 17시,목요일,강원도 춘천시 온의동,경상사고,0,0,1,0,차대차 - 측면충돌,교차로운행방법위반,건조,맑음,교차로 - 교차로안,승용,남,51세,상해없음,승용,남,38세,경상
2017062900100385,2017년 6월 29일 17시,목요일,강원도 원주시 단계동,경상사고,0,0,1,0,차대차 - 측면충돌,교차로운행방법위반,건조,맑음,단일로 - 기타,승용,남,72세,상해없음,자전거,남,19세,경상
2017062900100386,2017년 6월 29일 17시,목요일,강원도 삼척시 당저동,경상사고,0,0,1,0,차대차 - 측면충돌,안전운전불이행,건조,맑음,교차로 - 교차로안,원동기,남,22세,경상,원동기,남,62세,상해없음
2017062900100387,2017년 6월 29일 17시,목요일,강원도 횡성군 횡성읍,중상사고,0,1,2,0,차대차 - 추돌,안전운전불이행,건조,맑음,단일로 - 기타,화물,남,30세,상해없음,승합,남,55세,경상
2017062900100425,2017년 6월 29일 18시,목요일,강원도 강릉시 죽헌동,경상사고,0,0,1,0,차대차 - 추돌,안전운전불이행,건조,맑음,단일로 - 기타,승용,남,38세,상해없음,승용,여,39세,경상
2017062900100426,2017년 6월 29일 18시,목요일,강원도 원주시 우산동,사망사고,1,0,0,0,차대사람 - 횡단중,안전운전불이행,건조,맑음,단일로 - 기타,승용,여,27세,상해없음,보행자,남,77세,사망
2017062900100427,2017년 6월 29일 18시,목요일,강원도 동해시 부곡동,경상사고,0,0,1,0,차대차 - 추돌,안전거리미확보,건조,맑음,단일로 - 기타,승용,여,52세,상해없음,승용,남,39세,경상
2017062900100471,2017년 6월 29일 19시,목요일,강원도 평창군 대관령면,경상사고,0,0,3,0,차대차 - 측면충돌,안전운전불이행,건조,맑음,단일로 - 기타,승용,여,64세,상해없음,승용,여,51세,경상
2017062900100503,2017년 6월 29일 20시,목요일,강원도 강릉시 노암동,경상사고,0,0,1,0,차대차 - 측면충돌,안전운전불이행,건조,맑음,교차로 - 교차로안,원동기,남,57세,상해없음,원동기,남,24세,경상
2017062900100594,2017년 6월 29일 23시,목요일,강원도 원주시 태장동,경상사고,0,0,2,0,차대차 - 추돌,안전운전불이행,건조,맑음,교차로 - 교차로부근,승용,남,49세,상해없음,승용,남,48세,경상
2017062900100595,2017년 6월 29일 23시,목요일,강원도 고성군 죽왕면,부상신고사고,0,0,0,1,차대사람 - 횡단중,안전운전불이행,건조,맑음,교차로 - 교차로부근,승용,여,38세,상해없음,보행자,남,58세,부상신고
2017063000100153,2017년 6월 30일 08시,금요일,강원도 원주시 태장동,경상사고,0,0,1,0,차대차 - 측면충돌,차로위반,건조,맑음,단일로 - 교량,화물,남,36세,상해없음,승용,남,66세,경상
2017063000100178,2017년 6월 30일 09시,금요일,강원도 양구군 방산면,중상사고,0,1,0,0,차대차 - 정면충돌,중앙선침범,건조,맑음,단일로 - 기타,승용,남,24세,상해없음,승용,남,52세,중상
2017063000100201,2017년 6월 30일 10시,금요일,강원도 춘천시 석사동,경상사고,0,0,1,0,차대차 - 측면충돌,안전거리미확보,건조,맑음,단일로 - 기타,화물,남,48세,상해없음,승용,여,32세,경상
2017063000100263,2017년 6월 30일 12시,금요일,강원도 양구군 동면,중상사고,0,1,0,0,차대차 - 기타,안전운전불이행,건조,맑음,단일로 - 기타,사륜오토바이(ATV),남,69세,상해없음,승용,여,28세,중상
2017063000100264,2017년 6월 30일 12시,금요일,강원도 양구군 양구읍,부상신고사고,0,0,0,4,차대차 - 측면충돌,중앙선침범,건조,맑음,단일로 - 기타,화물,남,72세,상해없음,승용,남,21세,부상신고
2017063000100297,2017년 6월 30일 13시,금요일,강원도 춘천시 남산면,중상사고,0,1,0,0,차량단독 - 전도전복 - 전도,안전운전불이행,건조,맑음,단일로 - 기타,승용,남,27세,상해없음,,,,
2017063000100325,2017년 6월 30일 14시,금요일,강원도 강릉시 포남동,중상사고,0,1,3,0,차대차 - 측면충돌,안전운전불이행,건조,맑음,교차로 - 교차로안,승용,여,71세,경상,승용,여,37세,경상
2017063000100326,2017년 6월 30일 14시,금요일,강원도 정선군 정선읍,경상사고,0,0,1,0,차대차 - 측면충돌,교차로운행방법위반,건조,맑음,교차로 - 교차로안,화물,남,62세,상해없음,승용,남,58세,경상
2017063000100360,2017년 6월 30일 15시,금요일,강원도 속초시 교동,중상사고,0,1,0,0,차대사람 - 횡단중,안전운전불이행,건조,맑음,교차로 - 교차로부근,승용,여,74세,상해없음,보행자,여,81세,중상
2017063000100446,2017년 6월 30일 17시,금요일,강원도 횡성군 공근면,경상사고,0,0,1,0,차대차 - 추돌,안전운전불이행,건조,맑음,교차로 - 교차로부근,화물,남,77세,상해없음,승용,여,44세,경상
2017063000100447,2017년 6월 30일 17시,금요일,강원도 고성군 토성면,경상사고,0,0,2,0,차대차 - 추돌,안전운전불이행,건조,맑음,단일로 - 기타,화물,남,60세,상해없음,승용,남,62세,경상
2017063000100505,2017년 6월 30일 18시,금요일,강원도 강릉시 포남동,경상사고,0,0,1,0,차대차 - 후진중충돌,안전운전불이행,건조,맑음,단일로 - 기타,승용,남,36세,상해없음,승용,남,31세,경상
2017063000100542,2017년 6월 30일 19시,금요일,강원도 원주시 문막읍,경상사고,0,0,2,0,차대차 - 측면충돌,안전운전불이행,건조,맑음,교차로 - 교차로안,승용,남,41세,상해없음,승용,여,50세,경상
2017063000100679,2017년 6월 30일 23시,금요일,강원도 원주시 호저면,경상사고,0,0,3,0,차대차 - 추돌,안전거리미확보,젖음/습기,비,단일로 - 기타,승용,남,34세,상해없음,승용,남,38세,경상
2017063000100680,2017년 6월 30일 23시,금요일,강원도 양양군 양양읍,경상사고,0,0,2,0,차대차 - 추돌,안전운전불이행,건조,맑음,교차로 - 교차로부근,승용,남,54세,상해없음,승용,남,44세,경상
2017070100100030,2017년 7월 1일 00시,토요일,강원도 강릉시 내곡동,경상사고,0,0,4,0,차대차 - 측면충돌,신호위반,건조,맑음,교차로 - 교차로안,승용,여,55세,경상,승용,여,22세,경상
2017070100100052,2017년 7월 1일 01시,토요일,강원도 원주시 단계동,중상사고,0,1,0,0,차대차 - 측면충돌,안전운전불이행,건조,맑음,교차로 - 교차로안,화물,남,59세,상해없음,승용,남,29세,상해없음
2017070100100105,2017년 7월 1일 05시,토요일,강원도 횡성군 안흥면,경상사고,0,0,2,0,차대차 - 측면충돌,안전거리미확보,건조,맑음,단일로 - 기타,승용,여,65세,상해없음,승용,남,33세,경상
2017070100100106,2017년 7월 1일 05시,토요일,강원도 횡성군 횡성읍,중상사고,0,1,0,0,차대차 - 기타,안전운전불이행,건조,맑음,단일로 - 기타,화물,남,34세,상해없음,승용,남,50세,중상
2017070100100121,2017년 7월 1일 06시,토요일,강원도 동해시 망상동,경상사고,0,0,2,0,차대차 - 측면충돌,직진우회전진행방해,건조,맑음,교차로 - 교차로안,승용,남,22세,상해없음,승용,남,54세,경상
2017070100100134,2017년 7월 1일 07시,토요일,강원도 원주시,중상사고,0,1,3,0,차대차 - 측면충돌,신호위반,건조,맑음,교차로 - 교차로안,승용,남,48세,상해없음,화물,남,55세,경상
2017070100100152,2017년 7월 1일 08시,토요일,강원도 철원군 서면,중상사고,0,1,0,0,차대사람 - 횡단중,안전운전불이행,건조,맑음,단일로 - 기타,승합,여,47세,상해없음,보행자,남,61세,중상
2017070100100200,2017년 7월 1일 10시,토요일,강원도 원주시 평원동,경상사고,0,0,1,0,차대사람 - 횡단중,안전운전불이행,기타,기타,단일로 - 기타,화물,남,60세,상해없음,보행자,여,51세,경상
2017070100100229,2017년 7월 1일 11시,토요일,강원도 춘천시 남산면,중상사고,0,2,1,0,차대차 - 정면충돌,중앙선침범,건조,맑음,단일로 - 기타,승용,남,32세,중상,승용,남,56세,중상
2017070100100230,2017년 7월 1일 11시,토요일,강원도 원주시 무실동,사망사고,1,0,0,0,차대차 - 측면충돌,안전운전불이행,건조,맑음,교차로 - 교차로안,승용,남,68세,상해없음,이륜,남,50세,사망
2017070100100231,2017년 7월 1일 11시,토요일,강원도 원주시 중앙동,경상사고,0,0,5,0,차대차 - 측면충돌,교차로운행방법위반,건조,흐림,교차로 - 교차로안,승용,남,54세,상해없음,승용,남,37세,경상
2017070100100232,2017년 7월 1일 11시,토요일,강원도 홍천군 홍천읍,중상사고,0,1,0,0,차대차 - 정면충돌,안전운전불이행,건조,맑음,단일로 - 기타,승용,남,66세,상해없음,승용,여,53세,중상
2017070100100233,2017년 7월 1일 11시,토요일,강원도 정선군 정선읍,중상사고,0,1,2,0,차대차 - 정면충돌,중앙선침범,건조,맑음,단일로 - 기타,승용,남,49세,상해없음,승용,남,63세,경상
2017070100100257,2017년 7월 1일 12시,토요일,강원도 원주시 명륜동,중상사고,0,1,0,0,차대차 - 측면충돌,안전운전불이행,건조,맑음,교차로 - 교차로부근,승용,남,57세,상해없음,승용,남,60세,중상
2017070100100285,2017년 7월 1일 13시,토요일,강원도 홍천군 동면,경상사고,0,0,1,0,차대차 - 측면충돌,직진우회전진행방해,건조,맑음,교차로 - 교차로안,화물,남,26세,상해없음,승용,남,34세,상해없음
2017070100100286,2017년 7월 1일 13시,토요일,강원도 강릉시 사천면,경상사고,0,0,1,0,차대차 - 기타,기타,건조,흐림,단일로 - 기타,기타불명,기타불명,미분류,기타불명,승용,여,47세,경상
2017070100100318,2017년 7월 1일 14시,토요일,강원도 춘천시 서면,경상사고,0,0,3,0,차대차 - 추돌,안전거리미확보,건조,맑음,단일로 - 기타,승용,남,58세,상해없음,승용,여,23세,경상
2017070100100346,2017년 7월 1일 15시,토요일,강원도 속초시 조양동,경상사고,0,0,2,0,차대차 - 측면충돌,차로위반,건조,맑음,단일로 - 기타,건설기계,남,46세,상해없음,승용,여,60세,경상
2017070100100376,2017년 7월 1일 16시,토요일,강원도 원주시 판부면,경상사고,0,0,1,0,차대차 - 측면충돌,안전운전불이행,건조,맑음,단일로 - 기타,이륜,남,17세,상해없음,승용,여,54세,경상
2017070100100377,2017년 7월 1일 16시,토요일,강원도 횡성군 횡성읍,경상사고,0,0,1,0,차대사람 - 횡단중,보행자보호의무위반,젖음/습기,흐림,기타 - 기타,기타불명,기타불명,미분류,기타불명,보행자,남,12세,경상
2017070100100423,2017년 7월 1일 17시,토요일,강원도 춘천시 퇴계동,경상사고,0,0,1,0,차대차 - 측면충돌,안전운전불이행,건조,맑음,교차로 - 교차로안,화물,남,52세,기타불명,승용,여,23세,경상
2017070100100424,2017년 7월 1일 17시,토요일,강원도 원주시 우산동,경상사고,0,0,1,0,차대차 - 측면충돌,안전운전불이행,젖음/습기,비,주차장 - 주차장,승용,남,59세,상해없음,자전거,남,55세,경상
2017070100100425,2017년 7월 1일 17시,토요일,강원도 원주시 단계동,중상사고,0,1,0,0,차대차 - 추돌,안전운전불이행,젖음/습기,흐림,교차로 - 교차로부근,승용,여,58세,상해없음,이륜,남,22세,중상
2017070100100466,2017년 7월 1일 18시,토요일,강원도 춘천시 송암동,경상사고,0,0,1,0,차대차 - 기타,안전운전불이행,건조,맑음,단일로 - 기타,승용,남,53세,상해없음,자전거,남,53세,경상
2017070100100467,2017년 7월 1일 18시,토요일,강원도 강릉시 옥천동,경상사고,0,0,1,0,차대차 - 측면충돌,안전운전불이행,건조,맑음,교차로 - 교차로안,승용,남,24세,상해없음,승용,남,56세,경상
2017070100100468,2017년 7월 1일 18시,토요일,강원도 원주시 무실동,중상사고,0,1,0,0,차대차 - 측면충돌,기타,젖음/습기,맑음,교차로 - 교차로부근,승용,남,38세,상해없음,이륜,남,40세,중상
2017070100100469,2017년 7월 1일 18시,토요일,강원도 원주시 태장동,경상사고,0,0,1,0,차대차 - 측면충돌,안전운전불이행,건조,맑음,단일로 - 기타,승용,남,43세,기타불명,이륜,남,54세,경상
2017070100100536,2017년 7월 1일 20시,토요일,강원도 강릉시 홍제동,사망사고,1,0,0,0,차대차 - 추돌,중앙선침범,건조,맑음,단일로 - 기타,자전거,남,88세,사망,화물,남,61세,상해없음
2017070100100567,2017년 7월 1일 21시,토요일,강원도 원주시 호저면,경상사고,0,0,1,0,차대차 - 측면충돌,안전운전불이행,젖음/습기,비,단일로 - 기타,승용,남,25세,상해없음,승용,남,56세,경상
2017070100100568,2017년 7월 1일 21시,토요일,강원도 삼척시 정상동,경상사고,0,0,1,0,차대사람 - 횡단중,교차로운행방법위반,건조,맑음,교차로 - 교차로안,기타불명,기타불명,미분류,기타불명,보행자,남,32세,경상
2017070100100595,2017년 7월 1일 22시,토요일,강원도 원주시 문막읍,경상사고,0,0,2,0,차대차 - 측면충돌,안전운전불이행,건조,맑음,단일로 - 기타,농기계,남,54세,기타불명,승합,남,31세,경상
2017070100100620,2017년 7월 1일 23시,토요일,강원도 원주시 지정면,경상사고,0,0,2,0,차대차 - 정면충돌,안전거리미확보,젖음/습기,비,단일로 - 터널,승용,남,33세,상해없음,승용,남,44세,경상
2017070200100027,2017년 7월 2일 00시,일요일,강원도 강릉시 포남동,중상사고,0,2,2,0,차대차 - 측면충돌,신호위반,젖음/습기,비,교차로 - 교차로안,승합,남,26세,상해없음,승용,남,56세,중상
2017070200100028,2017년 7월 2일 00시,일요일,강원도 홍천군 서면,경상사고,0,0,3,0,차대사람 - 횡단중,안전운전불이행,젖음/습기,흐림,단일로 - 기타,승용,여,23세,상해없음,보행자,남,19세,경상
2017070200100055,2017년 7월 2일 01시,일요일,강원도 춘천시 퇴계동,중상사고,0,1,0,0,차대차 - 측면충돌,직진우회전진행방해,젖음/습기,흐림,교차로 - 교차로안,승용,남,61세,상해없음,승용,여,32세,중상
2017070200100056,2017년 7월 2일 01시,일요일,강원도 홍천군 내면,사망사고,1,1,1,0,차대차 - 추돌,안전운전불이행,젖음/습기,비,단일로 - 기타,승용,남,24세,중상,화물,남,67세,경상