사고번호,사고일시,요일,시군구,사고내용,사망자수,중상자수,경상자수,부상신고자수,사고유형,법규위반,노면상태,기상상태,도로형태,가해운전자 차종,가해운전자 성별,가해운전자 연령,가해운전자 상해정도,피해운전자 차종,피해운전자 성별,피해운전자 연령,피해운전자 상해정도
2017072300100245,2017년 7월 23일 14시,일요일,강원도 속초시 중앙동,경상사고,0,0,1,0,차대차 - 측면충돌,안전운전불이행,젖음/습기,비,주차장 - 주차장,승용,남,67세,상해없음,승용,남,50세,경상
2017072300100246,2017년 7월 23일 14시,일요일,강원도 양구군 양구읍,사망사고,1,1,0,1,차량단독 - 전도전복 - 전도,과속,젖음/습기,비,단일로 - 터널,승용,남,17세,부상신고,,,,
2017072300100265,2017년 7월 23일 15시,일요일,강원도 원주시 일산동,경상사고,0,0,1,0,차대사람 - 횡단중,안전운전불이행,건조,맑음,단일로 - 기타,승용,남,57세,상해없음,보행자,남,84세,경상
2017072300100293,2017년 7월 23일 16시,일요일,강원도 강릉시 사천면,경상사고,0,0,2,0,차대차 - 측면충돌,안전운전불이행,젖음/습기,맑음,교차로 - 교차로부근,승합,남,58세,상해없음,승용,여,56세,경상
2017072300100321,2017년 7월 23일 17시,일요일,강원도 원주시 무실동,경상사고,0,0,1,0,차대차 - 기타,안전운전불이행,젖음/습기,흐림,단일로 - 기타,승용,남,32세,상해없음,자전거,남,13세,경상
2017072300100322,2017년 7월 23일 17시,일요일,강원도 속초시 조양동,경상사고,0,0,1,0,차대차 - 후진중충돌,안전운전불이행,젖음/습기,비,주차장 - 주차장,승용,남,27세,상해없음,승용,남,43세,경상
2017072300100379,2017년 7월 23일 19시,일요일,강원도 원주시 일산동,경상사고,0,0,2,0,차대차 - 측면충돌,안전운전불이행,젖음/습기,비,단일로 - 기타,승용,남,61세,상해없음,승용,남,42세,경상
2017072300100380,2017년 7월 23일 19시,일요일,강원도 철원군 갈말읍,중상사고,0,1,0,0,차대사람 - 기타,안전운전불이행,건조,맑음,단일로 - 기타,승용,남,42세,상해없음,보행자,남,50세,중상
2017072300100405,2017년 7월 23일 20시,일요일,강원도 춘천시 석사동,경상사고,0,0,1,0,차대차 - 기타,안전운전불이행,젖음/습기,맑음,단일로 - 기타,승용,남,53세,상해없음,이륜,남,16세,경상
2017072300100452,2017년 7월 23일 22시,일요일,강원도 춘천시 후평동,경상사고,0,0,1,0,차대차 - 기타,안전거리미확보,건조,맑음,기타 - 기타,승용,남,55세,상해없음,이륜,남,22세,경상
2017072300100453,2017년 7월 23일 22시,일요일,강원도 원주시 단구동,경상사고,0,0,3,0,차대차 - 측면충돌,교차로운행방법위반,건조,맑음,교차로 - 교차로안,승용,남,18세,상해없음,승용,남,65세,경상
2017072400100075,2017년 7월 24일 05시,월요일,강원도 원주시 단구동,중상사고,0,1,0,0,차대차 - 추돌,안전운전불이행,건조,맑음,교차로 - 교차로부근,승용,남,49세,상해없음,승용,남,48세,중상
2017072400100117,2017년 7월 24일 08시,월요일,강원도 원주시 중앙동,중상사고,0,1,0,0,차대차 - 측면충돌,안전운전불이행,건조,맑음,교차로 - 교차로안,승용,남,47세,상해없음,승용,남,40세,중상
2017072400100118,2017년 7월 24일 08시,월요일,강원도 속초시 교동,경상사고,0,0,1,0,차대사람 - 길가장자리구역통행중,안전운전불이행,젖음/습기,흐림,단일로 - 기타,승용,남,63세,상해없음,보행자,여,76세,경상
2017072400100119,2017년 7월 24일 08시,월요일,강원도 영월군 영월읍,경상사고,0,0,1,1,차대차 - 기타,안전운전불이행,젖음/습기,흐림,기타 - 기타,승용,여,32세,상해없음,이륜,남,38세,부상신고
2017072400100158,2017년 7월 24일 09시,월요일,강원도 춘천시 후평동,중상사고,0,1,0,0,차대사람 - 횡단중,보행자보호의무위반,건조,맑음,교차로 - 교차로횡단보도내,화물,남,41세,상해없음,보행자,여,80세,중상
2017072400100159,2017년 7월 24일 09시,월요일,강원도 춘천시 온의동,경상사고,0,0,2,0,차대차 - 측면충돌,중앙선침범,건조,맑음,단일로 - 기타,승용,남,55세,상해없음,화물,남,54세,경상
2017072400100160,2017년 7월 24일 09시,월요일,강원도 원주시 학성동,경상사고,0,0,1,0,차대차 - 측면충돌,안전운전불이행,건조,흐림,교차로 - 교차로부근,승합,남,54세,상해없음,승용,남,46세,경상
2017072400100273,2017년 7월 24일 13시,월요일,강원도 삼척시 남양동,경상사고,0,0,1,0,차대차 - 측면충돌,안전운전불이행,건조,맑음,교차로 - 교차로안,승용,남,69세,상해없음,승용,남,28세,경상
2017072400100303,2017년 7월 24일 14시,월요일,강원도 속초시 교동,경상사고,0,0,1,0,차대차 - 측면충돌,교차로운행방법위반,건조,흐림,교차로 - 교차로안,승용,남,58세,상해없음,화물,남,69세,경상
2017072400100335,2017년 7월 24일 15시,월요일,강원도 강릉시 옥계면,사망사고,1,0,0,0,차량단독 - 전도전복 - 전도,안전운전불이행,건조,흐림,단일로 - 기타,이륜,남,79세,사망,,,,
2017072400100336,2017년 7월 24일 15시,월요일,강원도 원주시 무실동,경상사고,0,0,1,0,차대차 - 측면충돌,안전운전불이행,젖음/습기,비,교차로 - 교차로부근,화물,남,60세,상해없음,화물,남,40세,경상
2017072400100337,2017년 7월 24일 15시,월요일,강원도 홍천군 홍천읍,중상사고,0,1,0,0,차대차 - 추돌,차로위반,젖음/습기,비,단일로 - 기타,화물,남,62세,상해없음,승용,여,42세,중상
2017072400100380,2017년 7월 24일 16시,월요일,강원도 춘천시 우두동,경상사고,0,0,3,0,차대차 - 추돌,안전거리미확보,건조,맑음,단일로 - 교량,화물,남,62세,상해없음,승용,여,37세,경상
2017072400100419,2017년 7월 24일 17시,월요일,강원도 원주시 단구동,경상사고,0,0,1,0,차대사람 - 횡단중,보행자보호의무위반,건조,흐림,교차로 - 교차로횡단보도내,승용,남,78세,상해없음,보행자,여,20세,경상
2017072400100420,2017년 7월 24일 17시,월요일,강원도 속초시 조양동,중상사고,0,1,0,0,차대사람 - 횡단중,보행자보호의무위반,건조,맑음,단일로 - 기타,승용,여,32세,상해없음,보행자,여,6세,중상
2017072400100459,2017년 7월 24일 18시,월요일,강원도 춘천시 후평동,경상사고,0,0,1,0,차대차 - 기타,안전운전불이행,건조,맑음,교차로 - 교차로안,승용,남,44세,상해없음,이륜,남,42세,경상
2017072400100460,2017년 7월 24일 18시,월요일,강원도 춘천시 서면,경상사고,0,0,6,0,차대차 - 추돌,안전운전불이행,젖음/습기,비,교차로 - 교차로부근,승용,여,51세,상해없음,화물,남,38세,경상
2017072400100461,2017년 7월 24일 18시,월요일,강원도 원주시 단구동,경상사고,0,0,1,0,차대차 - 측면충돌,신호위반,건조,맑음,교차로 - 교차로안,승용,남,35세,상해없음,승용,남,55세,경상
2017072400100480,2017년 7월 24일 19시,월요일,강원도 춘천시 근화동,경상사고,0,0,1,0,차대차 - 측면충돌,안전운전불이행,젖음/습기,비,단일로 - 기타,건설기계,남,53세,상해없음,승용,여,51세,경상
2017072400100504,2017년 7월 24일 20시,월요일,강원도 강릉시 유산동,중상사고,0,1,1,0,차대차 - 측면충돌,안전운전불이행,젖음/습기,비,단일로 - 기타,승용,여,49세,상해없음,승용,남,73세,경상
2017072400100536,2017년 7월 24일 21시,월요일,강원도 원주시 단구동,경상사고,0,0,2,0,차대차 - 정면충돌,안전운전불이행,젖음/습기,맑음,교차로 - 교차로안,승용,남,32세,상해없음,승용,여,25세,경상
2017072400100568,2017년 7월 24일 22시,월요일,강원도 강릉시 입암동,경상사고,0,0,1,0,차대차 - 측면충돌,안전운전불이행,젖음/습기,비,단일로 - 기타,승용,남,33세,상해없음,승용,여,43세,경상
2017072400100588,2017년 7월 24일 23시,월요일,강원도 강릉시 임당동,중상사고,0,1,0,0,차대차 - 측면충돌,안전운전불이행,젖음/습기,흐림,단일로 - 기타,승용,남,38세,상해없음,원동기,남,16세,중상
2017072500100059,2017년 7월 25일 04시,화요일,강원도 원주시 단계동,경상사고,0,0,1,0,차대사람 - 횡단중,불법유턴,건조,맑음,단일로 - 기타,승용,남,19세,상해없음,보행자,여,41세,경상
2017072500100135,2017년 7월 25일 08시,화요일,강원도 강릉시 포남동,경상사고,0,0,1,0,차대차 - 추돌,안전운전불이행,건조,맑음,교차로 - 교차로부근,화물,남,55세,상해없음,승용,남,41세,경상
2017072500100136,2017년 7월 25일 08시,화요일,강원도 강릉시 포남동,경상사고,0,0,1,0,차대차 - 측면충돌,안전운전불이행,젖음/습기,흐림,단일로 - 기타,승용,남,44세,상해없음,원동기,남,21세,경상
2017072500100137,2017년 7월 25일 08시,화요일,강원도 원주시 학성동,경상사고,0,0,3,0,차대차 - 측면충돌,안전운전불이행,건조,맑음,교차로 - 교차로안,승용,여,61세,상해없음,승용,남,50세,경상
2017072500100199,2017년 7월 25일 10시,화요일,강원도 춘천시 동내면,경상사고,0,0,1,0,차대차 - 정면충돌,신호위반,건조,맑음,교차로 - 교차로안,승용,남,56세,상해없음,화물,남,38세,경상
2017072500100226,2017년 7월 25일 11시,화요일,강원도 춘천시 동내면,경상사고,0,0,2,0,차대차 - 추돌,안전운전불이행,건조,맑음,단일로 - 기타,승용,여,42세,상해없음,승용,남,47세,경상
2017072500100227,2017년 7월 25일 11시,화요일,강원도 강릉시 성산면,경상사고,0,0,2,0,차대차 - 측면충돌,신호위반,건조,맑음,교차로 - 교차로안,승용,남,80세,상해없음,승용,남,75세,경상
2017072500100228,2017년 7월 25일 11시,화요일,강원도 강릉시 용강동,경상사고,0,0,2,0,차대차 - 측면충돌,신호위반,젖음/습기,비,교차로 - 교차로안,화물,남,53세,상해없음,승합,남,42세,경상
2017072500100253,2017년 7월 25일 12시,화요일,강원도 춘천시 후평동,경상사고,0,0,1,0,차대사람 - 횡단중,안전운전불이행,건조,맑음,교차로 - 교차로부근,승용,남,40세,상해없음,보행자,여,15세,경상
2017072500100288,2017년 7월 25일 13시,화요일,강원도 강릉시 사천면,경상사고,0,0,1,0,차대차 - 기타,안전운전불이행,건조,맑음,단일로 - 기타,화물,남,44세,상해없음,승용,남,45세,경상
2017072500100289,2017년 7월 25일 13시,화요일,강원도 평창군 봉평면,경상사고,0,0,6,0,차대차 - 측면충돌,안전운전불이행,건조,맑음,교차로 - 교차로안,승용,남,35세,경상,승용,남,35세,경상
2017072500100322,2017년 7월 25일 14시,화요일,강원도 원주시 단구동,경상사고,0,0,1,0,차대차 - 측면충돌,교차로운행방법위반,건조,맑음,교차로 - 교차로안,이륜,여,41세,상해없음,승용,여,66세,경상
2017072500100323,2017년 7월 25일 14시,화요일,강원도 고성군 거진읍,경상사고,0,0,1,0,차대사람 - 기타,안전운전불이행,건조,맑음,기타 - 기타,승용,남,46세,상해없음,보행자,남,52세,경상
2017072500100324,2017년 7월 25일 14시,화요일,강원도 철원군 동송읍,경상사고,0,0,1,0,차대차 - 측면충돌,안전운전불이행,건조,맑음,교차로 - 교차로부근,승용,여,55세,상해없음,자전거,여,8세,경상
2017072500100325,2017년 7월 25일 14시,화요일,강원도 동해시 천곡동,중상사고,0,1,0,0,차대사람 - 횡단중,안전운전불이행,건조,흐림,교차로 - 교차로부근,승용,남,32세,상해없음,보행자,남,7세,중상
2017072500100360,2017년 7월 25일 15시,화요일,강원도 춘천시 사북면,경상사고,0,0,1,0,차량단독 - 도로외이탈 - 기타,안전운전불이행,건조,맑음,단일로 - 기타,승용,남,74세,상해없음,,,,
2017072500100361,2017년 7월 25일 15시,화요일,강원도 강릉시 송정동,경상사고,0,0,1,0,차대차 - 측면충돌,신호위반,건조,맑음,교차로 - 교차로안,승용,남,54세,상해없음,승용,남,44세,경상
2017072500100446,2017년 7월 25일 17시,화요일,강원도 원주시 일산동,경상사고,0,0,1,0,차대차 - 측면충돌,신호위반,건조,맑음,교차로 - 교차로안,승용,여,46세,상해없음,이륜,남,43세,경상
2017072500100447,2017년 7월 25일 17시,화요일,강원도 화천군 사내면,중상사고,0,1,0,0,차대차 - 측면충돌,안전운전불이행,건조,맑음,단일로 - 기타,이륜,남,23세,상해없음,이륜,남,28세,중상
2017072500100487,2017년 7월 25일 18시,화요일,강원도 원주시 판부면,경상사고,0,0,3,0,차대차 - 측면충돌,안전운전불이행,건조,맑음,교차로 - 교차로안,승용,남,28세,경상,이륜,남,51세,경상
2017072500100488,2017년 7월 25일 18시,화요일,강원도 태백시 장성동,경상사고,0,0,1,1,차량단독 - 전도전복 - 전도,안전운전불이행,건조,맑음,단일로 - 기타,승용,남,33세,부상신고,,,,
2017072500100548,2017년 7월 25일 20시,화요일,강원도 원주시 가현동,경상사고,0,0,4,0,차대차 - 측면충돌,신호위반,건조,맑음,교차로 - 교차로안,화물,남,52세,상해없음,승용,남,46세,경상
2017072500100584,2017년 7월 25일 21시,화요일,강원도 춘천시 석사동,경상사고,0,0,1,0,차대사람 - 횡단중,안전운전불이행,건조,맑음,단일로 - 기타,승용,남,45세,상해없음,보행자,남,58세,경상
2017072500100585,2017년 7월 25일 21시,화요일,강원도 원주시 우산동,경상사고,0,0,3,0,차대차 - 측면충돌,신호위반,건조,맑음,교차로 - 교차로안,승용,남,25세,경상,승용,남,74세,경상
2017072600100038,2017년 7월 26일 01시,수요일,강원도 원주시 평원동,경상사고,0,0,3,0,차대차 - 기타,안전운전불이행,건조,맑음,단일로 - 기타,승용,남,18세,상해없음,승용,남,20세,경상
2017072600100129,2017년 7월 26일 08시,수요일,강원도 원주시 학성동,경상사고,0,0,1,0,차대차 - 측면충돌,기타,건조,맑음,교차로 - 교차로안,승용,남,56세,상해없음,화물,남,53세,경상
2017072600100130,2017년 7월 26일 08시,수요일,강원도 홍천군 홍천읍,경상사고,0,0,1,0,차대차 - 정면충돌,교차로운행방법위반,건조,맑음,교차로 - 교차로안,화물,남,63세,상해없음,승용,남,38세,경상
2017072600100173,2017년 7월 26일 09시,수요일,강원도 강릉시 유천동,중상사고,0,1,0,1,차대차 - 측면충돌,안전운전불이행,건조,맑음,교차로 - 교차로안,건설기계,남,56세,상해없음,승용,남,38세,상해없음
2017072600100174,2017년 7월 26일 09시,수요일,강원도 강릉시 연곡면,경상사고,0,0,3,0,차대차 - 정면충돌,안전운전불이행,건조,맑음,교차로 - 교차로안,승용,남,74세,상해없음,화물,남,61세,경상
2017072600100175,2017년 7월 26일 09시,수요일,강원도 홍천군 북방면,경상사고,0,0,1,0,차대차 - 정면충돌,교차로운행방법위반,건조,맑음,교차로 - 교차로안,승용,남,49세,상해없음,승용,남,71세,경상
2017072600100237,2017년 7월 26일 11시,수요일,강원도 강릉시 교동,경상사고,0,0,1,0,차대차 - 측면충돌,안전운전불이행,건조,맑음,교차로 - 교차로안,승용,남,56세,상해없음,승용,여,61세,경상
2017072600100238,2017년 7월 26일 11시,수요일,강원도 원주시 태장동,중상사고,0,1,0,0,차대사람 - 횡단중,안전운전불이행,건조,맑음,교차로 - 교차로횡단보도내,승용,남,47세,상해없음,보행자,남,85세,중상
2017072600100239,2017년 7월 26일 11시,수요일,강원도 영월군 중동면,부상신고사고,0,0,0,1,차대차 - 측면충돌,교차로운행방법위반,건조,맑음,교차로 - 교차로안,사륜오토바이(ATV),남,88세,상해없음,이륜,남,58세,부상신고
2017072600100274,2017년 7월 26일 12시,수요일,강원도 춘천시 소양로4가,중상사고,0,1,0,0,차대차 - 측면충돌,안전운전불이행,건조,맑음,교차로 - 교차로부근,자전거,남,80세,중상,승용,남,66세,상해없음
2017072600100275,2017년 7월 26일 12시,수요일,강원도 원주시 무실동,경상사고,0,0,1,0,차대차 - 추돌,안전운전불이행,건조,맑음,주차장 - 주차장,승용,남,85세,상해없음,승용,남,65세,경상
2017072600100301,2017년 7월 26일 13시,수요일,강원도 강릉시 포남동,경상사고,0,0,1,0,차대차 - 측면충돌,안전운전불이행,건조,맑음,단일로 - 기타,승합,남,46세,상해없음,자전거,남,81세,경상
2017072600100302,2017년 7월 26일 13시,수요일,강원도 홍천군 두촌면,중상사고,0,2,1,0,차량단독 - 전도전복 - 전도,안전운전불이행,건조,맑음,단일로 - 기타,승합,여,54세,중상,,,,
2017072600100303,2017년 7월 26일 13시,수요일,강원도 횡성군 횡성읍,중상사고,0,1,0,0,차대차 - 측면충돌,안전운전불이행,건조,맑음,교차로 - 교차로안,승용,남,29세,상해없음,사륜오토바이(ATV),남,77세,중상
2017072600100415,2017년 7월 26일 16시,수요일,강원도 강릉시 주문진읍,경상사고,0,0,4,0,차대차 - 측면충돌,신호위반,건조,맑음,교차로 - 교차로안,승용,남,35세,상해없음,승용,남,29세,경상
2017072600100416,2017년 7월 26일 16시,수요일,강원도 영월군 김삿갓면,사망사고,1,0,0,0,차대차 - 측면충돌,중앙선침범,건조,맑음,단일로 - 기타,화물,남,54세,사망,승용,남,64세,상해없음
2017072600100456,2017년 7월 26일 17시,수요일,강원도 원주시 명륜동,경상사고,0,0,1,0,차대차 - 측면충돌,안전운전불이행,건조,맑음,단일로 - 기타,승합,남,60세,상해없음,승용,남,65세,경상
2017072600100498,2017년 7월 26일 18시,수요일,강원도 강릉시 초당동,경상사고,0,0,1,0,차대차 - 추돌,중앙선침범,건조,맑음,단일로 - 기타,승용,남,18세,상해없음,승용,여,27세,경상
2017072600100537,2017년 7월 26일 19시,수요일,강원도 원주시 무실동,경상사고,0,0,4,0,차대차 - 측면충돌,안전운전불이행,건조,맑음,단일로 - 기타,승용,남,23세,상해없음,승용,남,19세,경상
2017072600100538,2017년 7월 26일 19시,수요일,강원도 원주시 우산동,경상사고,0,0,1,0,차대차 - 추돌,안전운전불이행,건조,맑음,교차로 - 교차로부근,승용,남,57세,상해없음,승용,남,54세,상해없음
2017072600100569,2017년 7월 26일 20시,수요일,강원도 원주시 행구동,경상사고,0,0,3,0,차대차 - 추돌,안전운전불이행,건조,맑음,교차로 - 교차로부근,승용,남,39세,기타불명,화물,남,36세,경상
2017072600100603,2017년 7월 26일 21시,수요일,강원도 강릉시 옥계면,경상사고,0,0,1,0,차대사람 - 횡단중,안전운전불이행,건조,흐림,단일로 - 기타,화물,남,68세,상해없음,보행자,여,53세,경상
2017072600100637,2017년 7월 26일 22시,수요일,강원도 속초시 조양동,중상사고,0,1,1,0,차대차 - 측면충돌,안전운전불이행,건조,맑음,교차로 - 교차로안,이륜,남,18세,상해없음,승용,남,43세,중상
2017072600100665,2017년 7월 26일 23시,수요일,강원도 강릉시 포남동,중상사고,0,1,0,0,차대사람 - 횡단중,보행자보호의무위반,젖음/습기,맑음,교차로 - 교차로안,화물,남,40세,상해없음,보행자,남,35세,중상
2017072600100666,2017년 7월 26일 23시,수요일,강원도 강릉시 사천면,사망사고,1,0,0,0,차대사람 - 횡단중,안전운전불이행,건조,맑음,교차로 - 교차로부근,승용,남,46세,상해없음,보행자,남,78세,사망
2017072600100667,2017년 7월 26일 23시,수요일,강원도 원주시 단계동,경상사고,0,0,1,0,차대차 - 추돌,안전운전불이행,건조,맑음,단일로 - 기타,승용,남,42세,상해없음,승용,여,21세,경상
2017072700100036,2017년 7월 27일 00시,목요일,강원도 삼척시 남양동,중상사고,0,1,3,0,차대차 - 측면충돌,신호위반,건조,맑음,교차로 - 교차로안,승용,남,28세,중상,승용,여,47세,경상
2017072700100058,2017년 7월 27일 01시,목요일,강원도 철원군 철원읍,중상사고,0,1,1,0,차대차 - 추돌,안전운전불이행,건조,맑음,단일로 - 기타,승용,남,36세,경상,화물,남,53세,중상
2017072700100078,2017년 7월 27일 04시,목요일,강원도 횡성군 횡성읍,부상신고사고,0,0,0,1,차대차 - 측면충돌,안전운전불이행,건조,맑음,교차로 - 교차로안,승용,여,56세,상해없음,이륜,남,51세,부상신고
2017072700100092,2017년 7월 27일 06시,목요일,강원도 원주시 무실동,경상사고,0,0,1,0,차대차 - 추돌,안전운전불이행,건조,맑음,교차로 - 교차로부근,승용,남,53세,상해없음,승용,여,54세,경상
2017072700100140,2017년 7월 27일 08시,목요일,강원도 춘천시 사북면,경상사고,0,0,4,0,차대차 - 기타,중앙선침범,건조,맑음,단일로 - 기타,승용,남,21세,상해없음,승합,남,57세,경상
2017072700100141,2017년 7월 27일 08시,목요일,강원도 강릉시 송정동,경상사고,0,0,2,0,차대차 - 추돌,안전운전불이행,건조,맑음,교차로 - 교차로부근,특수,남,32세,상해없음,화물,남,53세,경상
2017072700100142,2017년 7월 27일 08시,목요일,강원도 횡성군 횡성읍,경상사고,0,0,4,0,차대차 - 측면충돌,안전운전불이행,건조,맑음,교차로 - 교차로부근,승용,남,34세,경상,승용,남,40세,경상
2017072700100143,2017년 7월 27일 08시,목요일,강원도 양구군 동면,경상사고,0,0,1,0,차대차 - 측면충돌,안전운전불이행,건조,맑음,단일로 - 기타,화물,남,44세,상해없음,화물,남,43세,상해없음
2017072700100293,2017년 7월 27일 13시,목요일,강원도 속초시 교동,경상사고,0,0,1,0,차대차 - 측면충돌,신호위반,건조,맑음,교차로 - 교차로안,승용,여,28세,상해없음,승합,남,52세,경상
2017072700100325,2017년 7월 27일 14시,목요일,강원도 강릉시 연곡면,경상사고,0,0,1,0,차대차 - 추돌,안전운전불이행,건조,맑음,단일로 - 기타,승용,여,47세,상해없음,승용,남,63세,상해없음
2017072700100326,2017년 7월 27일 14시,목요일,강원도 원주시 흥업면,경상사고,0,0,1,0,차대차 - 측면충돌,중앙선침범,건조,맑음,단일로 - 기타,건설기계,남,54세,상해없음,승용,여,52세,경상
2017072700100327,2017년 7월 27일 14시,목요일,강원도 원주시 무실동,부상신고사고,0,0,0,1,차대사람 - 횡단중,안전운전불이행,건조,맑음,교차로 - 교차로안,기타불명,기타불명,미분류,기타불명,보행자,남,43세,부상신고
2017072700100328,2017년 7월 27일 14시,목요일,강원도 영월군 영월읍,중상사고,0,1,2,0,차대차 - 정면충돌,중앙선침범,건조,맑음,단일로 - 기타,이륜,남,63세,중상,승용,남,75세,경상
2017072700100329,2017년 7월 27일 14시,목요일,강원도 홍천군 북방면,경상사고,0,0,1,0,차대차 - 측면충돌,직진우회전진행방해,건조,맑음,교차로 - 교차로안,승용,여,21세,상해없음,화물,남,49세,경상
2017072700100366,2017년 7월 27일 15시,목요일,강원도 원주시 단계동,경상사고,0,0,1,0,차대차 - 측면충돌,신호위반,건조,맑음,교차로 - 교차로안,승용,여,43세,상해없음,승용,남,54세,경상
2017072700100367,2017년 7월 27일 15시,목요일,강원도 속초시 조양동,경상사고,0,0,1,0,차대사람 - 횡단중,보행자보호의무위반,건조,맑음,교차로 - 교차로부근,승용,여,39세,상해없음,보행자,남,9세,경상
2017072700100408,2017년 7월 27일 16시,목요일,강원도 홍천군 서면,중상사고,0,1,5,2,차대차 - 추돌,안전운전불이행,건조,맑음,단일로 - 교량,화물,남,60세,중상,화물,여,36세,경상
2017072700100449,2017년 7월 27일 17시,목요일,강원도 홍천군 서면,경상사고,0,0,1,0,차량단독 - 전도전복 - 전도,안전운전불이행,건조,맑음,단일로 - 기타,승용,여,48세,상해없음,,,,
2017072700100497,2017년 7월 27일 18시,목요일,강원도 춘천시 신북읍,경상사고,0,0,2,0,차대차 - 측면충돌,직진우회전진행방해,건조,맑음,교차로 - 교차로안,승용,여,23세,경상,승용,여,25세,경상
2017072700100498,2017년 7월 27일 18시,목요일,강원도 춘천시 효자동,경상사고,0,0,1,0,차대차 - 추돌,안전운전불이행,건조,맑음,교차로 - 교차로부근,승용,남,58세,상해없음,승용,여,40세,경상
2017072700100499,2017년 7월 27일 18시,목요일,강원도 원주시 지정면,중상사고,0,2,0,0,차대차 - 측면충돌,직진우회전진행방해,건조,맑음,교차로 - 교차로안,승용,남,31세,상해없음,승용,남,64세,중상
2017072700100500,2017년 7월 27일 18시,목요일,강원도 철원군 갈말읍,중상사고,0,1,0,0,차대사람 - 차도통행중,안전운전불이행,건조,맑음,단일로 - 기타,승용,남,21세,상해없음,보행자,남,51세,중상
2017072700100554,2017년 7월 27일 20시,목요일,강원도 춘천시 석사동,경상사고,0,0,1,0,차대차 - 측면충돌,신호위반,젖음/습기,비,교차로 - 교차로안,승용,여,55세,상해없음,승용,남,40세,경상
2017072700100555,2017년 7월 27일 20시,목요일,강원도 강릉시 연곡면,중상사고,0,1,0,0,차대사람 - 횡단중,안전운전불이행,건조,맑음,교차로 - 교차로부근,화물,남,42세,상해없음,보행자,여,31세,중상
2017072700100556,2017년 7월 27일 20시,목요일,강원도 정선군 사북읍,경상사고,0,0,2,0,차대차 - 후진중충돌,안전운전불이행,건조,맑음,교차로 - 교차로안,승용,남,34세,상해없음,승용,남,44세,경상
2017072700100582,2017년 7월 27일 21시,목요일,강원도 원주시 개운동,경상사고,0,0,1,0,차대차 - 측면충돌,교차로운행방법위반,건조,맑음,교차로 - 교차로부근,승용,남,34세,상해없음,승용,여,61세,경상
2017072700100645,2017년 7월 27일 23시,목요일,강원도 춘천시 퇴계동,경상사고,0,0,3,0,차대차 - 추돌,안전운전불이행,젖음/습기,비,교차로 - 교차로부근,승용,남,62세,상해없음,승합,남,42세,경상
2017072700100646,2017년 7월 27일 23시,목요일,강원도 원주시 소초면,경상사고,0,0,1,0,차대차 - 추돌,안전거리미확보,건조,맑음,단일로 - 기타,승용,남,48세,상해없음,승용,남,56세,경상
2017072700100647,2017년 7월 27일 23시,목요일,강원도 횡성군 횡성읍,중상사고,0,1,0,0,차대차 - 정면충돌,중앙선침범,건조,맑음,단일로 - 기타,승용,남,45세,상해없음,승용,남,29세,중상
2017072800100057,2017년 7월 28일 01시,금요일,강원도 원주시 단계동,경상사고,0,0,1,0,차대차 - 기타,안전운전불이행,건조,맑음,단일로 - 기타,승용,남,27세,상해없음,승용,남,50세,경상
2017072800100082,2017년 7월 28일 04시,금요일,강원도 춘천시 효자동,중상사고,0,1,0,0,차대사람 - 횡단중,안전운전불이행,젖음/습기,비,교차로 - 교차로부근,승용,남,74세,상해없음,보행자,여,80세,중상
2017072800100083,2017년 7월 28일 04시,금요일,강원도 원주시 단구동,중상사고,0,1,0,0,차대사람 - 기타,안전운전불이행,건조,맑음,단일로 - 기타,승합,남,59세,상해없음,보행자,남,43세,중상
2017072800100096,2017년 7월 28일 05시,금요일,강원도 속초시 조양동,중상사고,0,2,3,0,차대차 - 측면충돌,안전운전불이행,젖음/습기,비,단일로 - 기타,승용,남,37세,상해없음,승합,남,35세,중상
2017072800100111,2017년 7월 28일 06시,금요일,강원도 원주시 중앙동,경상사고,0,0,1,0,차대차 - 측면충돌,신호위반,건조,맑음,교차로 - 교차로안,승용,남,50세,상해없음,승용,남,28세,경상
2017072800100131,2017년 7월 28일 07시,금요일,강원도 강릉시 교동,중상사고,0,1,0,0,차대차 - 측면충돌,안전운전불이행,건조,맑음,교차로 - 교차로부근,승용,남,79세,상해없음,자전거,여,21세,중상
2017072800100132,2017년 7월 28일 07시,금요일,강원도 강릉시 청량동,경상사고,0,0,1,0,차대차 - 추돌,안전운전불이행,건조,맑음,단일로 - 기타,승용,남,27세,상해없음,승용,여,46세,경상
2017072800100133,2017년 7월 28일 07시,금요일,강원도 삼척시 원덕읍,경상사고,0,0,1,0,차대차 - 정면충돌,안전운전불이행,건조,맑음,교차로 - 교차로안,승용,남,51세,상해없음,자전거,남,62세,경상
2017072800100159,2017년 7월 28일 08시,금요일,강원도 춘천시 퇴계동,경상사고,0,0,1,0,차대차 - 측면충돌,안전운전불이행,젖음/습기,비,단일로 - 기타,승용,남,75세,상해없음,승용,여,56세,경상
2017072800100160,2017년 7월 28일 08시,금요일,강원도 춘천시 교동,경상사고,0,0,1,0,차대사람 - 횡단중,보행자보호의무위반,건조,맑음,교차로 - 교차로안,승용,여,67세,상해없음,보행자,여,34세,경상
2017072800100161,2017년 7월 28일 08시,금요일,강원도 철원군 갈말읍,경상사고,0,0,3,0,차대차 - 추돌,안전운전불이행,젖음/습기,비,교차로 - 교차로부근,화물,남,22세,경상,승용,남,49세,경상