사고번호,사고일시,요일,시군구,사고내용,사망자수,중상자수,경상자수,부상신고자수,사고유형,법규위반,노면상태,기상상태,도로형태,가해운전자 차종,가해운전자 성별,가해운전자 연령,가해운전자 상해정도,피해운전자 차종,피해운전자 성별,피해운전자 연령,피해운전자 상해정도
2017072800100216,2017년 7월 28일 10시,금요일,강원도 춘천시 후평동,경상사고,0,0,1,0,차대차 - 측면충돌,안전거리미확보,건조,맑음,단일로 - 기타,승용,여,34세,상해없음,승용,남,36세,경상
2017072800100217,2017년 7월 28일 10시,금요일,강원도 강릉시 강동면,경상사고,0,0,5,0,차대차 - 추돌,안전거리미확보,건조,맑음,교차로 - 교차로부근,승용,여,47세,상해없음,승용,남,45세,경상
2017072800100271,2017년 7월 28일 12시,금요일,강원도 원주시 판부면,중상사고,0,2,0,0,차대차 - 측면충돌,중앙선침범,젖음/습기,비,단일로 - 기타,승용,남,57세,상해없음,특수,남,40세,중상
2017072800100272,2017년 7월 28일 12시,금요일,강원도 홍천군 홍천읍,경상사고,0,0,1,0,차대차 - 측면충돌,안전운전불이행,건조,맑음,단일로 - 기타,승용,남,32세,상해없음,이륜,남,23세,경상
2017072800100303,2017년 7월 28일 13시,금요일,강원도 춘천시 후평동,중상사고,0,1,0,0,차대차 - 측면충돌,직진우회전진행방해,건조,흐림,교차로 - 교차로안,화물,남,47세,상해없음,승용,여,61세,중상
2017072800100304,2017년 7월 28일 13시,금요일,강원도 태백시 황지동,중상사고,0,2,1,0,차대차 - 측면충돌,안전거리미확보,젖음/습기,비,단일로 - 기타,승용,남,52세,상해없음,승용,남,56세,상해없음
2017072800100334,2017년 7월 28일 14시,금요일,강원도 원주시 흥업면,경상사고,0,0,1,0,차대차 - 측면충돌,신호위반,건조,맑음,교차로 - 교차로안,승용,남,60세,상해없음,승용,여,50세,경상
2017072800100335,2017년 7월 28일 14시,금요일,강원도 원주시 단구동,경상사고,0,0,1,0,차대차 - 측면충돌,안전거리미확보,젖음/습기,흐림,교차로 - 교차로부근,승용,남,59세,상해없음,승용,남,49세,경상
2017072800100336,2017년 7월 28일 14시,금요일,강원도 양양군 양양읍,중상사고,0,1,0,0,차대사람 - 횡단중,안전운전불이행,건조,맑음,단일로 - 기타,승용,남,50세,상해없음,보행자,남,9세,중상
2017072800100337,2017년 7월 28일 14시,금요일,강원도 인제군 기린면,중상사고,0,1,0,0,차대사람 - 횡단중,안전운전불이행,건조,맑음,단일로 - 기타,승용,여,62세,상해없음,보행자,여,49세,중상
2017072800100338,2017년 7월 28일 14시,금요일,강원도 동해시 송정동,중상사고,0,1,0,0,차대차 - 측면충돌,신호위반,건조,맑음,교차로 - 교차로안,사륜오토바이(ATV),남,76세,중상,건설기계,남,53세,상해없음
2017072800100367,2017년 7월 28일 15시,금요일,강원도 춘천시 후평동,경상사고,0,0,1,0,차대차 - 추돌,안전운전불이행,건조,맑음,단일로 - 기타,승용,남,23세,상해없음,승용,여,54세,경상
2017072800100368,2017년 7월 28일 15시,금요일,강원도 강릉시 임당동,부상신고사고,0,0,0,1,차대사람 - 횡단중,안전운전불이행,건조,맑음,단일로 - 기타,승합,남,56세,상해없음,보행자,여,64세,부상신고
2017072800100369,2017년 7월 28일 15시,금요일,강원도 삼척시 남양동,경상사고,0,0,1,0,차대차 - 추돌,안전거리미확보,건조,맑음,교차로 - 교차로안,승용,남,61세,상해없음,승용,남,41세,경상
2017072800100370,2017년 7월 28일 15시,금요일,강원도 동해시 송정동,경상사고,0,0,2,0,차대차 - 측면충돌,직진우회전진행방해,건조,맑음,교차로 - 교차로안,승용,남,53세,상해없음,승용,여,32세,경상
2017072800100402,2017년 7월 28일 16시,금요일,강원도 원주시 단계동,경상사고,0,0,1,0,차대차 - 측면충돌,안전운전불이행,건조,맑음,단일로 - 기타,승용,남,30세,상해없음,승용,남,45세,경상
2017072800100438,2017년 7월 28일 17시,금요일,강원도 춘천시 후평동,경상사고,0,0,1,0,차대차 - 후진중충돌,안전운전불이행,건조,맑음,교차로 - 교차로부근,승용,남,56세,상해없음,이륜,남,31세,경상
2017072800100439,2017년 7월 28일 17시,금요일,강원도 강릉시 연곡면,중상사고,0,2,1,0,차대차 - 정면충돌,안전운전불이행,건조,맑음,교차로 - 교차로안,화물,남,72세,상해없음,승용,남,54세,중상
2017072800100440,2017년 7월 28일 17시,금요일,강원도 원주시 소초면,경상사고,0,0,2,0,차대차 - 측면충돌,안전운전불이행,건조,맑음,교차로 - 교차로안,승용,남,33세,상해없음,화물,남,65세,경상
2017072800100441,2017년 7월 28일 17시,금요일,강원도 화천군 사내면,중상사고,0,1,0,0,차대차 - 정면충돌,중앙선침범,젖음/습기,비,단일로 - 기타,승합,남,62세,상해없음,화물,남,46세,중상
2017072800100442,2017년 7월 28일 17시,금요일,강원도 횡성군 둔내면,사망사고,1,0,0,0,차대사람 - 길가장자리구역통행중,안전운전불이행,건조,흐림,단일로 - 기타,승합,남,70세,상해없음,보행자,여,71세,사망
2017072800100482,2017년 7월 28일 18시,금요일,강원도 평창군 대화면,경상사고,0,0,1,0,차대차 - 측면충돌,안전운전불이행,건조,맑음,교차로 - 교차로안,승용,남,62세,상해없음,화물,여,45세,경상
2017072800100549,2017년 7월 28일 20시,금요일,강원도 철원군 동송읍,경상사고,0,0,1,0,차대차 - 측면충돌,안전운전불이행,건조,흐림,교차로 - 교차로안,승용,남,53세,상해없음,승용,남,64세,경상
2017072800100602,2017년 7월 28일 21시,금요일,강원도 원주시 반곡동,경상사고,0,0,1,0,차대차 - 측면충돌,신호위반,건조,맑음,교차로 - 교차로안,승용,남,28세,상해없음,승용,여,57세,경상
2017072800100603,2017년 7월 28일 21시,금요일,강원도 원주시 단구동,중상사고,0,2,0,0,차대차 - 측면충돌,신호위반,건조,맑음,교차로 - 교차로안,승용,남,39세,상해없음,승용,남,59세,중상
2017072800100634,2017년 7월 28일 22시,금요일,강원도 강릉시 포남동,중상사고,0,1,0,0,차대사람 - 횡단중,보행자보호의무위반,건조,맑음,교차로 - 교차로횡단보도내,승용,남,57세,상해없음,보행자,여,45세,중상
2017072800100668,2017년 7월 28일 23시,금요일,강원도 양양군 양양읍,경상사고,0,0,2,0,차대차 - 측면충돌,교차로운행방법위반,젖음/습기,비,교차로 - 교차로안,승용,여,41세,상해없음,승합,남,45세,경상
2017072900100024,2017년 7월 29일 00시,토요일,강원도 춘천시 효자동,경상사고,0,0,4,0,차대차 - 측면충돌,직진우회전진행방해,건조,맑음,교차로 - 교차로안,승용,남,17세,상해없음,승용,남,55세,경상
2017072900100025,2017년 7월 29일 00시,토요일,강원도 강릉시 홍제동,경상사고,0,0,1,0,차대차 - 측면충돌,안전운전불이행,건조,맑음,단일로 - 기타,승용,여,47세,상해없음,승용,남,55세,경상
2017072900100162,2017년 7월 29일 08시,토요일,강원도 정선군 정선읍,경상사고,0,0,2,0,차대차 - 측면충돌,중앙선침범,젖음/습기,비,단일로 - 기타,화물,남,46세,상해없음,승용,남,43세,경상
2017072900100191,2017년 7월 29일 09시,토요일,강원도 원주시 학성동,사망사고,1,0,0,0,차대사람 - 기타,안전운전불이행,건조,맑음,단일로 - 기타,승용,여,34세,상해없음,보행자,여,77세,사망
2017072900100192,2017년 7월 29일 09시,토요일,강원도 홍천군 내촌면,중상사고,0,1,0,0,차량단독 - 전도전복 - 전도,안전운전불이행,젖음/습기,맑음,단일로 - 기타,농기계,남,76세,상해없음,,,,
2017072900100212,2017년 7월 29일 10시,토요일,강원도 강릉시 강동면,중상사고,0,1,0,0,차대사람 - 횡단중,안전운전불이행,건조,맑음,단일로 - 기타,승용,여,50세,상해없음,보행자,남,67세,중상
2017072900100213,2017년 7월 29일 10시,토요일,강원도 정선군 신동읍,경상사고,0,0,2,0,차대차 - 측면충돌,안전운전불이행,건조,맑음,교차로 - 교차로안,승용,남,69세,상해없음,승용,남,42세,상해없음
2017072900100274,2017년 7월 29일 12시,토요일,강원도 영월군 김삿갓면,경상사고,0,0,1,0,차대사람 - 횡단중,안전운전불이행,건조,맑음,단일로 - 기타,화물,남,69세,상해없음,보행자,남,8세,경상
2017072900100311,2017년 7월 29일 13시,토요일,강원도 춘천시 후평동,경상사고,0,0,1,0,차대차 - 정면충돌,중앙선침범,건조,맑음,단일로 - 기타,승용,남,18세,상해없음,화물,남,62세,경상
2017072900100312,2017년 7월 29일 13시,토요일,강원도 홍천군 화촌면,경상사고,0,0,3,0,차대차 - 정면충돌,안전거리미확보,건조,맑음,단일로 - 기타,승용,남,23세,상해없음,승용,남,22세,경상
2017072900100343,2017년 7월 29일 14시,토요일,강원도 춘천시 신북읍,중상사고,0,1,0,0,차대차 - 측면충돌,차로위반,건조,맑음,교차로 - 교차로부근,자전거,남,74세,중상,승용,남,23세,상해없음
2017072900100344,2017년 7월 29일 14시,토요일,강원도 원주시 단계동,경상사고,0,0,1,0,차대차 - 측면충돌,안전운전불이행,건조,맑음,교차로 - 교차로부근,승합,남,54세,상해없음,승용,여,53세,경상
2017072900100345,2017년 7월 29일 14시,토요일,강원도 영월군 주천면,부상신고사고,0,0,0,3,차대차 - 측면충돌,교차로운행방법위반,건조,흐림,교차로 - 교차로안,승용,남,21세,부상신고,승용,남,69세,부상신고
2017072900100378,2017년 7월 29일 15시,토요일,강원도 강릉시 왕산면,경상사고,0,0,4,0,차대차 - 측면충돌,안전운전불이행,건조,맑음,교차로 - 교차로안,승용,남,54세,상해없음,승용,남,62세,경상
2017072900100451,2017년 7월 29일 17시,토요일,강원도 춘천시 후평동,경상사고,0,0,2,0,차대차 - 측면충돌,교차로운행방법위반,건조,맑음,교차로 - 교차로안,승용,남,53세,상해없음,승용,남,33세,경상
2017072900100452,2017년 7월 29일 17시,토요일,강원도 속초시 영랑동,경상사고,0,0,3,0,차대차 - 측면충돌,안전운전불이행,건조,맑음,단일로 - 기타,화물,남,31세,상해없음,승용,남,57세,경상
2017072900100486,2017년 7월 29일 18시,토요일,강원도 홍천군 서면,경상사고,0,0,2,0,차대차 - 측면충돌,직진우회전진행방해,건조,맑음,교차로 - 교차로안,승용,남,34세,경상,화물,남,63세,기타불명
2017072900100487,2017년 7월 29일 18시,토요일,강원도 동해시 망상동,경상사고,0,0,1,0,차대사람 - 횡단중,안전운전불이행,건조,맑음,단일로 - 기타,자전거,남,21세,상해없음,보행자,여,73세,경상
2017072900100528,2017년 7월 29일 19시,토요일,강원도 원주시 태장동,경상사고,0,0,1,0,차대차 - 측면충돌,안전운전불이행,건조,맑음,교차로 - 교차로안,승용,남,54세,상해없음,승용,여,69세,경상
2017072900100529,2017년 7월 29일 19시,토요일,강원도 동해시 천곡동,경상사고,0,0,3,0,차대차 - 측면충돌,교차로운행방법위반,건조,맑음,교차로 - 교차로안,승용,남,55세,상해없음,승용,남,57세,경상
2017072900100554,2017년 7월 29일 20시,토요일,강원도 강릉시 포남동,중상사고,0,1,0,0,차대사람 - 차도통행중,안전운전불이행,건조,맑음,단일로 - 기타,승용,여,32세,상해없음,보행자,남,50세,중상
2017072900100555,2017년 7월 29일 20시,토요일,강원도 홍천군 서면,중상사고,0,2,2,0,차대차 - 기타,중앙선침범,건조,맑음,단일로 - 기타,승용,여,48세,상해없음,승용,남,39세,중상
2017072900100556,2017년 7월 29일 20시,토요일,강원도 홍천군 홍천읍,경상사고,0,0,1,0,차대차 - 기타,교차로운행방법위반,건조,맑음,교차로 - 교차로안,화물,남,43세,상해없음,이륜,남,32세,경상
2017072900100571,2017년 7월 29일 21시,토요일,강원도 춘천시 석사동,경상사고,0,0,1,0,차대차 - 측면충돌,안전운전불이행,건조,맑음,단일로 - 기타,승용,남,21세,상해없음,승용,남,59세,경상
2017072900100572,2017년 7월 29일 21시,토요일,강원도 춘천시 석사동,경상사고,0,0,1,0,차대차 - 정면충돌,중앙선침범,건조,맑음,단일로 - 기타,승용,여,36세,상해없음,이륜,남,25세,경상
2017072900100573,2017년 7월 29일 21시,토요일,강원도 춘천시 퇴계동,경상사고,0,0,1,0,차대차 - 측면충돌,안전운전불이행,건조,맑음,단일로 - 기타,승용,여,48세,상해없음,승용,남,56세,경상
2017072900100574,2017년 7월 29일 21시,토요일,강원도 홍천군 홍천읍,중상사고,0,1,0,0,차대사람 - 횡단중,보행자보호의무위반,건조,맑음,단일로 - 기타,승용,남,48세,상해없음,보행자,여,78세,중상
2017072900100616,2017년 7월 29일 23시,토요일,강원도 원주시 호저면,경상사고,0,0,2,0,차대차 - 측면충돌,신호위반,건조,맑음,교차로 - 교차로안,승용,남,60세,상해없음,화물,남,37세,경상
2017073000100068,2017년 7월 30일 03시,일요일,강원도 강릉시 입암동,사망사고,1,0,0,0,차대사람 - 기타,안전운전불이행,건조,맑음,교차로 - 교차로횡단보도내,승용,여,51세,상해없음,보행자,남,43세,사망
2017073000100069,2017년 7월 30일 03시,일요일,강원도 정선군 임계면,중상사고,0,2,0,0,차량단독 - 전도전복 - 전도,안전운전불이행,건조,흐림,단일로 - 기타,화물,남,59세,상해없음,,,,
2017073000100190,2017년 7월 30일 12시,일요일,강원도 춘천시 동내면,경상사고,0,0,1,0,차대차 - 측면충돌,신호위반,건조,맑음,교차로 - 교차로부근,자전거,남,19세,경상,승용,남,39세,상해없음
2017073000100208,2017년 7월 30일 13시,일요일,강원도 삼척시 근덕면,경상사고,0,0,4,0,차대차 - 측면충돌,안전운전불이행,건조,맑음,교차로 - 교차로안,승용,남,36세,상해없음,승용,남,56세,경상
2017073000100230,2017년 7월 30일 14시,일요일,강원도 강릉시 옥천동,경상사고,0,0,1,0,차대차 - 측면충돌,안전운전불이행,건조,맑음,교차로 - 교차로안,승용,남,27세,상해없음,승용,남,30세,경상
2017073000100231,2017년 7월 30일 14시,일요일,강원도 원주시 가현동,사망사고,1,0,2,2,차대차 - 측면충돌,안전운전불이행,건조,맑음,교차로 - 교차로안,승용,남,76세,상해없음,화물,남,59세,경상
2017073000100256,2017년 7월 30일 15시,일요일,강원도 평창군 용평면,경상사고,0,0,1,0,차대차 - 기타,안전운전불이행,건조,맑음,단일로 - 기타,승용,여,43세,상해없음,승용,남,64세,상해없음
2017073000100257,2017년 7월 30일 15시,일요일,강원도 횡성군 둔내면,중상사고,0,1,0,0,차대차 - 측면충돌,안전운전불이행,건조,맑음,단일로 - 기타,승합,남,41세,상해없음,이륜,남,35세,중상
2017073000100281,2017년 7월 30일 16시,일요일,강원도 영월군 영월읍,중상사고,0,2,0,8,차대차 - 추돌,안전운전불이행,건조,맑음,단일로 - 터널,승용,여,29세,상해없음,승용,남,46세,부상신고
2017073000100282,2017년 7월 30일 16시,일요일,강원도 동해시 천곡동,경상사고,0,0,1,0,차대차 - 측면충돌,직진우회전진행방해,건조,맑음,교차로 - 교차로안,승용,남,23세,상해없음,승용,여,58세,경상
2017073000100306,2017년 7월 30일 17시,일요일,강원도 속초시 장사동,중상사고,0,2,0,0,차대차 - 추돌,안전운전불이행,건조,맑음,단일로 - 기타,승용,남,48세,상해없음,화물,남,57세,중상
2017073000100307,2017년 7월 30일 17시,일요일,강원도 삼척시 근덕면,경상사고,0,0,1,0,차대차 - 측면충돌,안전운전불이행,건조,맑음,단일로 - 기타,화물,남,59세,상해없음,승용,남,24세,상해없음
2017073000100308,2017년 7월 30일 17시,일요일,강원도 횡성군 강림면,경상사고,0,0,2,0,차대차 - 추돌,안전운전불이행,건조,맑음,단일로 - 기타,승용,남,55세,상해없음,승용,남,62세,경상
2017073000100361,2017년 7월 30일 19시,일요일,강원도 춘천시 남산면,경상사고,0,0,2,0,차대차 - 측면충돌,안전운전불이행,건조,맑음,단일로 - 기타,사륜오토바이(ATV),여,23세,상해없음,사륜오토바이(ATV),여,25세,경상
2017073000100362,2017년 7월 30일 19시,일요일,강원도 강릉시 안현동,경상사고,0,0,1,0,차대사람 - 횡단중,안전운전불이행,건조,맑음,단일로 - 기타,승용,여,19세,상해없음,보행자,남,46세,경상
2017073000100392,2017년 7월 30일 20시,일요일,강원도 원주시 개운동,경상사고,0,0,1,0,차대차 - 측면충돌,안전운전불이행,건조,맑음,단일로 - 기타,승용,남,73세,상해없음,이륜,남,30세,경상
2017073000100393,2017년 7월 30일 20시,일요일,강원도 원주시 명륜동,경상사고,0,0,2,0,차대차 - 측면충돌,교차로운행방법위반,건조,맑음,단일로 - 기타,승용,남,39세,상해없음,승용,여,23세,경상
2017073000100437,2017년 7월 30일 22시,일요일,강원도 강릉시 포남동,경상사고,0,0,1,0,차대차 - 추돌,안전운전불이행,건조,흐림,교차로 - 교차로부근,승용,남,52세,상해없음,승용,남,59세,경상
2017073000100453,2017년 7월 30일 23시,일요일,강원도 원주시 평원동,경상사고,0,0,1,0,차대차 - 측면충돌,신호위반,건조,맑음,교차로 - 교차로안,이륜,남,67세,상해없음,승용,남,56세,경상
2017073100100066,2017년 7월 31일 06시,월요일,강원도 동해시 발한동,사망사고,1,0,0,0,차대사람 - 횡단중,안전운전불이행,건조,맑음,교차로 - 교차로안,승용,여,59세,상해없음,보행자,여,83세,사망
2017073100100100,2017년 7월 31일 08시,월요일,강원도 원주시 개운동,경상사고,0,0,1,0,차대차 - 측면충돌,안전운전불이행,건조,맑음,교차로 - 교차로부근,승합,남,30세,상해없음,승합,남,48세,상해없음
2017073100100130,2017년 7월 31일 09시,월요일,강원도 원주시 봉산동,중상사고,0,3,1,1,차대차 - 측면충돌,중앙선침범,건조,맑음,교차로 - 교차로부근,승합,남,70세,부상신고,승용,남,59세,경상
2017073100100131,2017년 7월 31일 09시,월요일,강원도 속초시 청호동,경상사고,0,0,1,0,차대차 - 측면충돌,신호위반,건조,흐림,교차로 - 교차로안,승용,남,74세,상해없음,화물,여,58세,경상
2017073100100132,2017년 7월 31일 09시,월요일,강원도 홍천군 화촌면,중상사고,0,2,0,0,차대차 - 측면충돌,안전운전불이행,젖음/습기,비,단일로 - 기타,승합,남,49세,상해없음,승용,남,66세,중상
2017073100100149,2017년 7월 31일 10시,월요일,강원도 속초시 교동,경상사고,0,0,1,0,차대차 - 기타,안전운전불이행,건조,맑음,교차로 - 교차로부근,화물,남,46세,상해없음,자전거,남,56세,경상
2017073100100192,2017년 7월 31일 11시,월요일,강원도 강릉시 왕산면,중상사고,0,1,0,0,차대차 - 정면충돌,중앙선침범,젖음/습기,비,단일로 - 기타,화물,남,72세,상해없음,화물,남,68세,중상
2017073100100193,2017년 7월 31일 11시,월요일,강원도 원주시 봉산동,경상사고,0,0,1,0,차대차 - 후진중충돌,안전운전불이행,건조,맑음,교차로 - 교차로부근,승용,남,59세,상해없음,승용,남,23세,경상
2017073100100263,2017년 7월 31일 13시,월요일,강원도 속초시 금호동,경상사고,0,0,1,0,차대차 - 측면충돌,차로위반,건조,맑음,교차로 - 교차로안,승합,남,41세,상해없음,승용,여,70세,경상
2017073100100288,2017년 7월 31일 14시,월요일,강원도 춘천시 동내면,경상사고,0,0,2,0,차대차 - 정면충돌,중앙선침범,건조,맑음,단일로 - 기타,승용,여,61세,상해없음,승용,여,21세,경상
2017073100100324,2017년 7월 31일 15시,월요일,강원도 춘천시 온의동,경상사고,0,0,1,0,차대차 - 측면충돌,안전운전불이행,건조,맑음,교차로 - 교차로부근,승용,여,52세,상해없음,이륜,남,29세,경상
2017073100100397,2017년 7월 31일 17시,월요일,강원도 삼척시 미로면,경상사고,0,0,2,0,차대차 - 기타,안전거리미확보,젖음/습기,비,단일로 - 기타,승용,남,43세,상해없음,승용,남,61세,경상
2017073100100466,2017년 7월 31일 19시,월요일,강원도 원주시 단계동,경상사고,0,0,1,0,차대차 - 기타,안전운전불이행,건조,맑음,주차장 - 주차장,승용,남,58세,상해없음,승용,남,49세,경상
2017073100100467,2017년 7월 31일 19시,월요일,강원도 속초시 노학동,경상사고,0,0,3,0,차대차 - 측면충돌,교차로운행방법위반,건조,맑음,교차로 - 교차로안,승합,남,72세,상해없음,승용,남,59세,경상
2017073100100504,2017년 7월 31일 20시,월요일,강원도 속초시 동명동,경상사고,0,0,2,0,차대차 - 측면충돌,안전운전불이행,건조,맑음,교차로 - 교차로안,승용,남,65세,상해없음,승용,남,43세,상해없음
2017073100100564,2017년 7월 31일 22시,월요일,강원도 속초시 조양동,경상사고,0,0,1,0,차대차 - 추돌,안전운전불이행,건조,맑음,단일로 - 기타,승용,남,56세,상해없음,승용,여,39세,경상
2017073100100593,2017년 7월 31일 23시,월요일,강원도 횡성군 우천면,경상사고,0,0,1,0,차대사람 - 길가장자리구역통행중,안전운전불이행,건조,맑음,단일로 - 기타,승용,여,56세,상해없음,보행자,여,10세,경상
2017080100100025,2017년 8월 1일 00시,화요일,강원도 춘천시 퇴계동,중상사고,0,1,1,0,차대사람 - 횡단중,보행자보호의무위반,건조,맑음,단일로 - 기타,승용,남,70세,상해없음,보행자,여,23세,경상
2017080100100098,2017년 8월 1일 06시,화요일,강원도 영월군 영월읍,중상사고,0,1,0,0,차량단독 - 공작물충돌,기타,젖음/습기,흐림,단일로 - 기타,승용,여,49세,상해없음,,,,
2017080100100110,2017년 8월 1일 07시,화요일,강원도 춘천시 동면,경상사고,0,0,3,0,차대차 - 측면충돌,불법유턴,건조,맑음,단일로 - 기타,승용,남,20세,상해없음,화물,남,53세,경상
2017080100100126,2017년 8월 1일 08시,화요일,강원도 삼척시 미로면,중상사고,0,3,1,0,차량단독 - 전도전복 - 전복,안전운전불이행,건조,맑음,단일로 - 기타,승용,여,51세,경상,,,,
2017080100100241,2017년 8월 1일 12시,화요일,강원도 속초시 금호동,경상사고,0,0,1,0,차대차 - 측면충돌,안전운전불이행,건조,흐림,단일로 - 기타,승용,남,57세,상해없음,승용,남,27세,경상
2017080100100242,2017년 8월 1일 12시,화요일,강원도 고성군 간성읍,경상사고,0,0,3,0,차대차 - 측면충돌,직진우회전진행방해,건조,맑음,교차로 - 교차로안,기타불명,남,19세,상해없음,승용,남,55세,경상
2017080100100267,2017년 8월 1일 13시,화요일,강원도 삼척시 당저동,경상사고,0,0,1,0,차대차 - 측면충돌,기타,건조,맑음,단일로 - 기타,승용,여,55세,기타불명,승용,남,45세,경상
2017080100100298,2017년 8월 1일 14시,화요일,강원도 춘천시 석사동,경상사고,0,0,1,1,차대차 - 추돌,안전거리미확보,건조,맑음,교차로 - 교차로부근,화물,남,63세,상해없음,승용,여,44세,경상
2017080100100332,2017년 8월 1일 15시,화요일,강원도 원주시 단계동,경상사고,0,0,3,0,차대차 - 측면충돌,안전거리미확보,건조,맑음,교차로 - 교차로안,이륜,남,44세,경상,승용,남,51세,경상
2017080100100333,2017년 8월 1일 15시,화요일,강원도 속초시 청호동,경상사고,0,0,3,0,차대차 - 측면충돌,안전운전불이행,건조,흐림,교차로 - 교차로안,승용,남,19세,상해없음,승용,남,39세,경상
2017080100100363,2017년 8월 1일 16시,화요일,강원도 강릉시 옥천동,중상사고,0,1,0,0,차대사람 - 기타,안전운전불이행,건조,맑음,단일로 - 기타,승합,남,55세,상해없음,보행자,여,68세,중상
2017080100100405,2017년 8월 1일 17시,화요일,강원도 원주시 행구동,사망사고,1,0,3,0,차대차 - 정면충돌,중앙선침범,건조,맑음,단일로 - 기타,승용,여,45세,경상,승용,남,45세,경상
2017080100100406,2017년 8월 1일 17시,화요일,강원도 원주시 일산동,중상사고,0,1,3,0,차대차 - 측면충돌,안전운전불이행,건조,맑음,단일로 - 기타,승용,남,65세,상해없음,승용,여,33세,경상
2017080100100451,2017년 8월 1일 18시,화요일,강원도 동해시 천곡동,경상사고,0,0,3,0,차대차 - 추돌,안전운전불이행,건조,흐림,단일로 - 기타,화물,남,51세,상해없음,승용,남,50세,경상
2017080100100481,2017년 8월 1일 19시,화요일,강원도 철원군 서면,경상사고,0,0,2,0,차대차 - 측면충돌,안전운전불이행,건조,맑음,단일로 - 기타,승용,남,34세,상해없음,이륜,남,17세,경상
2017080100100515,2017년 8월 1일 20시,화요일,강원도 강릉시 주문진읍,중상사고,0,1,5,0,차대차 - 측면충돌,안전운전불이행,건조,맑음,단일로 - 기타,승용,남,61세,경상,승용,남,64세,경상
2017080100100516,2017년 8월 1일 20시,화요일,강원도 원주시 반곡동,경상사고,0,0,1,0,차대차 - 측면충돌,중앙선침범,건조,맑음,단일로 - 기타,승용,남,38세,상해없음,자전거,남,19세,경상
2017080100100540,2017년 8월 1일 21시,화요일,강원도 홍천군 홍천읍,중상사고,0,1,1,0,차대차 - 추돌,안전거리미확보,건조,맑음,단일로 - 기타,승용,남,53세,상해없음,승용,남,68세,경상
2017080100100562,2017년 8월 1일 22시,화요일,강원도 평창군 대화면,경상사고,0,0,1,0,차대차 - 측면충돌,안전운전불이행,건조,맑음,교차로 - 교차로안,승용,여,37세,상해없음,승용,여,49세,경상
2017080100100581,2017년 8월 1일 23시,화요일,강원도 원주시 단구동,중상사고,0,1,0,0,차대사람 - 횡단중,보행자보호의무위반,건조,맑음,기타 - 기타,승용,여,25세,상해없음,보행자,남,39세,중상
2017080200100048,2017년 8월 2일 02시,수요일,강원도 춘천시 중앙로3가,경상사고,0,0,1,0,차대차 - 추돌,안전운전불이행,건조,맑음,단일로 - 기타,기타불명,기타불명,미분류,기타불명,화물,남,37세,경상
2017080200100049,2017년 8월 2일 03시,수요일,강원도 양양군 서면,중상사고,0,2,1,0,차대차 - 측면충돌,중앙선침범,젖음/습기,비,단일로 - 기타,화물,남,20세,상해없음,화물,남,52세,중상
2017080200100107,2017년 8월 2일 08시,수요일,강원도 강릉시 주문진읍,경상사고,0,0,3,0,차대차 - 측면충돌,안전운전불이행,젖음/습기,비,단일로 - 기타,승용,남,49세,상해없음,화물,남,39세,경상
2017080200100120,2017년 8월 2일 09시,수요일,강원도 원주시 원동,중상사고,0,1,0,0,차대차 - 측면충돌,안전운전불이행,건조,맑음,단일로 - 기타,승용,남,28세,상해없음,자전거,여,56세,중상
2017080200100121,2017년 8월 2일 09시,수요일,강원도 평창군 용평면,중상사고,0,1,0,0,차대사람 - 횡단중,안전운전불이행,건조,맑음,단일로 - 기타,승용,남,67세,상해없음,보행자,남,4세,중상
2017080200100122,2017년 8월 2일 09시,수요일,강원도 정선군 정선읍,경상사고,0,0,2,0,차대차 - 측면충돌,안전운전불이행,건조,맑음,교차로 - 교차로부근,승용,여,50세,상해없음,화물,남,70세,경상
2017080200100146,2017년 8월 2일 10시,수요일,강원도 원주시 소초면,경상사고,0,0,1,0,차대차 - 측면충돌,차로위반,건조,맑음,단일로 - 기타,승용,남,67세,상해없음,승용,남,55세,경상
2017080200100176,2017년 8월 2일 11시,수요일,강원도 원주시 가현동,경상사고,0,0,2,0,차대차 - 측면충돌,교차로운행방법위반,건조,맑음,교차로 - 교차로안,승용,여,64세,상해없음,승용,여,44세,경상
2017080200100177,2017년 8월 2일 11시,수요일,강원도 원주시 지정면,경상사고,0,0,2,0,차대차 - 추돌,안전운전불이행,건조,맑음,단일로 - 기타,승용,남,50세,상해없음,승용,남,38세,경상
2017080200100212,2017년 8월 2일 12시,수요일,강원도 원주시 단계동,경상사고,0,0,3,0,차대차 - 측면충돌,안전운전불이행,건조,맑음,단일로 - 기타,승용,남,34세,상해없음,승용,여,50세,경상
2017080200100213,2017년 8월 2일 12시,수요일,강원도 삼척시 하장면,중상사고,0,1,0,0,차대사람 - 길가장자리구역통행중,안전운전불이행,건조,맑음,단일로 - 기타,화물,남,70세,상해없음,보행자,여,71세,중상
2017080200100242,2017년 8월 2일 13시,수요일,강원도 삼척시 사직동,경상사고,0,0,2,0,차대차 - 추돌,안전운전불이행,건조,맑음,단일로 - 기타,승용,여,38세,상해없음,승용,남,28세,경상
2017080200100243,2017년 8월 2일 13시,수요일,강원도 영월군 한반도면,경상사고,0,0,2,0,차대차 - 기타,중앙선침범,건조,맑음,단일로 - 기타,승용,남,55세,상해없음,특수,남,45세,상해없음