사고번호,사고일시,요일,시군구,사고내용,사망자수,중상자수,경상자수,부상신고자수,사고유형,법규위반,노면상태,기상상태,도로형태,가해운전자 차종,가해운전자 성별,가해운전자 연령,가해운전자 상해정도,피해운전자 차종,피해운전자 성별,피해운전자 연령,피해운전자 상해정도
2017080200100244,2017년 8월 2일 13시,수요일,강원도 정선군 정선읍,경상사고,0,0,1,0,차대사람 - 횡단중,안전운전불이행,건조,맑음,교차로 - 교차로부근,화물,남,56세,상해없음,보행자,남,44세,경상
2017080200100245,2017년 8월 2일 13시,수요일,강원도 춘천시 남면,경상사고,0,0,4,0,차대차 - 추돌,안전거리미확보,건조,맑음,단일로 - 터널,화물,남,65세,상해없음,승용,남,28세,경상
2017080200100277,2017년 8월 2일 14시,수요일,강원도 춘천시 동면,중상사고,0,1,0,0,차대사람 - 차도통행중,안전운전불이행,건조,맑음,교차로 - 교차로부근,화물,남,47세,상해없음,보행자,여,54세,중상
2017080200100278,2017년 8월 2일 14시,수요일,강원도 횡성군 횡성읍,중상사고,0,1,4,0,차대차 - 정면충돌,중앙선침범,건조,맑음,단일로 - 기타,승용,남,80세,상해없음,승용,남,42세,경상
2017080200100320,2017년 8월 2일 15시,수요일,강원도 양양군 양양읍,경상사고,0,0,2,0,차대차 - 측면충돌,안전운전불이행,건조,맑음,단일로 - 기타,승용,남,34세,상해없음,승용,남,54세,상해없음
2017080200100321,2017년 8월 2일 15시,수요일,강원도 동해시 망상동,경상사고,0,0,1,0,차대사람 - 기타,안전운전불이행,건조,맑음,단일로 - 기타,승용,남,57세,상해없음,보행자,남,33세,경상
2017080200100355,2017년 8월 2일 16시,수요일,강원도 원주시 학성동,경상사고,0,0,2,0,차대차 - 측면충돌,안전운전불이행,건조,맑음,단일로 - 기타,승용,여,45세,상해없음,승용,남,43세,경상
2017080200100401,2017년 8월 2일 17시,수요일,강원도 원주시 호저면,경상사고,0,0,2,0,차대차 - 측면충돌,안전거리미확보,건조,맑음,단일로 - 기타,화물,남,61세,상해없음,승용,남,61세,경상
2017080200100402,2017년 8월 2일 17시,수요일,강원도 평창군 대관령면,중상사고,0,1,0,0,차량단독 - 기타,안전운전불이행,건조,맑음,단일로 - 기타,승합,남,57세,상해없음,,,,
2017080200100433,2017년 8월 2일 18시,수요일,강원도 강릉시 유천동,중상사고,0,1,0,0,차대차 - 측면충돌,신호위반,건조,맑음,교차로 - 교차로안,승용,남,56세,상해없음,승용,여,44세,중상
2017080200100434,2017년 8월 2일 18시,수요일,강원도 원주시 부론면,중상사고,0,1,0,0,차대차 - 측면충돌,과속,건조,맑음,단일로 - 기타,화물,남,60세,상해없음,농기계,여,68세,중상
2017080200100435,2017년 8월 2일 18시,수요일,강원도 속초시 조양동,경상사고,0,0,1,0,차대차 - 측면충돌,신호위반,건조,맑음,교차로 - 교차로횡단보도내,승용,남,57세,상해없음,이륜,남,47세,경상
2017080200100436,2017년 8월 2일 18시,수요일,강원도 홍천군 남면,중상사고,0,1,3,0,차대차 - 정면충돌,직진우회전진행방해,건조,맑음,교차로 - 교차로안,승용,남,59세,상해없음,승용,남,37세,중상
2017080200100463,2017년 8월 2일 19시,수요일,강원도 인제군 인제읍,중상사고,0,1,1,0,차대차 - 정면충돌,안전운전불이행,건조,맑음,교차로 - 교차로안,승용,여,24세,상해없음,승용,남,43세,중상
2017080200100498,2017년 8월 2일 20시,수요일,강원도 춘천시 퇴계동,경상사고,0,0,1,0,차대차 - 측면충돌,신호위반,건조,맑음,교차로 - 교차로안,승용,남,19세,상해없음,승용,남,59세,경상
2017080200100499,2017년 8월 2일 20시,수요일,강원도 동해시 천곡동,경상사고,0,0,1,0,차대차 - 측면충돌,안전거리미확보,건조,맑음,교차로 - 교차로부근,승용,여,26세,상해없음,이륜,남,63세,경상
2017080300100025,2017년 8월 3일 00시,목요일,강원도 춘천시 동면,중상사고,0,1,1,0,차대차 - 정면충돌,안전운전불이행,건조,맑음,단일로 - 교량,승용,남,28세,상해없음,승용,여,41세,경상
2017080300100089,2017년 8월 3일 07시,목요일,강원도 원주시 판부면,경상사고,0,0,1,0,차대차 - 후진중충돌,안전운전불이행,건조,맑음,단일로 - 기타,화물,남,57세,상해없음,승용,여,51세,경상
2017080300100090,2017년 8월 3일 07시,목요일,강원도 횡성군 서원면,중상사고,0,1,1,0,차대차 - 정면충돌,안전운전불이행,건조,맑음,교차로 - 교차로안,승합,남,42세,상해없음,화물,남,58세,중상
2017080300100124,2017년 8월 3일 08시,목요일,강원도 원주시 호저면,중상사고,0,1,2,0,차대차 - 추돌,안전거리미확보,건조,맑음,단일로 - 기타,화물,남,66세,상해없음,승용,여,40세,중상
2017080300100125,2017년 8월 3일 08시,목요일,강원도 삼척시 미로면,경상사고,0,0,2,0,차량단독 - 공작물충돌,안전운전불이행,건조,맑음,단일로 - 기타,승용,여,51세,경상,,,,
2017080300100154,2017년 8월 3일 09시,목요일,강원도 원주시 문막읍,경상사고,0,0,1,0,차대사람 - 횡단중,안전운전불이행,건조,맑음,단일로 - 기타,승용,남,56세,상해없음,보행자,여,27세,경상
2017080300100155,2017년 8월 3일 09시,목요일,강원도 동해시 천곡동,경상사고,0,0,1,0,차대차 - 측면충돌,안전거리미확보,건조,맑음,교차로 - 교차로안,승용,남,73세,상해없음,승용,여,39세,경상
2017080300100195,2017년 8월 3일 10시,목요일,강원도 속초시 교동,경상사고,0,0,3,0,차대차 - 측면충돌,직진우회전진행방해,건조,맑음,교차로 - 교차로안,승용,남,21세,상해없음,승용,남,52세,경상
2017080300100196,2017년 8월 3일 10시,목요일,강원도 삼척시 근덕면,경상사고,0,0,3,0,차대차 - 추돌,안전거리미확보,건조,맑음,단일로 - 기타,승용,남,78세,경상,화물,남,76세,경상
2017080300100197,2017년 8월 3일 10시,목요일,강원도 횡성군 횡성읍,중상사고,0,1,0,0,차대사람 - 횡단중,안전운전불이행,건조,맑음,단일로 - 기타,승용,남,56세,상해없음,보행자,여,50세,중상
2017080300100198,2017년 8월 3일 10시,목요일,강원도 횡성군 둔내면,경상사고,0,0,1,0,차대사람 - 횡단중,안전운전불이행,건조,맑음,단일로 - 기타,기타불명,기타불명,미분류,기타불명,보행자,남,47세,경상
2017080300100199,2017년 8월 3일 10시,목요일,강원도 동해시 천곡동,경상사고,0,0,2,0,차대차 - 추돌,안전거리미확보,건조,맑음,교차로 - 교차로부근,승용,남,45세,상해없음,화물,남,56세,경상
2017080300100233,2017년 8월 3일 11시,목요일,강원도 원주시 단구동,경상사고,0,0,1,0,차대사람 - 횡단중,중앙선침범,건조,맑음,단일로 - 기타,승용,남,63세,상해없음,보행자,남,63세,경상
2017080300100234,2017년 8월 3일 11시,목요일,강원도 양구군 양구읍,경상사고,0,0,2,0,차대차 - 정면충돌,안전운전불이행,건조,맑음,단일로 - 기타,승용,남,35세,상해없음,승용,남,37세,경상
2017080300100277,2017년 8월 3일 12시,목요일,강원도 원주시 단계동,경상사고,0,0,1,0,차대차 - 추돌,안전운전불이행,건조,맑음,교차로 - 교차로부근,승용,여,51세,상해없음,승용,여,45세,경상
2017080300100278,2017년 8월 3일 12시,목요일,강원도 정선군 정선읍,중상사고,0,1,0,0,차대사람 - 횡단중,안전운전불이행,건조,맑음,교차로 - 교차로부근,승용,남,75세,상해없음,보행자,여,65세,중상
2017080300100279,2017년 8월 3일 12시,목요일,강원도 평창군 봉평면,경상사고,0,0,3,0,차대차 - 정면충돌,안전운전불이행,건조,맑음,단일로 - 터널,승용,남,30세,상해없음,승용,남,34세,경상
2017080300100312,2017년 8월 3일 13시,목요일,강원도 강릉시 교동,경상사고,0,0,1,0,차대차 - 측면충돌,안전운전불이행,건조,맑음,교차로 - 교차로안,승용,여,59세,상해없음,승용,남,33세,경상
2017080300100313,2017년 8월 3일 13시,목요일,강원도 홍천군 서석면,경상사고,0,0,2,0,차대차 - 추돌,안전운전불이행,건조,맑음,단일로 - 기타,승용,남,59세,상해없음,이륜,남,14세,경상
2017080300100314,2017년 8월 3일 13시,목요일,강원도 강릉시 성산면,경상사고,0,0,4,0,차대차 - 추돌,안전운전불이행,건조,맑음,단일로 - 기타,승용,남,60세,상해없음,승용,남,49세,경상
2017080300100347,2017년 8월 3일 14시,목요일,강원도 춘천시 효자동,경상사고,0,0,1,0,차대차 - 측면충돌,중앙선침범,건조,맑음,단일로 - 기타,승용,남,41세,상해없음,승용,남,43세,경상
2017080300100348,2017년 8월 3일 14시,목요일,강원도 삼척시 정상동,경상사고,0,0,3,0,차대차 - 추돌,안전거리미확보,건조,흐림,단일로 - 기타,화물,남,46세,상해없음,승용,남,20세,경상
2017080300100349,2017년 8월 3일 14시,목요일,강원도 철원군 서면,경상사고,0,0,1,0,차대차 - 후진중충돌,안전운전불이행,건조,맑음,단일로 - 기타,화물,남,62세,상해없음,화물,남,63세,상해없음
2017080300100388,2017년 8월 3일 15시,목요일,강원도 춘천시 퇴계동,경상사고,0,0,1,0,차대차 - 측면충돌,기타,건조,맑음,단일로 - 기타,승용,남,60세,상해없음,승용,여,45세,경상
2017080300100389,2017년 8월 3일 15시,목요일,강원도 삼척시 도계읍,경상사고,0,0,1,0,차대차 - 후진중충돌,안전운전불이행,건조,맑음,단일로 - 기타,승용,남,63세,상해없음,승용,여,55세,경상
2017080300100390,2017년 8월 3일 15시,목요일,강원도 동해시 망상동,중상사고,0,1,1,0,차대차 - 측면충돌,교차로운행방법위반,건조,맑음,교차로 - 교차로안,승용,남,35세,상해없음,화물,남,59세,경상
2017080300100415,2017년 8월 3일 16시,목요일,강원도 평창군 진부면,중상사고,0,1,0,0,차대사람 - 기타,안전운전불이행,건조,맑음,단일로 - 기타,화물,남,62세,상해없음,보행자,남,57세,중상
2017080300100416,2017년 8월 3일 16시,목요일,강원도 화천군 화천읍,경상사고,0,0,1,0,차대차 - 후진중충돌,안전운전불이행,건조,맑음,단일로 - 기타,승용,남,65세,상해없음,승용,여,36세,경상
2017080300100417,2017년 8월 3일 16시,목요일,강원도 인제군 인제읍,중상사고,0,2,0,0,차대차 - 정면충돌,안전운전불이행,건조,맑음,단일로 - 기타,승용,남,44세,상해없음,화물,남,31세,중상
2017080300100449,2017년 8월 3일 17시,목요일,강원도 강릉시 입암동,경상사고,0,0,2,0,차대차 - 측면충돌,안전운전불이행,건조,맑음,단일로 - 기타,승용,남,71세,상해없음,승용,남,50세,경상
2017080300100450,2017년 8월 3일 17시,목요일,강원도 강릉시 강동면,경상사고,0,0,2,0,차대차 - 정면충돌,중앙선침범,건조,맑음,단일로 - 기타,승용,남,57세,상해없음,승용,남,45세,경상
2017080300100451,2017년 8월 3일 17시,목요일,강원도 원주시 단구동,중상사고,0,1,0,0,차대차 - 측면충돌,안전운전불이행,건조,맑음,단일로 - 기타,승용,남,27세,상해없음,이륜,남,19세,중상
2017080300100489,2017년 8월 3일 18시,목요일,강원도 강릉시 난곡동,경상사고,0,0,2,0,차대차 - 측면충돌,안전운전불이행,건조,맑음,교차로 - 교차로부근,승용,남,33세,상해없음,승용,여,28세,경상
2017080300100550,2017년 8월 3일 20시,목요일,강원도 춘천시 남산면,경상사고,0,0,3,0,차대차 - 추돌,안전운전불이행,건조,맑음,교차로 - 교차로부근,승용,여,63세,상해없음,승용,남,47세,경상
2017080300100551,2017년 8월 3일 20시,목요일,강원도 강릉시 내곡동,사망사고,1,0,0,0,차대사람 - 횡단중,과속,건조,맑음,교차로 - 교차로횡단보도내,승용,남,68세,상해없음,보행자,남,62세,사망
2017080300100552,2017년 8월 3일 20시,목요일,강원도 강릉시 안현동,경상사고,0,0,1,0,차대차 - 측면충돌,안전운전불이행,건조,맑음,교차로 - 교차로부근,승용,남,56세,상해없음,이륜,남,57세,경상
2017080300100609,2017년 8월 3일 22시,목요일,강원도 원주시 흥업면,중상사고,0,3,0,0,차대차 - 추돌,안전운전불이행,건조,맑음,교차로 - 교차로부근,승용,남,39세,상해없음,승용,남,27세,중상
2017080400100107,2017년 8월 4일 07시,금요일,강원도 동해시 발한동,중상사고,0,1,0,0,차대차 - 측면충돌,신호위반,건조,맑음,교차로 - 교차로안,승용,남,55세,상해없음,이륜,남,54세,중상
2017080400100137,2017년 8월 4일 08시,금요일,강원도 원주시 신림면,경상사고,0,0,1,0,차대차 - 측면충돌,안전운전불이행,건조,맑음,단일로 - 기타,승용,남,31세,상해없음,승용,여,51세,경상
2017080400100164,2017년 8월 4일 09시,금요일,강원도 춘천시 남산면,중상사고,0,1,1,0,차대차 - 측면충돌,안전운전불이행,건조,맑음,교차로 - 교차로안,승용,남,49세,상해없음,승용,남,59세,중상
2017080400100198,2017년 8월 4일 10시,금요일,강원도 강릉시 교동,경상사고,0,0,1,0,차대차 - 측면충돌,안전운전불이행,건조,맑음,단일로 - 기타,승용,남,57세,상해없음,사륜오토바이(ATV),남,28세,경상
2017080400100241,2017년 8월 4일 11시,금요일,강원도 강릉시 송정동,경상사고,0,0,1,0,차대차 - 측면충돌,안전운전불이행,건조,맑음,교차로 - 교차로안,승용,여,25세,상해없음,승용,남,27세,경상
2017080400100242,2017년 8월 4일 11시,금요일,강원도 영월군 영월읍,중상사고,0,1,0,0,차대사람 - 횡단중,안전운전불이행,건조,맑음,단일로 - 기타,승용,남,47세,상해없음,보행자,여,71세,중상
2017080400100243,2017년 8월 4일 11시,금요일,강원도 화천군 사내면,중상사고,0,1,0,0,차대사람 - 횡단중,안전운전불이행,건조,맑음,단일로 - 기타,승용,남,28세,상해없음,보행자,남,8세,중상
2017080400100244,2017년 8월 4일 11시,금요일,강원도 동해시 천곡동,경상사고,0,0,1,0,차대사람 - 횡단중,안전운전불이행,건조,맑음,단일로 - 기타,승용,남,87세,상해없음,보행자,여,79세,경상
2017080400100245,2017년 8월 4일 11시,금요일,강원도 강릉시 옥계면,중상사고,0,1,7,0,차대차 - 기타,안전거리미확보,건조,맑음,단일로 - 기타,화물,남,57세,경상,승용,남,57세,경상
2017080400100383,2017년 8월 4일 15시,금요일,강원도 춘천시 서면,경상사고,0,0,2,0,차대차 - 측면충돌,중앙선침범,건조,맑음,단일로 - 기타,승용,남,65세,상해없음,승용,남,63세,경상
2017080400100384,2017년 8월 4일 15시,금요일,강원도 강릉시 옥계면,경상사고,0,0,2,0,차대차 - 측면충돌,안전운전불이행,건조,맑음,교차로 - 교차로안,승용,남,47세,상해없음,승용,남,54세,경상
2017080400100385,2017년 8월 4일 15시,금요일,강원도 원주시 일산동,중상사고,0,1,0,0,차대사람 - 기타,안전운전불이행,건조,맑음,교차로 - 교차로부근,기타불명,기타불명,미분류,기타불명,보행자,여,76세,중상
2017080400100386,2017년 8월 4일 15시,금요일,강원도 속초시 영랑동,경상사고,0,0,2,0,차대차 - 측면충돌,불법유턴,건조,맑음,단일로 - 기타,승용,남,24세,상해없음,승용,남,63세,경상
2017080400100387,2017년 8월 4일 15시,금요일,강원도 평창군 대관령면,중상사고,0,1,2,0,차대차 - 추돌,안전운전불이행,건조,맑음,단일로 - 기타,승용,남,54세,상해없음,승용,여,40세,경상
2017080400100388,2017년 8월 4일 15시,금요일,강원도 동해시 천곡동,경상사고,0,0,1,0,차대차 - 측면충돌,안전운전불이행,건조,맑음,교차로 - 교차로안,승용,남,56세,상해없음,승용,남,26세,경상
2017080400100429,2017년 8월 4일 16시,금요일,강원도 춘천시 동면,경상사고,0,0,1,0,차대차 - 추돌,안전거리미확보,건조,맑음,교차로 - 교차로안,승용,남,62세,상해없음,승용,여,74세,경상
2017080400100430,2017년 8월 4일 16시,금요일,강원도 원주시 단계동,경상사고,0,0,1,0,차대사람 - 기타,안전운전불이행,건조,맑음,단일로 - 기타,승용,여,42세,상해없음,보행자,남,33세,경상
2017080400100473,2017년 8월 4일 17시,금요일,강원도 춘천시 근화동,중상사고,0,1,0,0,차대차 - 측면충돌,신호위반,건조,맑음,교차로 - 교차로횡단보도내,승용,남,74세,상해없음,이륜,남,65세,중상
2017080400100474,2017년 8월 4일 17시,금요일,강원도 강릉시 안현동,경상사고,0,0,5,0,차대차 - 추돌,안전운전불이행,건조,맑음,단일로 - 기타,승용,남,19세,상해없음,승용,남,42세,경상
2017080400100475,2017년 8월 4일 17시,금요일,강원도 동해시 용정동,경상사고,0,0,3,0,차대차 - 측면충돌,안전운전불이행,건조,맑음,단일로 - 기타,승용,남,56세,상해없음,승용,여,39세,경상
2017080400100510,2017년 8월 4일 18시,금요일,강원도 춘천시 후평동,경상사고,0,0,2,0,차대차 - 추돌,안전운전불이행,건조,맑음,단일로 - 기타,승용,남,26세,상해없음,승용,남,27세,경상
2017080400100511,2017년 8월 4일 18시,금요일,강원도 춘천시 후평동,부상신고사고,0,0,0,1,차대차 - 추돌,안전운전불이행,건조,맑음,교차로 - 교차로부근,이륜,남,52세,부상신고,승용,남,25세,상해없음
2017080400100512,2017년 8월 4일 18시,금요일,강원도 춘천시 효자동,경상사고,0,0,1,0,차대사람 - 횡단중,안전운전불이행,건조,맑음,단일로 - 기타,승용,남,62세,상해없음,보행자,남,4세,경상
2017080400100513,2017년 8월 4일 18시,금요일,강원도 춘천시 효자동,경상사고,0,0,1,1,차대차 - 측면충돌,안전운전불이행,건조,맑음,교차로 - 교차로안,승용,여,48세,부상신고,승용,남,55세,경상
2017080400100514,2017년 8월 4일 18시,금요일,강원도 홍천군 홍천읍,경상사고,0,0,1,0,차대차 - 측면충돌,직진우회전진행방해,건조,맑음,교차로 - 교차로안,화물,남,50세,상해없음,승용,여,51세,경상
2017080400100555,2017년 8월 4일 19시,금요일,강원도 강릉시 교동,경상사고,0,0,1,0,차대차 - 측면충돌,안전운전불이행,건조,맑음,단일로 - 기타,승용,남,48세,상해없음,승합,남,57세,상해없음
2017080400100556,2017년 8월 4일 19시,금요일,강원도 철원군 근남면,중상사고,0,6,1,0,차대차 - 측면충돌,기타,건조,맑음,교차로 - 교차로부근,승용,남,34세,중상,승용,남,55세,중상
2017080400100589,2017년 8월 4일 20시,금요일,강원도 춘천시 칠전동,부상신고사고,0,0,0,1,차대차 - 측면충돌,직진우회전진행방해,건조,맑음,교차로 - 교차로안,원동기,남,17세,부상신고,승용,여,48세,상해없음
2017080400100590,2017년 8월 4일 20시,금요일,강원도 원주시 태장동,경상사고,0,0,1,0,차대차 - 기타,안전운전불이행,건조,맑음,단일로 - 기타,기타불명,기타불명,미분류,기타불명,승합,남,50세,상해없음
2017080400100591,2017년 8월 4일 20시,금요일,강원도 삼척시 가곡면,경상사고,0,0,1,0,차량단독 - 전도전복 - 전도,안전운전불이행,건조,맑음,단일로 - 기타,승용,여,35세,상해없음,,,,
2017080400100623,2017년 8월 4일 21시,금요일,강원도 원주시 단계동,경상사고,0,0,3,0,차대차 - 측면충돌,교차로운행방법위반,건조,맑음,교차로 - 교차로안,승용,여,52세,기타불명,승용,남,45세,경상
2017080400100646,2017년 8월 4일 22시,금요일,강원도 강릉시 교동,경상사고,0,0,1,0,차대차 - 측면충돌,안전운전불이행,건조,맑음,단일로 - 기타,승용,여,41세,상해없음,승용,남,32세,경상
2017080400100667,2017년 8월 4일 23시,금요일,강원도 춘천시 효자동,경상사고,0,0,1,0,차대차 - 측면충돌,안전운전불이행,건조,맑음,단일로 - 기타,이륜,남,24세,경상,승용,남,45세,상해없음
2017080400100668,2017년 8월 4일 23시,금요일,강원도 속초시 교동,중상사고,0,2,3,0,차대차 - 추돌,안전운전불이행,건조,맑음,교차로 - 교차로부근,승용,남,27세,상해없음,승용,여,45세,경상
2017080500100032,2017년 8월 5일 01시,토요일,강원도 강릉시 입암동,경상사고,0,0,2,0,차대차 - 추돌,안전운전불이행,젖음/습기,기타,교차로 - 교차로부근,승용,남,51세,상해없음,승용,여,45세,경상
2017080500100068,2017년 8월 5일 04시,토요일,강원도 원주시 우산동,경상사고,0,0,1,0,차대차 - 측면충돌,신호위반,건조,맑음,교차로 - 교차로안,승용,남,33세,상해없음,이륜,남,26세,경상
2017080500100101,2017년 8월 5일 07시,토요일,강원도 원주시 행구동,경상사고,0,0,1,0,차대차 - 측면충돌,신호위반,건조,맑음,교차로 - 교차로안,승용,남,27세,상해없음,승용,여,42세,경상
2017080500100122,2017년 8월 5일 08시,토요일,강원도 강릉시 옥천동,경상사고,0,0,1,0,차대차 - 추돌,안전거리미확보,건조,맑음,교차로 - 교차로부근,승용,남,58세,상해없음,승용,여,41세,경상
2017080500100123,2017년 8월 5일 08시,토요일,강원도 동해시 망상동,중상사고,0,2,3,0,차대차 - 측면충돌,안전운전불이행,건조,맑음,교차로 - 교차로안,승용,여,49세,상해없음,승용,남,49세,경상
2017080500100147,2017년 8월 5일 09시,토요일,강원도 동해시 평릉동,경상사고,0,0,1,0,차대사람 - 횡단중,안전운전불이행,건조,맑음,단일로 - 기타,승용,여,39세,상해없음,보행자,여,61세,경상
2017080500100177,2017년 8월 5일 10시,토요일,강원도 원주시 가현동,중상사고,0,3,1,0,차대차 - 측면충돌,안전운전불이행,건조,맑음,교차로 - 교차로안,승용,남,25세,상해없음,승용,남,31세,상해없음
2017080500100178,2017년 8월 5일 10시,토요일,강원도 홍천군 홍천읍,중상사고,0,4,0,0,차대차 - 측면충돌,안전운전불이행,건조,맑음,단일로 - 기타,화물,남,73세,상해없음,승용,남,44세,중상
2017080500100179,2017년 8월 5일 10시,토요일,강원도 동해시 지흥동,중상사고,0,1,0,0,차대차 - 측면충돌,안전거리미확보,건조,맑음,단일로 - 기타,승용,남,60세,상해없음,승용,여,48세,중상
2017080500100180,2017년 8월 5일 10시,토요일,강원도 동해시 지흥동,경상사고,0,0,1,0,차대사람 - 기타,안전운전불이행,건조,맑음,단일로 - 기타,특수,남,60세,상해없음,보행자,남,33세,경상
2017080500100211,2017년 8월 5일 11시,토요일,강원도 춘천시 효자동,사망사고,1,0,0,0,차량단독 - 기타,안전운전불이행,건조,맑음,기타 - 기타,자전거,남,13세,사망,,,,
2017080500100212,2017년 8월 5일 11시,토요일,강원도 삼척시 남양동,경상사고,0,0,2,0,차대차 - 측면충돌,안전운전불이행,건조,맑음,단일로 - 기타,승용,여,47세,경상,승용,여,47세,경상
2017080500100213,2017년 8월 5일 11시,토요일,강원도 홍천군 홍천읍,중상사고,0,1,0,0,차대차 - 측면충돌,안전운전불이행,건조,맑음,단일로 - 기타,화물,남,42세,상해없음,자전거,남,57세,중상
2017080500100251,2017년 8월 5일 12시,토요일,강원도 춘천시 소양로2가,중상사고,0,1,0,0,차대사람 - 기타,안전운전불이행,건조,맑음,단일로 - 기타,승용,남,59세,상해없음,보행자,여,78세,중상
2017080500100283,2017년 8월 5일 13시,토요일,강원도 춘천시 신북읍,경상사고,0,0,1,0,차대차 - 측면충돌,중앙선침범,건조,맑음,단일로 - 기타,자전거,남,21세,상해없음,이륜,남,46세,경상
2017080500100284,2017년 8월 5일 13시,토요일,강원도 원주시 학성동,중상사고,0,1,0,0,차대사람 - 횡단중,보행자보호의무위반,건조,맑음,단일로 - 기타,승용,남,55세,상해없음,보행자,여,75세,중상
2017080500100285,2017년 8월 5일 13시,토요일,강원도 영월군 영월읍,경상사고,0,0,3,2,차대차 - 측면충돌,교차로운행방법위반,건조,맑음,교차로 - 교차로안,승용,여,46세,부상신고,승용,남,29세,경상
2017080500100286,2017년 8월 5일 13시,토요일,강원도 홍천군 서면,중상사고,0,1,0,0,차대차 - 정면충돌,중앙선침범,건조,맑음,단일로 - 기타,승용,여,27세,상해없음,화물,남,24세,중상
2017080500100287,2017년 8월 5일 13시,토요일,강원도 인제군 기린면,중상사고,0,2,1,0,차대차 - 정면충돌,중앙선침범,건조,맑음,단일로 - 기타,승용,여,47세,상해없음,승용,여,49세,경상
2017080500100326,2017년 8월 5일 14시,토요일,강원도 원주시 판부면,중상사고,0,1,0,0,차대사람 - 횡단중,안전운전불이행,건조,맑음,단일로 - 기타,승용,남,45세,상해없음,보행자,남,3세,중상
2017080500100327,2017년 8월 5일 14시,토요일,강원도 원주시 단구동,경상사고,0,0,3,0,차대차 - 추돌,안전운전불이행,건조,맑음,교차로 - 교차로부근,건설기계,남,61세,상해없음,승용,여,62세,경상
2017080500100328,2017년 8월 5일 14시,토요일,강원도 영월군 한반도면,경상사고,0,0,4,0,차대차 - 측면충돌,안전운전불이행,건조,맑음,단일로 - 기타,승합,남,57세,상해없음,승용,남,50세,경상
2017080500100357,2017년 8월 5일 15시,토요일,강원도 원주시 단구동,경상사고,0,0,1,0,차대사람 - 횡단중,안전운전불이행,건조,맑음,단일로 - 기타,승용,남,63세,상해없음,보행자,남,6세,경상
2017080500100392,2017년 8월 5일 16시,토요일,강원도 양양군 강현면,경상사고,0,0,1,0,차대차 - 추돌,안전운전불이행,건조,맑음,교차로 - 교차로부근,승용,남,27세,상해없음,승용,남,32세,경상
2017080500100433,2017년 8월 5일 17시,토요일,강원도 태백시 황지동,경상사고,0,0,1,0,차대사람 - 횡단중,안전운전불이행,건조,맑음,단일로 - 기타,승용,남,46세,상해없음,보행자,남,7세,경상
2017080500100434,2017년 8월 5일 17시,토요일,강원도 태백시 황지동,중상사고,0,1,0,0,차대차 - 측면충돌,교차로운행방법위반,건조,맑음,교차로 - 교차로안,승용,남,67세,상해없음,이륜,남,66세,중상
2017080500100472,2017년 8월 5일 18시,토요일,강원도 강릉시 연곡면,경상사고,0,0,1,0,차대차 - 측면충돌,중앙선침범,건조,맑음,단일로 - 기타,승용,남,37세,상해없음,승용,남,38세,경상
2017080500100473,2017년 8월 5일 18시,토요일,강원도 원주시 단계동,중상사고,0,3,1,0,차대차 - 측면충돌,교차로운행방법위반,건조,맑음,교차로 - 교차로안,화물,남,51세,상해없음,승용,여,69세,경상
2017080500100474,2017년 8월 5일 18시,토요일,강원도 원주시 관설동,경상사고,0,0,3,0,차대차 - 측면충돌,안전운전불이행,젖음/습기,맑음,단일로 - 기타,승합,남,70세,상해없음,승용,남,56세,경상
2017080500100475,2017년 8월 5일 18시,토요일,강원도 삼척시 가곡면,경상사고,0,0,1,0,차량단독 - 전도전복 - 전도,안전운전불이행,건조,맑음,단일로 - 기타,이륜,남,41세,경상,,,,
2017080500100476,2017년 8월 5일 18시,토요일,강원도 양구군 남면,중상사고,0,1,0,0,차대차 - 측면충돌,안전운전불이행,건조,맑음,단일로 - 기타,승용,남,76세,상해없음,화물,남,66세,상해없음
2017080500100504,2017년 8월 5일 19시,토요일,강원도 홍천군 홍천읍,경상사고,0,0,1,0,차대차 - 측면충돌,직진우회전진행방해,건조,맑음,교차로 - 교차로안,승용,여,61세,상해없음,승용,남,31세,상해없음
2017080500100531,2017년 8월 5일 20시,토요일,강원도 춘천시 사농동,경상사고,0,0,2,0,차대차 - 측면충돌,안전거리미확보,건조,맑음,단일로 - 기타,승용,남,62세,상해없음,승용,남,25세,경상
2017080500100532,2017년 8월 5일 20시,토요일,강원도 춘천시 소양로2가,경상사고,0,0,1,0,차대차 - 정면충돌,안전운전불이행,건조,맑음,단일로 - 기타,승용,여,41세,상해없음,이륜,남,30세,경상
2017080500100533,2017년 8월 5일 20시,토요일,강원도 평창군 평창읍,사망사고,1,0,0,0,차대사람 - 횡단중,안전운전불이행,건조,맑음,단일로 - 기타,승용,남,56세,상해없음,보행자,여,85세,사망
2017080500100556,2017년 8월 5일 21시,토요일,강원도 영월군 영월읍,사망사고,1,0,0,0,차대사람 - 횡단중,안전운전불이행,건조,맑음,교차로 - 교차로안,승용,남,51세,상해없음,보행자,남,27세,사망
2017080500100557,2017년 8월 5일 21시,토요일,강원도 평창군 대화면,중상사고,0,1,2,0,차대차 - 추돌,안전운전불이행,건조,맑음,단일로 - 기타,승용,남,63세,상해없음,농기계,남,49세,중상
2017080500100614,2017년 8월 5일 23시,토요일,강원도 속초시 조양동,경상사고,0,0,1,0,차대차 - 추돌,안전운전불이행,건조,맑음,기타 - 기타,승용,남,29세,상해없음,승용,남,59세,상해없음
2017080600100047,2017년 8월 6일 02시,일요일,강원도 춘천시 근화동,경상사고,0,0,3,0,차대차 - 측면충돌,안전운전불이행,건조,맑음,단일로 - 기타,승용,남,21세,상해없음,승용,남,33세,경상