사고번호,사고일시,요일,시군구,사고내용,사망자수,중상자수,경상자수,부상신고자수,사고유형,법규위반,노면상태,기상상태,도로형태,가해운전자 차종,가해운전자 성별,가해운전자 연령,가해운전자 상해정도,피해운전자 차종,피해운전자 성별,피해운전자 연령,피해운전자 상해정도
2017081500100125,2017년 8월 15일 06시,화요일,강원도 영월군 영월읍,부상신고사고,0,0,0,2,차량단독 - 전도전복 - 전도,안전운전불이행,건조,맑음,단일로 - 기타,승용,남,23세,상해없음,,,,
2017081500100143,2017년 8월 15일 08시,화요일,강원도 인제군 북면,중상사고,0,1,1,0,차대차 - 측면충돌,안전운전불이행,젖음/습기,비,단일로 - 기타,승용,남,38세,상해없음,승합,남,64세,중상
2017081500100163,2017년 8월 15일 09시,화요일,강원도 태백시 소도동,경상사고,0,0,1,0,차대차 - 측면충돌,신호위반,젖음/습기,비,교차로 - 교차로안,승용,여,57세,상해없음,건설기계,남,44세,상해없음
2017081500100182,2017년 8월 15일 11시,화요일,강원도 삼척시 오분동,경상사고,0,0,1,0,차대차 - 측면충돌,안전운전불이행,건조,흐림,기타 - 기타,건설기계,남,48세,상해없음,승용,여,28세,경상
2017081500100183,2017년 8월 15일 11시,화요일,강원도 영월군 영월읍,중상사고,0,1,0,0,차대차 - 측면충돌,교차로운행방법위반,젖음/습기,비,교차로 - 교차로안,승용,남,27세,상해없음,자전거,남,76세,중상
2017081500100200,2017년 8월 15일 12시,화요일,강원도 강릉시 안현동,경상사고,0,0,1,0,차대사람 - 횡단중,안전운전불이행,젖음/습기,비,단일로 - 기타,승용,남,58세,상해없음,보행자,남,22세,경상
2017081500100201,2017년 8월 15일 12시,화요일,강원도 강릉시 입암동,경상사고,0,0,1,0,차대차 - 기타,안전운전불이행,건조,맑음,주차장 - 주차장,승용,여,65세,상해없음,승용,여,35세,경상
2017081500100221,2017년 8월 15일 13시,화요일,강원도 춘천시 동면,경상사고,0,0,1,0,차대차 - 측면충돌,안전운전불이행,젖음/습기,비,교차로 - 교차로부근,승용,여,34세,상해없음,승용,여,41세,경상
2017081500100222,2017년 8월 15일 13시,화요일,강원도 강릉시 안현동,경상사고,0,0,1,0,차대차 - 측면충돌,신호위반,젖음/습기,비,교차로 - 교차로안,화물,남,32세,상해없음,승용,여,61세,경상
2017081500100223,2017년 8월 15일 13시,화요일,강원도 홍천군 북방면,경상사고,0,0,1,0,차대사람 - 횡단중,안전운전불이행,젖음/습기,비,단일로 - 기타,화물,남,63세,상해없음,보행자,여,73세,경상
2017081500100305,2017년 8월 15일 16시,화요일,강원도 원주시 반곡동,경상사고,0,0,1,0,차대차 - 측면충돌,안전운전불이행,건조,맑음,교차로 - 교차로안,자전거,남,12세,경상,승용,남,34세,상해없음
2017081500100306,2017년 8월 15일 16시,화요일,강원도 속초시 영랑동,중상사고,0,1,0,0,차대차 - 측면충돌,교차로운행방법위반,젖음/습기,비,교차로 - 교차로안,승용,남,52세,상해없음,승합,남,54세,상해없음
2017081500100327,2017년 8월 15일 17시,화요일,강원도 춘천시 효자동,경상사고,0,0,1,0,차대차 - 측면충돌,안전운전불이행,건조,맑음,단일로 - 기타,승용,남,50세,상해없음,승용,여,53세,경상
2017081500100328,2017년 8월 15일 17시,화요일,강원도 강릉시 회산동,경상사고,0,0,3,0,차대차 - 추돌,안전운전불이행,젖음/습기,비,교차로 - 교차로부근,화물,남,62세,상해없음,승용,여,50세,경상
2017081500100394,2017년 8월 15일 19시,화요일,강원도 원주시 신림면,중상사고,0,1,1,0,차대차 - 기타,안전운전불이행,건조,맑음,단일로 - 기타,승용,남,62세,상해없음,승용,남,59세,경상
2017081500100494,2017년 8월 15일 22시,화요일,강원도 속초시 조양동,경상사고,0,0,2,0,차대차 - 후진중충돌,안전운전불이행,젖음/습기,비,단일로 - 기타,승용,남,57세,상해없음,승용,남,38세,경상
2017081500100495,2017년 8월 15일 22시,화요일,강원도 동해시 대구동,중상사고,0,1,0,0,차대차 - 추돌,안전운전불이행,젖음/습기,비,단일로 - 기타,승용,남,40세,상해없음,승용,남,40세,중상
2017081500100519,2017년 8월 15일 23시,화요일,강원도 원주시 평원동,경상사고,0,0,3,0,차대차 - 측면충돌,안전운전불이행,건조,맑음,교차로 - 교차로안,승용,남,29세,상해없음,승용,남,61세,경상
2017081500100520,2017년 8월 15일 23시,화요일,강원도 속초시 조양동,경상사고,0,0,3,0,차대차 - 추돌,안전운전불이행,젖음/습기,비,교차로 - 교차로부근,승용,여,36세,상해없음,승용,남,45세,경상
2017081600100028,2017년 8월 16일 00시,수요일,강원도 원주시 단계동,부상신고사고,0,0,0,1,차대사람 - 횡단중,안전운전불이행,건조,맑음,단일로 - 기타,기타불명,기타불명,미분류,기타불명,보행자,남,23세,부상신고
2017081600100029,2017년 8월 16일 00시,수요일,강원도 원주시 단계동,경상사고,0,0,1,0,차대차 - 측면충돌,신호위반,젖음/습기,맑음,교차로 - 교차로안,승용,남,33세,상해없음,승용,남,62세,경상
2017081600100066,2017년 8월 16일 03시,수요일,강원도 강릉시 안현동,경상사고,0,0,1,0,차대차 - 추돌,안전운전불이행,젖음/습기,비,단일로 - 기타,화물,남,35세,상해없음,화물,남,58세,경상
2017081600100168,2017년 8월 16일 09시,수요일,강원도 춘천시 효자동,경상사고,0,0,1,0,차대차 - 측면충돌,안전거리미확보,건조,맑음,교차로 - 교차로안,승용,남,63세,상해없음,승용,남,53세,경상
2017081600100194,2017년 8월 16일 10시,수요일,강원도 속초시 교동,경상사고,0,0,2,0,차대차 - 추돌,안전운전불이행,건조,맑음,교차로 - 교차로부근,승용,여,45세,상해없음,승용,여,52세,경상
2017081600100249,2017년 8월 16일 12시,수요일,강원도 삼척시 교동,경상사고,0,0,1,0,차대차 - 추돌,안전거리미확보,젖음/습기,비,교차로 - 교차로부근,화물,남,65세,상해없음,승용,여,51세,경상
2017081600100250,2017년 8월 16일 12시,수요일,강원도 인제군 기린면,경상사고,0,0,1,0,차대차 - 정면충돌,중앙선침범,건조,맑음,단일로 - 기타,승용,남,45세,상해없음,승용,남,35세,경상
2017081600100294,2017년 8월 16일 14시,수요일,강원도 강릉시 포남동,경상사고,0,0,4,0,차대차 - 측면충돌,안전운전불이행,건조,맑음,교차로 - 교차로안,화물,남,41세,상해없음,승용,남,46세,경상
2017081600100295,2017년 8월 16일 14시,수요일,강원도 강릉시 옥천동,중상사고,0,1,0,0,차대사람 - 횡단중,보행자보호의무위반,젖음/습기,비,단일로 - 기타,화물,남,24세,상해없음,보행자,여,68세,중상
2017081600100296,2017년 8월 16일 14시,수요일,강원도 속초시 대포동,경상사고,0,0,5,0,차대차 - 후진중충돌,안전운전불이행,건조,맑음,단일로 - 기타,승용,남,40세,상해없음,승용,남,24세,경상
2017081600100297,2017년 8월 16일 14시,수요일,강원도 영월군 주천면,중상사고,0,1,0,0,차대차 - 기타,중앙선침범,건조,맑음,단일로 - 기타,특수,남,62세,상해없음,건설기계,남,37세,중상
2017081600100333,2017년 8월 16일 15시,수요일,강원도 태백시 황지동,경상사고,0,0,2,0,차대차 - 추돌,안전거리미확보,젖음/습기,비,교차로 - 교차로부근,화물,남,51세,상해없음,승용,여,48세,경상
2017081600100363,2017년 8월 16일 16시,수요일,강원도 춘천시 퇴계동,경상사고,0,0,1,0,차대차 - 측면충돌,교차로운행방법위반,건조,맑음,교차로 - 교차로안,화물,남,29세,상해없음,자전거,남,12세,경상
2017081600100364,2017년 8월 16일 16시,수요일,강원도 춘천시 동면,중상사고,0,1,0,0,차대차 - 측면충돌,안전운전불이행,건조,맑음,교차로 - 교차로안,승용,여,40세,상해없음,이륜,남,44세,중상
2017081600100365,2017년 8월 16일 16시,수요일,강원도 횡성군 횡성읍,중상사고,0,1,0,0,차대차 - 측면충돌,안전운전불이행,건조,맑음,단일로 - 기타,승용,여,30세,상해없음,자전거,남,9세,중상
2017081600100395,2017년 8월 16일 17시,수요일,강원도 춘천시 온의동,경상사고,0,0,4,0,차대차 - 추돌,안전운전불이행,건조,맑음,단일로 - 기타,화물,남,48세,상해없음,승용,남,53세,경상
2017081600100396,2017년 8월 16일 17시,수요일,강원도 춘천시 후평동,경상사고,0,0,1,0,차대차 - 추돌,안전운전불이행,건조,맑음,교차로 - 교차로부근,승용,여,21세,상해없음,승용,여,40세,경상
2017081600100397,2017년 8월 16일 17시,수요일,강원도 원주시 태장동,경상사고,0,0,1,0,차대차 - 측면충돌,직진우회전진행방해,건조,맑음,교차로 - 교차로안,승용,남,51세,상해없음,자전거,남,77세,경상
2017081600100440,2017년 8월 16일 18시,수요일,강원도 춘천시 소양로4가,중상사고,0,1,3,0,차대차 - 측면충돌,직진우회전진행방해,건조,맑음,교차로 - 교차로안,승용,여,63세,경상,승용,남,25세,경상
2017081600100441,2017년 8월 16일 18시,수요일,강원도 동해시 효가동,경상사고,0,0,4,0,차대차 - 추돌,안전거리미확보,젖음/습기,비,교차로 - 교차로부근,승용,남,56세,상해없음,화물,남,48세,경상
2017081600100442,2017년 8월 16일 18시,수요일,강원도 동해시 평릉동,중상사고,0,1,0,0,차대차 - 추돌,안전운전불이행,젖음/습기,비,교차로 - 교차로부근,승용,남,23세,상해없음,승용,여,53세,중상
2017081600100544,2017년 8월 16일 21시,수요일,강원도 춘천시 소양로3가,중상사고,0,1,4,0,차대차 - 측면충돌,신호위반,건조,맑음,교차로 - 교차로안,승용,남,55세,상해없음,승용,남,45세,경상
2017081600100545,2017년 8월 16일 21시,수요일,강원도 강릉시 주문진읍,경상사고,0,0,1,0,차대사람 - 기타,보행자보호의무위반,건조,맑음,단일로 - 기타,화물,남,39세,상해없음,보행자,여,46세,경상
2017081600100546,2017년 8월 16일 21시,수요일,강원도 강릉시 교동,경상사고,0,0,2,0,차대차 - 측면충돌,신호위반,젖음/습기,비,교차로 - 교차로안,화물,남,74세,기타불명,승용,남,59세,경상
2017081600100547,2017년 8월 16일 21시,수요일,강원도 원주시 단구동,경상사고,0,0,1,0,차대차 - 측면충돌,안전거리미확보,건조,맑음,교차로 - 교차로부근,승용,여,30세,상해없음,승용,여,53세,경상
2017081600100574,2017년 8월 16일 22시,수요일,강원도 춘천시 소양로1가,경상사고,0,0,2,0,차대차 - 측면충돌,안전운전불이행,건조,맑음,교차로 - 교차로부근,승용,남,60세,상해없음,승용,남,61세,경상
2017081600100597,2017년 8월 16일 23시,수요일,강원도 강릉시 교동,경상사고,0,0,1,0,차대사람 - 횡단중,안전운전불이행,젖음/습기,비,단일로 - 기타,승용,남,25세,상해없음,보행자,남,20세,경상
2017081700100027,2017년 8월 17일 00시,목요일,강원도 강릉시 교동,경상사고,0,0,2,0,차대차 - 추돌,안전운전불이행,젖음/습기,비,단일로 - 기타,승용,남,43세,상해없음,승용,남,27세,경상
2017081700100028,2017년 8월 17일 00시,목요일,강원도 원주시 단구동,중상사고,0,1,0,0,차대차 - 추돌,안전거리미확보,건조,맑음,교차로 - 교차로부근,승용,남,30세,기타불명,승용,남,35세,중상
2017081700100068,2017년 8월 17일 03시,목요일,강원도 원주시 단계동,중상사고,0,1,0,0,차대사람 - 횡단중,보행자보호의무위반,젖음/습기,비,교차로 - 교차로횡단보도내,승용,남,50세,상해없음,보행자,여,19세,중상
2017081700100087,2017년 8월 17일 05시,목요일,강원도 양양군 강현면,중상사고,0,2,2,0,차대차 - 측면충돌,안전운전불이행,젖음/습기,비,단일로 - 기타,화물,여,58세,상해없음,승용,남,33세,경상
2017081700100098,2017년 8월 17일 06시,목요일,강원도 강릉시 임당동,경상사고,0,0,1,0,차량단독 - 기타,안전운전불이행,젖음/습기,흐림,단일로 - 기타,승용,남,22세,상해없음,,,,
2017081700100139,2017년 8월 17일 08시,목요일,강원도 삼척시 읍상동,경상사고,0,0,1,0,차대차 - 측면충돌,안전거리미확보,건조,맑음,단일로 - 기타,승용,여,36세,상해없음,원동기,남,78세,경상
2017081700100193,2017년 8월 17일 10시,목요일,강원도 춘천시 죽림동,경상사고,0,0,2,0,차대차 - 추돌,안전거리미확보,건조,맑음,단일로 - 기타,화물,남,80세,상해없음,승용,남,24세,경상
2017081700100194,2017년 8월 17일 10시,목요일,강원도 동해시 평릉동,경상사고,0,0,3,0,차대차 - 측면충돌,안전운전불이행,건조,맑음,단일로 - 기타,승용,여,54세,상해없음,승용,여,58세,경상
2017081700100216,2017년 8월 17일 11시,목요일,강원도 양양군 현남면,중상사고,0,1,0,0,차대사람 - 횡단중,안전운전불이행,젖음/습기,비,단일로 - 고가도로위,화물,남,58세,상해없음,보행자,여,62세,중상
2017081700100247,2017년 8월 17일 12시,목요일,강원도 원주시 인동,경상사고,0,0,1,0,차대차 - 측면충돌,신호위반,건조,맑음,교차로 - 교차로안,승용,여,53세,상해없음,승용,여,55세,경상
2017081700100248,2017년 8월 17일 12시,목요일,강원도 정선군 사북읍,경상사고,0,0,1,0,차대사람 - 기타,안전운전불이행,건조,맑음,단일로 - 기타,승용,남,53세,상해없음,보행자,남,55세,경상
2017081700100276,2017년 8월 17일 13시,목요일,강원도 춘천시 퇴계동,경상사고,0,0,1,0,차대차 - 측면충돌,기타,건조,맑음,단일로 - 기타,승용,남,61세,상해없음,승용,남,69세,상해없음
2017081700100277,2017년 8월 17일 13시,목요일,강원도 철원군 동송읍,경상사고,0,0,1,0,차대차 - 측면충돌,교차로운행방법위반,건조,맑음,교차로 - 교차로안,화물,여,53세,상해없음,승용,남,23세,경상
2017081700100306,2017년 8월 17일 14시,목요일,강원도 원주시 단계동,경상사고,0,0,1,0,차대차 - 추돌,안전운전불이행,건조,맑음,교차로 - 교차로부근,승용,남,60세,상해없음,승용,남,64세,경상
2017081700100307,2017년 8월 17일 14시,목요일,강원도 정선군 정선읍,중상사고,0,1,0,0,차대차 - 측면충돌,교차로운행방법위반,건조,맑음,교차로 - 교차로안,승용,여,30세,상해없음,자전거,남,63세,중상
2017081700100371,2017년 8월 17일 16시,목요일,강원도 동해시 용정동,경상사고,0,0,2,0,차대차 - 측면충돌,안전운전불이행,건조,맑음,교차로 - 교차로안,승용,남,68세,상해없음,승용,여,50세,경상
2017081700100412,2017년 8월 17일 17시,목요일,강원도 속초시 금호동,경상사고,0,0,3,0,차대차 - 추돌,안전운전불이행,건조,맑음,단일로 - 기타,승용,여,33세,상해없음,승용,남,59세,경상
2017081700100456,2017년 8월 17일 18시,목요일,강원도 속초시 교동,경상사고,0,0,4,0,차대차 - 추돌,안전운전불이행,젖음/습기,비,교차로 - 교차로부근,승용,남,52세,상해없음,승용,남,39세,경상
2017081700100485,2017년 8월 17일 19시,목요일,강원도 춘천시 효자동,경상사고,0,0,1,0,차대차 - 측면충돌,안전운전불이행,건조,맑음,단일로 - 기타,이륜,남,38세,상해없음,이륜,남,22세,경상
2017081700100516,2017년 8월 17일 20시,목요일,강원도 원주시 문막읍,경상사고,0,0,1,0,차대차 - 기타,안전운전불이행,건조,맑음,단일로 - 기타,승용,남,50세,상해없음,승용,여,25세,경상
2017081700100517,2017년 8월 17일 20시,목요일,강원도 동해시 발한동,중상사고,0,1,0,0,차대사람 - 횡단중,보행자보호의무위반,건조,맑음,단일로 - 기타,승용,남,32세,상해없음,보행자,남,59세,중상
2017081700100573,2017년 8월 17일 22시,목요일,강원도 강릉시 옥천동,경상사고,0,0,1,0,차대사람 - 횡단중,안전운전불이행,젖음/습기,비,교차로 - 교차로안,승용,남,56세,상해없음,보행자,남,33세,경상
2017081800100018,2017년 8월 18일 00시,금요일,강원도 춘천시 약사동,경상사고,0,0,1,0,차대차 - 측면충돌,신호위반,건조,흐림,교차로 - 교차로안,화물,남,52세,상해없음,승용,남,59세,경상
2017081800100019,2017년 8월 18일 00시,금요일,강원도 원주시 단계동,경상사고,0,0,1,0,차대차 - 측면충돌,차로위반,건조,맑음,단일로 - 기타,승용,남,46세,상해없음,승합,남,59세,경상
2017081800100058,2017년 8월 18일 05시,금요일,강원도 원주시 반곡동,경상사고,0,0,1,0,차대차 - 측면충돌,안전운전불이행,건조,맑음,교차로 - 교차로안,자전거,남,79세,경상,화물,남,52세,상해없음
2017081800100085,2017년 8월 18일 07시,금요일,강원도 춘천시 석사동,중상사고,0,2,0,0,차대차 - 측면충돌,신호위반,건조,맑음,교차로 - 교차로안,승용,여,52세,상해없음,승용,남,63세,중상
2017081800100179,2017년 8월 18일 10시,금요일,강원도 강릉시 포남동,경상사고,0,0,2,0,차대차 - 측면충돌,신호위반,건조,맑음,교차로 - 교차로안,승용,여,20세,상해없음,승용,남,25세,경상
2017081800100240,2017년 8월 18일 12시,금요일,강원도 강릉시 송정동,경상사고,0,0,1,0,차대차 - 측면충돌,안전운전불이행,건조,흐림,단일로 - 기타,승용,여,77세,상해없음,승용,남,75세,경상
2017081800100241,2017년 8월 18일 12시,금요일,강원도 원주시 단구동,경상사고,0,0,1,0,차대차 - 측면충돌,교차로운행방법위반,건조,맑음,교차로 - 교차로안,승용,남,76세,상해없음,자전거,남,7세,경상
2017081800100242,2017년 8월 18일 12시,금요일,강원도 인제군 인제읍,중상사고,0,1,0,0,차대차 - 측면충돌,안전운전불이행,건조,맑음,교차로 - 교차로안,승용,여,32세,상해없음,자전거,남,70세,중상
2017081800100272,2017년 8월 18일 13시,금요일,강원도 인제군 북면,중상사고,0,4,3,0,차대차 - 추돌,안전운전불이행,젖음/습기,비,단일로 - 교량,화물,남,55세,상해없음,화물,남,60세,상해없음
2017081800100273,2017년 8월 18일 13시,금요일,강원도 인제군 북면,경상사고,0,0,3,0,차대차 - 추돌,안전운전불이행,젖음/습기,비,단일로 - 교량,승용,여,40세,상해없음,승용,남,63세,경상
2017081800100274,2017년 8월 18일 13시,금요일,강원도 고성군 토성면,경상사고,0,0,2,0,차대차 - 후진중충돌,안전운전불이행,건조,맑음,단일로 - 기타,승용,남,66세,상해없음,승용,여,38세,경상
2017081800100301,2017년 8월 18일 14시,금요일,강원도 춘천시 동내면,경상사고,0,0,1,0,차대차 - 기타,신호위반,건조,맑음,단일로 - 기타,자전거,여,68세,경상,승용,남,51세,상해없음
2017081800100302,2017년 8월 18일 14시,금요일,강원도 속초시 교동,중상사고,0,2,0,0,차대차 - 측면충돌,신호위반,젖음/습기,비,교차로 - 교차로안,승용,여,62세,상해없음,승용,남,77세,상해없음
2017081800100303,2017년 8월 18일 14시,금요일,강원도 홍천군 홍천읍,경상사고,0,0,2,0,차대차 - 기타,교차로운행방법위반,건조,맑음,교차로 - 교차로안,승용,남,80세,상해없음,승용,남,60세,경상
2017081800100341,2017년 8월 18일 15시,금요일,강원도 춘천시 동내면,중상사고,0,1,0,0,차대차 - 측면충돌,차로위반,건조,맑음,단일로 - 기타,화물,남,29세,상해없음,이륜,남,75세,중상
2017081800100342,2017년 8월 18일 15시,금요일,강원도 원주시 원동,부상신고사고,0,0,0,1,차대차 - 측면충돌,안전운전불이행,건조,맑음,기타 - 기타,승용,남,60세,상해없음,자전거,남,72세,부상신고
2017081800100343,2017년 8월 18일 15시,금요일,강원도 원주시 단구동,경상사고,0,0,1,0,차대사람 - 기타,안전운전불이행,건조,맑음,단일로 - 기타,승용,여,50세,상해없음,보행자,여,38세,경상
2017081800100375,2017년 8월 18일 16시,금요일,강원도 춘천시 조양동,경상사고,0,0,1,0,차대차 - 측면충돌,안전거리미확보,건조,맑음,단일로 - 기타,승용,남,34세,상해없음,승용,남,64세,경상
2017081800100376,2017년 8월 18일 16시,금요일,강원도 원주시 문막읍,경상사고,0,0,1,0,차대차 - 측면충돌,교차로운행방법위반,건조,맑음,교차로 - 교차로안,화물,남,58세,상해없음,화물,남,46세,경상
2017081800100409,2017년 8월 18일 17시,금요일,강원도 동해시 효가동,경상사고,0,0,1,0,차대차 - 측면충돌,교차로운행방법위반,건조,맑음,교차로 - 교차로안,승합,남,59세,상해없음,화물,여,48세,경상
2017081800100443,2017년 8월 18일 18시,금요일,강원도 원주시 개운동,중상사고,0,1,0,0,차대차 - 측면충돌,안전운전불이행,건조,맑음,단일로 - 기타,승용,남,57세,상해없음,자전거,남,16세,중상
2017081800100444,2017년 8월 18일 18시,금요일,강원도 홍천군 홍천읍,중상사고,0,1,0,0,차대사람 - 기타,안전운전불이행,건조,맑음,교차로 - 교차로부근,화물,남,67세,상해없음,보행자,여,54세,중상
2017081800100519,2017년 8월 18일 20시,금요일,강원도 춘천시 동면,경상사고,0,0,2,0,차대차 - 측면충돌,교차로운행방법위반,건조,맑음,교차로 - 교차로안,승용,남,37세,상해없음,승용,남,74세,경상
2017081800100520,2017년 8월 18일 20시,금요일,강원도 원주시 소초면,경상사고,0,0,2,0,차대차 - 측면충돌,안전운전불이행,건조,맑음,교차로 - 교차로안,승용,여,54세,상해없음,승용,여,28세,경상
2017081800100580,2017년 8월 18일 22시,금요일,강원도 강릉시 임당동,중상사고,0,1,0,0,차대사람 - 횡단중,안전운전불이행,건조,맑음,교차로 - 교차로부근,승용,여,22세,상해없음,보행자,남,64세,중상
2017081800100581,2017년 8월 18일 22시,금요일,강원도 속초시 동명동,경상사고,0,0,1,0,차대사람 - 횡단중,보행자보호의무위반,젖음/습기,비,교차로 - 교차로안,승용,남,61세,상해없음,보행자,여,24세,경상
2017081900100044,2017년 8월 19일 01시,토요일,강원도 동해시 효가동,경상사고,0,0,1,0,차대차 - 기타,교차로운행방법위반,건조,맑음,교차로 - 교차로안,승용,남,23세,상해없음,건설기계,남,56세,경상
2017081900100058,2017년 8월 19일 02시,토요일,강원도 춘천시 후평동,경상사고,0,0,1,0,차대차 - 측면충돌,안전운전불이행,건조,맑음,단일로 - 기타,승용,여,51세,상해없음,승용,남,58세,기타불명
2017081900100157,2017년 8월 19일 09시,토요일,강원도 철원군 철원읍,중상사고,0,1,0,0,차대차 - 측면충돌,안전운전불이행,건조,맑음,단일로 - 기타,승용,남,50세,상해없음,원동기,남,79세,중상
2017081900100208,2017년 8월 19일 11시,토요일,강원도 강릉시 옥천동,경상사고,0,0,2,0,차대차 - 측면충돌,안전운전불이행,건조,맑음,교차로 - 교차로안,승용,남,43세,상해없음,승용,남,29세,경상
2017081900100240,2017년 8월 19일 12시,토요일,강원도 평창군 대관령면,중상사고,0,4,1,0,차대차 - 정면충돌,안전운전불이행,건조,맑음,단일로 - 기타,승용,여,37세,경상,승용,남,61세,중상
2017081900100318,2017년 8월 19일 15시,토요일,강원도 춘천시 석사동,중상사고,0,1,2,0,차대차 - 측면충돌,안전운전불이행,건조,맑음,교차로 - 교차로안,승용,남,68세,상해없음,승용,여,50세,경상
2017081900100319,2017년 8월 19일 15시,토요일,강원도 춘천시 동면,경상사고,0,0,6,0,차대차 - 추돌,안전운전불이행,건조,맑음,교차로 - 교차로부근,승용,남,38세,상해없음,승용,남,22세,경상
2017081900100320,2017년 8월 19일 15시,토요일,강원도 강릉시 청량동,중상사고,0,2,0,0,차대차 - 추돌,안전운전불이행,젖음/습기,비,교차로 - 교차로부근,승용,남,46세,상해없음,승용,남,47세,중상
2017081900100352,2017년 8월 19일 16시,토요일,강원도 양양군 현남면,경상사고,0,0,2,0,차대차 - 추돌,안전운전불이행,젖음/습기,맑음,교차로 - 교차로부근,승용,남,48세,상해없음,승용,여,50세,경상
2017081900100375,2017년 8월 19일 17시,토요일,강원도 강릉시 초당동,경상사고,0,0,2,0,차대차 - 측면충돌,신호위반,젖음/습기,흐림,교차로 - 교차로안,승합,남,41세,경상,승용,남,24세,경상
2017081900100376,2017년 8월 19일 17시,토요일,강원도 양양군 현남면,경상사고,0,0,10,4,차대차 - 측면충돌,중앙선침범,젖음/습기,흐림,단일로 - 기타,승용,남,30세,상해없음,승합,남,43세,경상
2017081900100418,2017년 8월 19일 18시,토요일,강원도 고성군 간성읍,사망사고,2,0,1,0,차량단독 - 공작물충돌,안전운전불이행,젖음/습기,흐림,기타 - 기타,승용,남,62세,경상,,,,
2017081900100452,2017년 8월 19일 19시,토요일,강원도 강릉시 주문진읍,경상사고,0,0,1,0,차대사람 - 횡단중,안전운전불이행,건조,맑음,단일로 - 기타,승용,여,55세,상해없음,보행자,남,45세,경상
2017081900100453,2017년 8월 19일 19시,토요일,강원도 원주시 명륜동,경상사고,0,0,1,0,차대사람 - 기타,안전운전불이행,건조,맑음,기타 - 기타,승용,남,47세,상해없음,보행자,여,47세,경상
2017081900100454,2017년 8월 19일 19시,토요일,강원도 원주시 행구동,경상사고,0,0,1,0,차대차 - 측면충돌,교차로운행방법위반,건조,맑음,교차로 - 교차로안,승용,남,62세,상해없음,승용,남,35세,경상
2017081900100583,2017년 8월 19일 23시,토요일,강원도 춘천시 후평동,경상사고,0,0,1,0,차대차 - 측면충돌,중앙선침범,젖음/습기,비,단일로 - 기타,화물,남,49세,상해없음,승용,남,44세,경상
2017081900100584,2017년 8월 19일 23시,토요일,강원도 홍천군 북방면,중상사고,0,1,0,0,차대차 - 기타,중앙선침범,젖음/습기,비,단일로 - 기타,승용,남,58세,상해없음,승용,남,60세,중상
2017081900100585,2017년 8월 19일 23시,토요일,강원도 동해시 천곡동,경상사고,0,0,3,0,차대차 - 측면충돌,신호위반,건조,맑음,교차로 - 교차로안,승용,여,47세,상해없음,승용,남,67세,경상
2017082000100062,2017년 8월 20일 01시,일요일,강원도 원주시 단구동,중상사고,0,2,0,0,차대차 - 측면충돌,신호위반,젖음/습기,비,교차로 - 교차로안,화물,남,43세,상해없음,승용,남,56세,중상
2017082000100085,2017년 8월 20일 02시,일요일,강원도 강릉시 왕산면,사망사고,1,0,0,0,차량단독 - 공작물충돌,안전운전불이행,젖음/습기,비,단일로 - 기타,화물,남,50세,사망,,,,
2017082000100140,2017년 8월 20일 06시,일요일,강원도 원주시 일산동,경상사고,0,0,1,0,차대차 - 측면충돌,안전운전불이행,건조,맑음,교차로 - 교차로안,승용,남,57세,상해없음,이륜,남,43세,경상
2017082000100188,2017년 8월 20일 10시,일요일,강원도 강릉시 지변동,경상사고,0,0,1,0,차대사람 - 길가장자리구역통행중,안전운전불이행,젖음/습기,비,단일로 - 기타,자전거,여,23세,상해없음,보행자,남,65세,경상
2017082000100189,2017년 8월 20일 10시,일요일,강원도 원주시 호저면,중상사고,0,1,0,0,차량단독 - 공작물충돌,안전운전불이행,젖음/습기,비,단일로 - 기타,승용,남,23세,상해없음,,,,
2017082000100214,2017년 8월 20일 11시,일요일,강원도 원주시 단계동,중상사고,0,1,1,0,차대차 - 추돌,안전거리미확보,건조,맑음,단일로 - 기타,승용,남,39세,상해없음,승용,남,27세,경상
2017082000100240,2017년 8월 20일 12시,일요일,강원도 양양군 현남면,경상사고,0,0,2,0,차대차 - 측면충돌,안전운전불이행,젖음/습기,비,단일로 - 기타,승용,남,56세,상해없음,승용,남,31세,경상
2017082000100252,2017년 8월 20일 13시,일요일,강원도 춘천시 동면,부상신고사고,0,0,0,1,차대차 - 추돌,안전운전불이행,젖음/습기,비,단일로 - 기타,승용,남,49세,상해없음,승용,남,44세,상해없음
2017082000100253,2017년 8월 20일 13시,일요일,강원도 동해시 천곡동,경상사고,0,0,1,0,차대차 - 측면충돌,교차로운행방법위반,건조,맑음,교차로 - 교차로안,승용,여,39세,상해없음,승용,남,66세,경상
2017082000100304,2017년 8월 20일 15시,일요일,강원도 원주시 태장동,중상사고,0,1,0,0,차대사람 - 기타,안전운전불이행,건조,맑음,교차로 - 교차로부근,승용,여,35세,상해없음,보행자,남,84세,중상
2017082000100326,2017년 8월 20일 16시,일요일,강원도 평창군 봉평면,경상사고,0,0,2,0,차대차 - 기타,안전운전불이행,건조,맑음,단일로 - 기타,화물,남,51세,상해없음,승용,여,32세,경상
2017082000100374,2017년 8월 20일 18시,일요일,강원도 강릉시 견소동,경상사고,0,0,1,0,차대사람 - 차도통행중,안전운전불이행,건조,맑음,교차로 - 교차로안,승용,남,33세,상해없음,보행자,남,46세,경상