사고번호,사고일시,요일,시군구,사고내용,사망자수,중상자수,경상자수,부상신고자수,사고유형,법규위반,노면상태,기상상태,도로형태,가해운전자 차종,가해운전자 성별,가해운전자 연령,가해운전자 상해정도,피해운전자 차종,피해운전자 성별,피해운전자 연령,피해운전자 상해정도
2017082600100541,2017년 8월 26일 18시,토요일,강원도 원주시 지정면,경상사고,0,0,1,0,차대차 - 후진중충돌,안전운전불이행,건조,맑음,단일로 - 기타,승용,남,61세,상해없음,승용,남,36세,경상
2017082600100542,2017년 8월 26일 18시,토요일,강원도 속초시 영랑동,중상사고,0,1,0,0,차대차 - 측면충돌,불법유턴,건조,맑음,단일로 - 기타,승용,남,27세,상해없음,이륜,남,64세,중상
2017082600100585,2017년 8월 26일 19시,토요일,강원도 강릉시 교동,경상사고,0,0,1,0,차대차 - 기타,안전운전불이행,건조,맑음,단일로 - 기타,승용,여,63세,상해없음,자전거,남,25세,경상
2017082600100648,2017년 8월 26일 21시,토요일,강원도 원주시 단계동,경상사고,0,0,1,0,차대차 - 측면충돌,안전운전불이행,건조,맑음,단일로 - 기타,승용,남,57세,상해없음,승용,남,43세,경상
2017082600100668,2017년 8월 26일 22시,토요일,강원도 원주시 단구동,경상사고,0,0,2,0,차대차 - 후진중충돌,안전운전불이행,건조,맑음,주차장 - 주차장,승용,남,53세,상해없음,승용,남,31세,경상
2017082600100691,2017년 8월 26일 23시,토요일,강원도 영월군 영월읍,부상신고사고,0,0,0,1,차대차 - 추돌,안전운전불이행,건조,맑음,교차로 - 교차로안,승합,남,46세,상해없음,승용,남,62세,부상신고
2017082600100692,2017년 8월 26일 23시,토요일,강원도 홍천군 남면,사망사고,1,0,0,0,차량단독 - 기타,안전운전불이행,건조,맑음,단일로 - 터널,이륜,남,26세,사망,,,,
2017082600100693,2017년 8월 26일 23시,토요일,강원도 평창군 진부면,중상사고,0,2,3,0,차대차 - 측면충돌,안전운전불이행,건조,맑음,교차로 - 교차로안,승용,남,40세,경상,화물,남,63세,중상
2017082600100694,2017년 8월 26일 23시,토요일,강원도 고성군 거진읍,중상사고,0,1,0,0,차대차 - 측면충돌,안전운전불이행,건조,맑음,교차로 - 교차로안,승용,여,52세,상해없음,승용,남,29세,중상
2017082700100019,2017년 8월 27일 00시,일요일,강원도 춘천시 석사동,중상사고,0,1,0,0,차대사람 - 보도통행중,안전운전불이행,건조,맑음,단일로 - 기타,승용,여,21세,상해없음,보행자,남,50세,중상
2017082700100033,2017년 8월 27일 01시,일요일,강원도 춘천시 신북읍,경상사고,0,0,1,0,차대차 - 측면충돌,안전운전불이행,건조,맑음,교차로 - 교차로안,승용,남,27세,상해없음,승용,여,57세,경상
2017082700100034,2017년 8월 27일 01시,일요일,강원도 양양군 현북면,중상사고,0,1,0,0,차대사람 - 차도통행중,안전운전불이행,건조,맑음,교차로 - 교차로안,승용,남,34세,상해없음,보행자,남,28세,중상
2017082700100051,2017년 8월 27일 02시,일요일,강원도 양양군 강현면,경상사고,0,0,3,0,차대차 - 후진중충돌,안전운전불이행,건조,맑음,단일로 - 기타,승용,남,22세,상해없음,승용,여,28세,경상
2017082700100070,2017년 8월 27일 03시,일요일,강원도 원주시 단계동,경상사고,0,0,1,0,차대차 - 측면충돌,안전운전불이행,건조,맑음,단일로 - 기타,승용,여,29세,상해없음,이륜,남,43세,경상
2017082700100101,2017년 8월 27일 07시,일요일,강원도 강릉시 입암동,경상사고,0,0,2,0,차대차 - 측면충돌,신호위반,건조,맑음,교차로 - 교차로안,승용,남,42세,상해없음,승용,여,51세,경상
2017082700100102,2017년 8월 27일 07시,일요일,강원도 원주시 학성동,경상사고,0,0,1,0,차대사람 - 차도통행중,안전운전불이행,건조,맑음,단일로 - 기타,승용,남,56세,상해없음,보행자,남,25세,경상
2017082700100127,2017년 8월 27일 09시,일요일,강원도 춘천시 소양로2가,경상사고,0,0,1,0,차대차 - 측면충돌,신호위반,건조,맑음,교차로 - 교차로안,승용,남,72세,상해없음,화물,남,56세,경상
2017082700100165,2017년 8월 27일 11시,일요일,강원도 춘천시 후평동,경상사고,0,0,1,0,차대차 - 측면충돌,안전운전불이행,건조,맑음,단일로 - 기타,승용,남,75세,상해없음,승합,남,52세,상해없음
2017082700100166,2017년 8월 27일 11시,일요일,강원도 춘천시 서면,중상사고,0,1,0,0,차대차 - 정면충돌,안전운전불이행,건조,맑음,단일로 - 기타,자전거,남,60세,상해없음,자전거,남,55세,중상
2017082700100167,2017년 8월 27일 11시,일요일,강원도 양양군 현남면,경상사고,0,0,2,0,차대차 - 측면충돌,안전운전불이행,건조,맑음,교차로 - 교차로안,승용,여,51세,상해없음,승용,남,81세,경상
2017082700100168,2017년 8월 27일 11시,일요일,강원도 삼척시 교동,경상사고,0,0,2,0,차대차 - 추돌,안전운전불이행,건조,맑음,교차로 - 교차로부근,건설기계,남,58세,상해없음,승용,남,42세,경상
2017082700100169,2017년 8월 27일 11시,일요일,강원도 태백시 황지동,중상사고,0,1,4,0,차대차 - 측면충돌,불법유턴,건조,맑음,교차로 - 교차로안,승용,남,58세,상해없음,승합,남,68세,경상
2017082700100190,2017년 8월 27일 12시,일요일,강원도 강릉시 성산면,중상사고,0,1,0,0,차대차 - 측면충돌,안전운전불이행,건조,맑음,교차로 - 교차로안,승용,남,65세,상해없음,승용,남,23세,중상
2017082700100191,2017년 8월 27일 12시,일요일,강원도 철원군 동송읍,경상사고,0,0,1,0,차대차 - 측면충돌,중앙선침범,건조,맑음,단일로 - 기타,승용,남,36세,상해없음,승용,남,73세,상해없음
2017082700100222,2017년 8월 27일 13시,일요일,강원도 속초시 청호동,중상사고,0,1,0,0,차대사람 - 차도통행중,안전운전불이행,건조,맑음,주차장 - 주차장,승용,남,39세,상해없음,보행자,남,44세,중상
2017082700100223,2017년 8월 27일 13시,일요일,강원도 홍천군 홍천읍,경상사고,0,0,2,0,차대차 - 측면충돌,안전거리미확보,건조,맑음,단일로 - 기타,승용,여,51세,상해없음,승용,남,46세,경상
2017082700100224,2017년 8월 27일 13시,일요일,강원도 평창군 평창읍,중상사고,0,1,4,0,차대차 - 측면충돌,중앙선침범,건조,맑음,단일로 - 기타,화물,남,74세,상해없음,승용,남,30세,경상
2017082700100249,2017년 8월 27일 14시,일요일,강원도 양양군 현북면,중상사고,0,1,3,0,차대차 - 기타,안전운전불이행,건조,맑음,단일로 - 기타,승용,남,38세,상해없음,승용,여,30세,경상
2017082700100336,2017년 8월 27일 17시,일요일,강원도 춘천시 남면,사망사고,1,0,2,0,차대차 - 측면충돌,중앙선침범,건조,맑음,단일로 - 기타,승용,여,38세,사망,승합,남,53세,경상
2017082700100361,2017년 8월 27일 18시,일요일,강원도 춘천시 교동,경상사고,0,0,4,0,차대차 - 측면충돌,교차로운행방법위반,건조,맑음,교차로 - 교차로안,승용,여,43세,경상,승용,남,41세,경상
2017082700100381,2017년 8월 27일 19시,일요일,강원도 춘천시 퇴계동,중상사고,0,1,0,0,차대사람 - 차도통행중,안전운전불이행,건조,맑음,단일로 - 기타,승용,남,72세,상해없음,보행자,남,45세,중상
2017082800100022,2017년 8월 28일 00시,월요일,강원도 원주시 단계동,경상사고,0,0,1,0,차대차 - 추돌,안전운전불이행,건조,맑음,교차로 - 교차로부근,승용,여,55세,상해없음,이륜,남,17세,경상
2017082800100086,2017년 8월 28일 07시,월요일,강원도 홍천군 서석면,중상사고,0,1,0,0,차대차 - 정면충돌,중앙선침범,건조,맑음,단일로 - 기타,승용,남,77세,상해없음,이륜,남,63세,중상
2017082800100189,2017년 8월 28일 10시,월요일,강원도 원주시 관설동,경상사고,0,0,1,0,차대차 - 측면충돌,안전운전불이행,건조,맑음,단일로 - 기타,자전거,남,75세,경상,승용,남,42세,상해없음
2017082800100190,2017년 8월 28일 10시,월요일,강원도 삼척시 정상동,경상사고,0,0,1,0,차대차 - 측면충돌,안전운전불이행,건조,맑음,단일로 - 기타,건설기계,남,57세,상해없음,승용,여,37세,경상
2017082800100191,2017년 8월 28일 10시,월요일,강원도 평창군 평창읍,부상신고사고,0,0,0,2,차대차 - 추돌,안전운전불이행,건조,맑음,교차로 - 교차로부근,농기계,남,55세,상해없음,승용,남,21세,부상신고
2017082800100192,2017년 8월 28일 10시,월요일,강원도 횡성군 우천면,사망사고,1,0,0,0,차대차 - 기타,안전운전불이행,건조,맑음,기타 - 기타,특수,남,29세,상해없음,자전거,남,83세,사망
2017082800100282,2017년 8월 28일 13시,월요일,강원도 춘천시 온의동,경상사고,0,0,1,1,차대차 - 추돌,차로위반,건조,맑음,단일로 - 기타,승용,남,50세,상해없음,승합,남,57세,상해없음
2017082800100283,2017년 8월 28일 13시,월요일,강원도 동해시 발한동,중상사고,0,1,0,0,차대차 - 측면충돌,안전운전불이행,건조,맑음,단일로 - 기타,농기계,남,78세,중상,건설기계,남,47세,상해없음
2017082800100312,2017년 8월 28일 14시,월요일,강원도 원주시 개운동,경상사고,0,0,2,0,차대차 - 측면충돌,안전운전불이행,건조,맑음,단일로 - 기타,승용,남,79세,상해없음,승합,남,62세,경상
2017082800100313,2017년 8월 28일 14시,월요일,강원도 양양군 서면,경상사고,0,0,2,0,차대차 - 기타,중앙선침범,건조,맑음,단일로 - 기타,화물,남,54세,상해없음,승용,남,55세,경상
2017082800100435,2017년 8월 28일 17시,월요일,강원도 삼척시 남양동,사망사고,2,0,0,0,차량단독 - 공작물충돌,안전운전불이행,건조,맑음,단일로 - 기타,승용,남,77세,사망,,,,
2017082800100436,2017년 8월 28일 17시,월요일,강원도 평창군 진부면,경상사고,0,0,1,0,차대사람 - 횡단중,안전운전불이행,건조,흐림,단일로 - 기타,원동기,남,50세,상해없음,보행자,남,81세,경상
2017082800100437,2017년 8월 28일 17시,월요일,강원도 철원군 동송읍,중상사고,0,1,1,0,차대차 - 측면충돌,안전운전불이행,젖음/습기,비,단일로 - 기타,화물,남,68세,중상,승용,남,48세,경상
2017082800100479,2017년 8월 28일 18시,월요일,강원도 원주시 문막읍,경상사고,0,0,1,0,차대사람 - 횡단중,보행자보호의무위반,젖음/습기,비,단일로 - 기타,화물,남,41세,상해없음,보행자,여,44세,경상
2017082800100528,2017년 8월 28일 19시,월요일,강원도 강릉시 주문진읍,경상사고,0,0,2,0,차대차 - 측면충돌,중앙선침범,젖음/습기,비,단일로 - 기타,승용,남,65세,상해없음,승용,여,41세,경상
2017082800100605,2017년 8월 28일 22시,월요일,강원도 춘천시 석사동,경상사고,0,0,1,0,차대사람 - 기타,안전운전불이행,젖음/습기,흐림,교차로 - 교차로부근,승용,남,79세,상해없음,보행자,남,30세,경상
2017082900100132,2017년 8월 29일 08시,화요일,강원도 춘천시 퇴계동,경상사고,0,0,2,0,차대차 - 측면충돌,교차로운행방법위반,건조,맑음,교차로 - 교차로안,승용,여,75세,경상,승용,여,39세,경상
2017082900100133,2017년 8월 29일 08시,화요일,강원도 춘천시 후평동,경상사고,0,0,1,0,차량단독 - 기타,안전운전불이행,건조,맑음,단일로 - 기타,승합,남,49세,상해없음,,,,
2017082900100134,2017년 8월 29일 08시,화요일,강원도 원주시 문막읍,경상사고,0,0,1,0,차대차 - 측면충돌,교차로운행방법위반,건조,맑음,교차로 - 교차로안,승용,남,68세,상해없음,승용,남,69세,경상
2017082900100173,2017년 8월 29일 09시,화요일,강원도 강릉시 옥천동,경상사고,0,0,1,0,차대차 - 측면충돌,안전운전불이행,건조,맑음,단일로 - 기타,화물,남,63세,상해없음,화물,남,39세,경상
2017082900100174,2017년 8월 29일 09시,화요일,강원도 원주시 개운동,중상사고,0,1,0,0,차대차 - 측면충돌,안전운전불이행,건조,맑음,교차로 - 교차로안,승용,여,47세,상해없음,이륜,남,69세,중상
2017082900100175,2017년 8월 29일 09시,화요일,강원도 정선군 임계면,경상사고,0,0,1,0,차대사람 - 길가장자리구역통행중,안전운전불이행,건조,맑음,단일로 - 기타,화물,남,67세,상해없음,보행자,여,59세,경상
2017082900100211,2017년 8월 29일 10시,화요일,강원도 삼척시 오분동,중상사고,0,3,3,0,차대차 - 추돌,안전운전불이행,건조,맑음,단일로 - 기타,승용,남,73세,중상,승용,남,46세,경상
2017082900100234,2017년 8월 29일 11시,화요일,강원도 강릉시 안현동,중상사고,0,1,0,0,차대차 - 측면충돌,안전운전불이행,건조,맑음,교차로 - 교차로부근,승용,남,22세,상해없음,승용,남,53세,중상
2017082900100235,2017년 8월 29일 11시,화요일,강원도 강릉시 포남동,경상사고,0,0,1,0,차대차 - 측면충돌,신호위반,건조,맑음,교차로 - 교차로안,승용,여,60세,상해없음,승용,여,28세,경상
2017082900100265,2017년 8월 29일 12시,화요일,강원도 강릉시 포남동,경상사고,0,0,1,0,차대차 - 측면충돌,안전운전불이행,건조,맑음,단일로 - 기타,승용,남,65세,상해없음,자전거,남,57세,경상
2017082900100266,2017년 8월 29일 12시,화요일,강원도 영월군 영월읍,부상신고사고,0,0,0,2,차대차 - 추돌,안전거리미확보,건조,맑음,단일로 - 기타,화물,남,49세,부상신고,화물,남,68세,부상신고
2017082900100297,2017년 8월 29일 13시,화요일,강원도 원주시 학성동,경상사고,0,0,1,0,차대차 - 측면충돌,안전운전불이행,건조,맑음,단일로 - 기타,승용,남,44세,상해없음,승용,여,24세,경상
2017082900100332,2017년 8월 29일 14시,화요일,강원도 고성군 간성읍,중상사고,0,1,0,0,차대차 - 추돌,안전운전불이행,건조,맑음,단일로 - 교량,화물,남,56세,상해없음,농기계,남,63세,중상
2017082900100361,2017년 8월 29일 15시,화요일,강원도 강릉시 주문진읍,경상사고,0,0,1,0,차대차 - 측면충돌,안전운전불이행,건조,맑음,단일로 - 기타,승용,여,57세,상해없음,승용,남,24세,경상
2017082900100362,2017년 8월 29일 15시,화요일,강원도 고성군 간성읍,중상사고,0,1,0,0,차대차 - 측면충돌,안전운전불이행,건조,맑음,기타 - 기타,승용,여,40세,상해없음,원동기,남,29세,중상
2017082900100407,2017년 8월 29일 16시,화요일,강원도 강릉시 포남동,경상사고,0,0,1,0,차대차 - 측면충돌,안전운전불이행,건조,맑음,교차로 - 교차로안,승용,여,46세,상해없음,자전거,남,13세,경상
2017082900100444,2017년 8월 29일 17시,화요일,강원도 춘천시 효자동,중상사고,0,1,0,0,차대차 - 측면충돌,안전운전불이행,건조,맑음,교차로 - 교차로안,승용,남,47세,상해없음,이륜,남,60세,중상
2017082900100445,2017년 8월 29일 17시,화요일,강원도 동해시 송정동,경상사고,0,0,1,0,차대차 - 측면충돌,신호위반,건조,맑음,교차로 - 교차로안,승용,남,57세,상해없음,화물,남,71세,경상
2017082900100489,2017년 8월 29일 18시,화요일,강원도 춘천시 후평동,중상사고,0,1,0,0,차대차 - 측면충돌,안전거리미확보,건조,맑음,단일로 - 기타,승용,남,44세,상해없음,이륜,남,45세,중상
2017082900100490,2017년 8월 29일 18시,화요일,강원도 강릉시 입암동,경상사고,0,0,1,0,차대차 - 측면충돌,안전운전불이행,건조,맑음,교차로 - 교차로안,화물,남,38세,상해없음,승용,여,35세,경상
2017082900100491,2017년 8월 29일 18시,화요일,강원도 속초시 교동,중상사고,0,1,0,0,차대차 - 측면충돌,신호위반,건조,맑음,교차로 - 교차로안,승용,남,73세,상해없음,이륜,남,72세,중상
2017082900100492,2017년 8월 29일 18시,화요일,강원도 속초시 영랑동,경상사고,0,0,1,0,차대차 - 측면충돌,신호위반,건조,맑음,교차로 - 교차로안,승합,남,43세,상해없음,화물,남,49세,경상
2017083000100056,2017년 8월 30일 04시,수요일,강원도 원주시 명륜동,사망사고,1,2,2,0,차대차 - 측면충돌,신호위반,건조,맑음,교차로 - 교차로안,이륜,남,20세,사망,승용,여,30세,경상
2017083000100073,2017년 8월 30일 06시,수요일,강원도 화천군 사내면,경상사고,0,0,4,0,차대차 - 측면충돌,중앙선침범,건조,맑음,단일로 - 기타,승용,남,56세,상해없음,승용,남,28세,경상
2017083000100119,2017년 8월 30일 08시,수요일,강원도 춘천시 후평동,경상사고,0,0,1,0,차대차 - 측면충돌,직진우회전진행방해,건조,맑음,교차로 - 교차로안,승용,남,63세,상해없음,승용,여,61세,경상
2017083000100120,2017년 8월 30일 08시,수요일,강원도 원주시 태장동,중상사고,0,1,2,0,차대차 - 추돌,안전운전불이행,건조,맑음,교차로 - 교차로부근,승용,여,35세,상해없음,승용,남,25세,중상
2017083000100187,2017년 8월 30일 10시,수요일,강원도 홍천군 홍천읍,경상사고,0,0,1,0,차대사람 - 횡단중,보행자보호의무위반,건조,맑음,교차로 - 교차로횡단보도내,화물,남,23세,상해없음,보행자,남,53세,경상
2017083000100188,2017년 8월 30일 10시,수요일,강원도 정선군 임계면,사망사고,1,0,0,0,차대사람 - 횡단중,안전운전불이행,건조,맑음,단일로 - 기타,건설기계,남,47세,상해없음,보행자,여,82세,사망
2017083000100212,2017년 8월 30일 11시,수요일,강원도 원주시 단구동,경상사고,0,0,1,0,차대차 - 추돌,안전거리미확보,건조,맑음,교차로 - 교차로부근,승용,여,57세,상해없음,화물,남,40세,상해없음
2017083000100213,2017년 8월 30일 11시,수요일,강원도 영월군 주천면,경상사고,0,0,1,0,차대차 - 측면충돌,안전운전불이행,건조,맑음,교차로 - 교차로안,승용,남,58세,상해없음,화물,여,52세,상해없음
2017083000100214,2017년 8월 30일 11시,수요일,강원도 평창군 방림면,중상사고,0,1,0,0,차대차 - 기타,중앙선침범,건조,맑음,단일로 - 기타,화물,남,64세,상해없음,승용,남,65세,중상
2017083000100293,2017년 8월 30일 14시,수요일,강원도 강릉시 송정동,경상사고,0,0,1,0,차대사람 - 횡단중,안전운전불이행,건조,맑음,단일로 - 기타,화물,남,48세,상해없음,보행자,여,28세,경상
2017083000100294,2017년 8월 30일 14시,수요일,강원도 동해시 추암동,중상사고,0,1,0,0,차대사람 - 기타,안전운전불이행,건조,맑음,주차장 - 주차장,화물,남,62세,상해없음,보행자,여,68세,중상
2017083000100398,2017년 8월 30일 17시,수요일,강원도 동해시 발한동,경상사고,0,0,2,0,차대차 - 추돌,안전거리미확보,건조,맑음,단일로 - 기타,화물,남,60세,상해없음,승용,남,47세,경상
2017083000100446,2017년 8월 30일 18시,수요일,강원도 춘천시 남산면,경상사고,0,0,4,0,차대차 - 측면충돌,안전운전불이행,건조,맑음,교차로 - 교차로안,승용,여,30세,상해없음,승합,남,41세,경상
2017083000100447,2017년 8월 30일 18시,수요일,강원도 춘천시 후평동,부상신고사고,0,0,0,1,차대차 - 측면충돌,기타,건조,맑음,교차로 - 교차로안,이륜,남,46세,상해없음,승용,여,53세,부상신고
2017083000100448,2017년 8월 30일 18시,수요일,강원도 원주시 개운동,중상사고,0,1,0,0,차대사람 - 횡단중,보행자보호의무위반,건조,맑음,교차로 - 교차로횡단보도내,승용,남,30세,상해없음,보행자,남,69세,중상
2017083000100449,2017년 8월 30일 18시,수요일,강원도 원주시 판부면,경상사고,0,0,1,0,차대차 - 기타,안전운전불이행,건조,흐림,단일로 - 기타,승용,여,53세,상해없음,자전거,여,11세,경상
2017083000100450,2017년 8월 30일 18시,수요일,강원도 삼척시 남양동,경상사고,0,0,1,0,차대사람 - 차도통행중,안전운전불이행,건조,맑음,단일로 - 기타,승합,남,37세,상해없음,보행자,여,48세,경상
2017083000100451,2017년 8월 30일 18시,수요일,강원도 횡성군 횡성읍,중상사고,0,1,0,0,차대차 - 추돌,안전운전불이행,건조,맑음,단일로 - 기타,승용,여,42세,상해없음,승용,남,47세,중상
2017083000100513,2017년 8월 30일 20시,수요일,강원도 동해시 신흥동,경상사고,0,0,1,0,차대차 - 정면충돌,중앙선침범,건조,맑음,단일로 - 기타,승용,남,25세,상해없음,승용,여,27세,경상
2017083000100514,2017년 8월 30일 20시,수요일,강원도 강릉시 교동,경상사고,0,0,1,0,차대차 - 측면충돌,안전운전불이행,건조,맑음,교차로 - 교차로부근,승용,남,52세,상해없음,이륜,남,22세,경상
2017083000100515,2017년 8월 30일 20시,수요일,강원도 원주시 단계동,경상사고,0,0,1,0,차대차 - 측면충돌,안전거리미확보,건조,맑음,교차로 - 교차로부근,승용,남,50세,상해없음,승용,여,48세,경상
2017083000100543,2017년 8월 30일 21시,수요일,강원도 춘천시 석사동,경상사고,0,0,1,0,차대차 - 추돌,안전운전불이행,건조,맑음,단일로 - 기타,승용,남,38세,상해없음,승용,남,43세,경상
2017083000100544,2017년 8월 30일 21시,수요일,강원도 원주시 우산동,부상신고사고,0,0,0,1,차대차 - 추돌,안전운전불이행,건조,맑음,교차로 - 교차로부근,기타불명,기타불명,미분류,기타불명,이륜,남,44세,부상신고
2017083000100545,2017년 8월 30일 21시,수요일,강원도 동해시 나안동,경상사고,0,0,2,0,차대차 - 측면충돌,기타,건조,맑음,단일로 - 기타,승용,남,24세,상해없음,승용,여,54세,경상
2017083000100592,2017년 8월 30일 23시,수요일,강원도 원주시 우산동,중상사고,0,1,0,0,차대차 - 측면충돌,안전거리미확보,건조,맑음,단일로 - 기타,승용,여,51세,상해없음,승용,남,62세,중상
2017083100100036,2017년 8월 31일 01시,목요일,강원도 원주시 단계동,경상사고,0,0,1,0,차대차 - 측면충돌,신호위반,건조,맑음,교차로 - 교차로안,특수,남,24세,상해없음,승용,남,58세,경상
2017083100100053,2017년 8월 31일 03시,목요일,강원도 원주시 개운동,경상사고,0,0,1,0,차대차 - 측면충돌,신호위반,건조,맑음,교차로 - 교차로안,승합,남,58세,상해없음,승용,남,25세,경상
2017083100100063,2017년 8월 31일 05시,목요일,강원도 동해시 효가동,경상사고,0,0,2,0,차대차 - 추돌,안전운전불이행,건조,맑음,교차로 - 교차로부근,화물,남,54세,상해없음,승합,남,76세,경상
2017083100100090,2017년 8월 31일 07시,목요일,강원도 양양군 손양면,경상사고,0,0,2,0,차대차 - 측면충돌,안전운전불이행,건조,맑음,단일로 - 기타,승용,여,64세,상해없음,승합,남,49세,경상
2017083100100172,2017년 8월 31일 09시,목요일,강원도 춘천시 동내면,경상사고,0,0,2,0,차대차 - 측면충돌,교차로운행방법위반,건조,맑음,교차로 - 교차로안,승용,여,48세,경상,승용,여,38세,경상
2017083100100173,2017년 8월 31일 09시,목요일,강원도 평창군 봉평면,부상신고사고,0,0,0,3,차량단독 - 전도전복,안전운전불이행,건조,맑음,단일로 - 기타,기타불명,남,22세,부상신고,미분류,미분류,미분류,미분류
2017083100100206,2017년 8월 31일 10시,목요일,강원도 인제군 북면,경상사고,0,0,1,0,차대차 - 측면충돌,안전운전불이행,건조,맑음,교차로 - 교차로안,승용,여,58세,상해없음,승용,여,54세,경상
2017083100100237,2017년 8월 31일 11시,목요일,강원도 원주시 학성동,경상사고,0,0,2,0,차대차 - 측면충돌,안전운전불이행,건조,맑음,교차로 - 교차로부근,건설기계,남,59세,상해없음,승용,여,39세,경상
2017083100100238,2017년 8월 31일 11시,목요일,강원도 삼척시 근덕면,중상사고,0,1,3,0,차대차 - 측면충돌,안전운전불이행,건조,맑음,교차로 - 교차로안,승합,남,41세,상해없음,승용,남,57세,경상
2017083100100239,2017년 8월 31일 11시,목요일,강원도 홍천군 홍천읍,경상사고,0,0,1,0,차대사람 - 기타,안전운전불이행,건조,맑음,교차로 - 교차로안,승용,남,64세,상해없음,보행자,여,69세,경상
2017083100100269,2017년 8월 31일 12시,목요일,강원도 춘천시 온의동,중상사고,0,1,0,0,차대차 - 기타,안전운전불이행,건조,맑음,기타 - 기타,자전거,남,71세,상해없음,자전거,여,25세,중상
2017083100100270,2017년 8월 31일 12시,목요일,강원도 춘천시 효자동,경상사고,0,0,1,0,차대사람 - 차도통행중,교차로운행방법위반,건조,맑음,교차로 - 교차로안,승용,남,35세,상해없음,보행자,남,77세,경상
2017083100100302,2017년 8월 31일 13시,목요일,강원도 강릉시 교동,경상사고,0,0,1,0,차대차 - 측면충돌,안전운전불이행,건조,맑음,단일로 - 기타,승용,여,30세,상해없음,승용,여,32세,경상
2017083100100303,2017년 8월 31일 13시,목요일,강원도 원주시 흥업면,경상사고,0,0,1,0,차대사람 - 기타,안전운전불이행,건조,맑음,단일로 - 기타,화물,남,36세,상해없음,보행자,남,70세,경상
2017083100100304,2017년 8월 31일 13시,목요일,강원도 원주시 무실동,경상사고,0,0,1,0,차대차 - 측면충돌,안전운전불이행,건조,맑음,단일로 - 기타,이륜,남,19세,상해없음,화물,남,52세,상해없음
2017083100100305,2017년 8월 31일 13시,목요일,강원도 원주시 인동,부상신고사고,0,0,0,1,차대차 - 기타,교차로운행방법위반,건조,맑음,교차로 - 교차로안,승용,남,34세,상해없음,승용,남,63세,상해없음
2017083100100333,2017년 8월 31일 14시,목요일,강원도 춘천시 퇴계동,중상사고,0,1,0,0,차대차 - 측면충돌,안전운전불이행,건조,맑음,교차로 - 교차로횡단보도내,승용,여,46세,상해없음,자전거,여,47세,중상
2017083100100334,2017년 8월 31일 14시,목요일,강원도 원주시 단계동,중상사고,0,1,0,0,차대사람 - 횡단중,보행자보호의무위반,건조,맑음,단일로 - 기타,화물,남,45세,상해없음,보행자,여,9세,중상
2017083100100367,2017년 8월 31일 15시,목요일,강원도 속초시 조양동,경상사고,0,0,2,0,차대차 - 측면충돌,교차로운행방법위반,건조,맑음,교차로 - 교차로안,화물,남,71세,상해없음,승용,여,66세,경상
2017083100100368,2017년 8월 31일 15시,목요일,강원도 영월군 영월읍,경상사고,0,0,1,0,차대차 - 정면충돌,중앙선침범,건조,맑음,단일로 - 기타,승용,남,67세,상해없음,화물,남,57세,경상
2017083100100369,2017년 8월 31일 15시,목요일,강원도 원주시 문막읍,경상사고,0,0,7,0,차대차 - 기타,안전거리미확보,건조,맑음,단일로 - 기타,화물,여,67세,경상,승용,남,21세,경상
2017083100100409,2017년 8월 31일 16시,목요일,강원도 춘천시 동내면,중상사고,0,1,0,0,차대차 - 정면충돌,직진우회전진행방해,건조,맑음,교차로 - 교차로안,승합,여,54세,상해없음,승합,남,35세,중상
2017083100100452,2017년 8월 31일 17시,목요일,강원도 강릉시 노암동,중상사고,0,1,0,0,차대사람 - 횡단중,안전운전불이행,건조,맑음,단일로 - 기타,화물,남,31세,상해없음,보행자,남,9세,중상
2017083100100453,2017년 8월 31일 17시,목요일,강원도 횡성군 횡성읍,부상신고사고,0,0,0,1,차대사람 - 기타,안전운전불이행,건조,맑음,주차장 - 주차장,승용,남,74세,상해없음,보행자,여,17세,부상신고
2017083100100454,2017년 8월 31일 17시,목요일,강원도 고성군 거진읍,경상사고,0,0,3,0,차대차 - 측면충돌,교차로운행방법위반,건조,맑음,교차로 - 교차로부근,승용,여,58세,상해없음,승용,남,36세,경상
2017083100100455,2017년 8월 31일 17시,목요일,강원도 동해시 천곡동,경상사고,0,0,1,0,차대차 - 기타,안전운전불이행,건조,맑음,단일로 - 기타,승용,남,58세,상해없음,승용,여,22세,경상
2017083100100492,2017년 8월 31일 18시,목요일,강원도 춘천시 서면,경상사고,0,0,2,0,차대차 - 측면충돌,안전운전불이행,건조,맑음,단일로 - 기타,농기계,남,55세,상해없음,승용,남,58세,경상
2017083100100493,2017년 8월 31일 18시,목요일,강원도 강릉시 송정동,중상사고,0,1,0,0,차대차 - 측면충돌,안전운전불이행,건조,맑음,교차로 - 교차로안,승용,남,33세,상해없음,자전거,남,11세,중상
2017083100100494,2017년 8월 31일 18시,목요일,강원도 평창군 진부면,중상사고,0,2,0,0,차대차 - 측면충돌,안전운전불이행,건조,맑음,단일로 - 기타,승용,남,78세,상해없음,화물,남,40세,중상
2017083100100538,2017년 8월 31일 19시,목요일,강원도 원주시 관설동,경상사고,0,0,2,0,차대차 - 측면충돌,안전운전불이행,건조,맑음,교차로 - 교차로부근,화물,남,41세,상해없음,화물,남,49세,상해없음
2017083100100626,2017년 8월 31일 22시,목요일,강원도 원주시 우산동,중상사고,0,1,0,0,차대사람 - 횡단중,보행자보호의무위반,건조,맑음,교차로 - 교차로안,승용,남,55세,상해없음,보행자,여,17세,중상