사고번호,사고일시,요일,시군구,사고내용,사망자수,중상자수,경상자수,부상신고자수,사고유형,법규위반,노면상태,기상상태,도로형태,가해운전자 차종,가해운전자 성별,가해운전자 연령,가해운전자 상해정도,피해운전자 차종,피해운전자 성별,피해운전자 연령,피해운전자 상해정도
2017090100100029,2017년 9월 1일 00시,금요일,강원도 원주시 단구동,경상사고,0,0,1,0,차대사람 - 횡단중,안전운전불이행,건조,맑음,교차로 - 교차로부근,승용,남,22세,상해없음,보행자,여,44세,경상
2017090100100081,2017년 9월 1일 04시,금요일,강원도 원주시 중앙동,경상사고,0,0,1,0,차대차 - 정면충돌,안전운전불이행,건조,맑음,교차로 - 교차로안,기타불명,기타불명,미분류,기타불명,승용,남,55세,경상
2017090100100106,2017년 9월 1일 06시,금요일,강원도 춘천시 효자동,경상사고,0,0,1,0,차대차 - 측면충돌,교차로운행방법위반,건조,맑음,교차로 - 교차로부근,승합,남,56세,상해없음,승용,남,31세,경상
2017090100100175,2017년 9월 1일 08시,금요일,강원도 춘천시 동산면,중상사고,0,1,1,0,차대차 - 측면충돌,신호위반,건조,맑음,교차로 - 교차로안,승합,남,60세,상해없음,승용,여,38세,중상
2017090100100176,2017년 9월 1일 08시,금요일,강원도 강릉시 옥천동,경상사고,0,0,1,0,차대차 - 측면충돌,신호위반,건조,맑음,교차로 - 교차로안,승용,남,63세,상해없음,승용,여,44세,경상
2017090100100177,2017년 9월 1일 08시,금요일,강원도 원주시 단구동,중상사고,0,1,0,0,차대사람 - 횡단중,보행자보호의무위반,건조,맑음,교차로 - 교차로횡단보도내,승용,남,49세,상해없음,보행자,여,13세,중상
2017090100100178,2017년 9월 1일 08시,금요일,강원도 원주시 반곡동,부상신고사고,0,0,0,1,차대차 - 측면충돌,안전운전불이행,건조,맑음,단일로 - 기타,자전거,남,14세,부상신고,승용,남,32세,상해없음
2017090100100179,2017년 9월 1일 08시,금요일,강원도 동해시 평릉동,경상사고,0,0,1,0,차대차 - 측면충돌,안전운전불이행,건조,맑음,단일로 - 기타,승용,여,27세,상해없음,승용,여,42세,경상
2017090100100234,2017년 9월 1일 09시,금요일,강원도 춘천시 사농동,경상사고,0,0,2,0,차대차 - 측면충돌,안전운전불이행,건조,맑음,단일로 - 기타,승용,여,38세,상해없음,승용,남,79세,경상
2017090100100235,2017년 9월 1일 09시,금요일,강원도 강릉시 노암동,경상사고,0,0,1,0,차대차 - 측면충돌,신호위반,건조,맑음,교차로 - 교차로안,화물,남,73세,상해없음,사륜오토바이(ATV),남,79세,경상
2017090100100236,2017년 9월 1일 09시,금요일,강원도 속초시 조양동,경상사고,0,0,1,0,차대차 - 측면충돌,안전운전불이행,건조,맑음,주차장 - 주차장,승용,남,41세,상해없음,승용,여,43세,경상
2017090100100237,2017년 9월 1일 09시,금요일,강원도 정선군 남면,중상사고,0,1,1,0,차대차 - 기타,안전운전불이행,건조,맑음,단일로 - 기타,건설기계,남,47세,상해없음,승용,남,46세,중상
2017090100100259,2017년 9월 1일 10시,금요일,강원도 춘천시 칠전동,경상사고,0,0,1,0,차대차 - 측면충돌,직진우회전진행방해,건조,맑음,교차로 - 교차로안,승합,남,68세,상해없음,화물,남,61세,상해없음
2017090100100260,2017년 9월 1일 10시,금요일,강원도 춘천시 석사동,경상사고,0,0,2,0,차대차 - 추돌,안전거리미확보,건조,맑음,교차로 - 교차로안,승용,남,76세,상해없음,승용,남,75세,경상
2017090100100261,2017년 9월 1일 10시,금요일,강원도 화천군 간동면,경상사고,0,0,2,0,차대차 - 측면충돌,중앙선침범,건조,맑음,단일로 - 기타,승용,여,56세,경상,특수,남,40세,상해없음
2017090100100262,2017년 9월 1일 10시,금요일,강원도 양구군 해안면,경상사고,0,0,1,0,차대차 - 측면충돌,안전운전불이행,건조,맑음,단일로 - 기타,화물,남,39세,상해없음,승용,여,55세,경상
2017090100100286,2017년 9월 1일 11시,금요일,강원도 원주시 중앙동,경상사고,0,0,1,0,차대차 - 측면충돌,신호위반,건조,맑음,교차로 - 교차로안,승용,남,59세,상해없음,화물,남,51세,경상
2017090100100351,2017년 9월 1일 13시,금요일,강원도 춘천시 후평동,중상사고,0,1,0,0,차대차 - 기타,안전운전불이행,건조,맑음,단일로 - 기타,승용,남,31세,상해없음,이륜,남,37세,중상
2017090100100378,2017년 9월 1일 14시,금요일,강원도 춘천시 퇴계동,경상사고,0,0,1,0,차대차 - 측면충돌,안전운전불이행,건조,맑음,단일로 - 기타,승용,여,56세,상해없음,승용,여,49세,경상
2017090100100379,2017년 9월 1일 14시,금요일,강원도 평창군 진부면,중상사고,0,1,0,0,차대차 - 정면충돌,중앙선침범,건조,맑음,단일로 - 기타,승용,남,34세,상해없음,승용,남,55세,중상
2017090100100520,2017년 9월 1일 17시,금요일,강원도 횡성군 횡성읍,중상사고,0,1,0,0,차대차 - 측면충돌,과속,건조,맑음,교차로 - 교차로안,승용,남,28세,상해없음,화물,남,41세,중상
2017090100100580,2017년 9월 1일 18시,금요일,강원도 춘천시 사북면,경상사고,0,0,1,0,차대사람 - 횡단중,보행자보호의무위반,건조,맑음,단일로 - 기타,승용,남,54세,상해없음,보행자,남,9세,경상
2017090100100581,2017년 9월 1일 18시,금요일,강원도 강릉시 교동,경상사고,0,0,9,0,차대차 - 기타,안전운전불이행,건조,맑음,단일로 - 기타,화물,남,40세,상해없음,승용,남,57세,경상
2017090100100676,2017년 9월 1일 20시,금요일,강원도 원주시 인동,중상사고,0,1,0,0,차대차 - 측면충돌,신호위반,건조,맑음,교차로 - 교차로안,이륜,남,19세,중상,승합,남,62세,상해없음
2017090100100721,2017년 9월 1일 21시,금요일,강원도 춘천시 소양로1가,경상사고,0,0,2,0,차대차 - 측면충돌,교차로운행방법위반,건조,맑음,교차로 - 교차로안,화물,남,62세,상해없음,화물,남,38세,경상
2017090200100028,2017년 9월 2일 00시,토요일,강원도 삼척시 도계읍,사망사고,1,0,0,0,차대차 - 측면충돌,안전운전불이행,건조,맑음,단일로 - 기타,승용,남,62세,사망,승용,남,59세,기타불명
2017090200100049,2017년 9월 2일 01시,토요일,강원도 원주시 무실동,중상사고,0,1,0,0,차대차 - 측면충돌,안전운전불이행,건조,맑음,단일로 - 기타,승용,남,29세,상해없음,승용,여,33세,중상
2017090200100064,2017년 9월 2일 02시,토요일,강원도 강릉시 포남동,경상사고,0,0,1,0,차대차 - 기타,안전운전불이행,건조,맑음,주차장 - 주차장,승용,남,48세,상해없음,승용,남,65세,경상
2017090200100065,2017년 9월 2일 02시,토요일,강원도 강릉시 입암동,중상사고,0,1,0,0,차대사람 - 기타,안전운전불이행,건조,맑음,단일로 - 기타,승용,남,31세,상해없음,보행자,남,46세,중상
2017090200100066,2017년 9월 2일 02시,토요일,강원도 동해시 송정동,경상사고,0,0,1,0,차대사람 - 길가장자리구역통행중,안전운전불이행,건조,맑음,단일로 - 기타,승용,남,53세,상해없음,보행자,여,48세,경상
2017090200100104,2017년 9월 2일 05시,토요일,강원도 철원군 김화읍,중상사고,0,2,1,0,차대차 - 측면충돌,직진우회전진행방해,건조,맑음,교차로 - 교차로안,승합,남,41세,중상,화물,남,73세,중상
2017090200100159,2017년 9월 2일 08시,토요일,강원도 철원군 철원읍,중상사고,0,1,4,0,차대차 - 추돌,안전운전불이행,건조,맑음,단일로 - 기타,화물,남,71세,상해없음,승용,남,47세,중상
2017090200100182,2017년 9월 2일 09시,토요일,강원도 춘천시 퇴계동,경상사고,0,0,1,0,차대차 - 추돌,안전운전불이행,건조,맑음,단일로 - 기타,승용,남,43세,상해없음,승용,남,55세,경상
2017090200100183,2017년 9월 2일 09시,토요일,강원도 강릉시 주문진읍,경상사고,0,0,1,0,차대차 - 측면충돌,안전운전불이행,건조,맑음,교차로 - 교차로안,승용,남,69세,상해없음,이륜,남,77세,경상
2017090200100184,2017년 9월 2일 09시,토요일,강원도 원주시 무실동,경상사고,0,0,3,0,차대차 - 추돌,안전운전불이행,건조,맑음,교차로 - 교차로부근,화물,남,34세,상해없음,승용,남,31세,경상
2017090200100206,2017년 9월 2일 10시,토요일,강원도 춘천시 퇴계동,중상사고,0,1,0,0,차대차 - 측면충돌,중앙선침범,건조,맑음,단일로 - 기타,승용,남,44세,상해없음,이륜,남,23세,중상
2017090200100207,2017년 9월 2일 10시,토요일,강원도 속초시 교동,경상사고,0,0,1,0,차대차 - 측면충돌,교차로운행방법위반,건조,맑음,교차로 - 교차로안,승용,여,28세,상해없음,특수,남,25세,경상
2017090200100232,2017년 9월 2일 11시,토요일,강원도 강릉시 교동,경상사고,0,0,2,0,차대차 - 측면충돌,안전운전불이행,건조,맑음,교차로 - 교차로안,화물,남,51세,상해없음,화물,남,51세,경상
2017090200100233,2017년 9월 2일 11시,토요일,강원도 속초시 설악동,중상사고,0,1,0,0,차대사람 - 횡단중,안전운전불이행,건조,맑음,단일로 - 기타,승용,남,51세,상해없음,보행자,남,6세,중상
2017090200100234,2017년 9월 2일 11시,토요일,강원도 홍천군 홍천읍,경상사고,0,0,1,0,차대차 - 기타,교차로운행방법위반,건조,맑음,교차로 - 교차로안,승용,남,38세,상해없음,승합,남,36세,상해없음
2017090200100312,2017년 9월 2일 13시,토요일,강원도 양양군 현북면,경상사고,0,0,1,0,차대차 - 기타,안전운전불이행,건조,맑음,단일로 - 기타,승용,남,62세,상해없음,승용,남,26세,상해없음
2017090200100349,2017년 9월 2일 14시,토요일,강원도 원주시 귀래면,중상사고,0,1,0,0,차량단독 - 기타,안전운전불이행,건조,맑음,단일로 - 기타,사륜오토바이(ATV),여,56세,중상,,,,
2017090200100393,2017년 9월 2일 15시,토요일,강원도 속초시 장사동,경상사고,0,0,4,0,차대차 - 후진중충돌,안전운전불이행,건조,맑음,기타 - 기타,승용,남,36세,상해없음,승용,남,32세,경상
2017090200100394,2017년 9월 2일 15시,토요일,강원도 동해시 효가동,경상사고,0,0,1,0,차대차 - 기타,안전운전불이행,건조,맑음,교차로 - 교차로부근,승용,남,60세,상해없음,자전거,남,12세,경상
2017090200100395,2017년 9월 2일 15시,토요일,강원도 춘천시 남면,경상사고,0,0,2,0,차대차 - 추돌,안전운전불이행,건조,맑음,단일로 - 기타,승용,남,61세,상해없음,승용,남,52세,경상
2017090200100423,2017년 9월 2일 16시,토요일,강원도 원주시 단계동,경상사고,0,0,1,1,차대차 - 측면충돌,교차로운행방법위반,건조,맑음,교차로 - 교차로안,승용,남,35세,상해없음,승용,여,42세,부상신고
2017090200100424,2017년 9월 2일 16시,토요일,강원도 삼척시 정상동,경상사고,0,0,1,0,차대차 - 측면충돌,안전운전불이행,건조,맑음,단일로 - 교량,건설기계,남,62세,상해없음,원동기,남,42세,경상
2017090200100519,2017년 9월 2일 18시,토요일,강원도 동해시 천곡동,경상사고,0,0,1,0,차대사람 - 기타,안전운전불이행,건조,맑음,단일로 - 기타,승용,남,52세,상해없음,보행자,여,54세,경상
2017090200100550,2017년 9월 2일 19시,토요일,강원도 춘천시 근화동,경상사고,0,0,1,0,차대차 - 기타,교차로운행방법위반,건조,맑음,교차로 - 교차로안,승용,여,49세,상해없음,승용,남,53세,상해없음
2017090200100551,2017년 9월 2일 19시,토요일,강원도 영월군 주천면,경상사고,0,0,1,0,차대차 - 측면충돌,교차로운행방법위반,건조,맑음,교차로 - 교차로안,화물,남,43세,상해없음,화물,남,40세,경상
2017090200100615,2017년 9월 2일 21시,토요일,강원도 강릉시 교동,경상사고,0,0,1,0,차대차 - 측면충돌,안전운전불이행,건조,맑음,교차로 - 교차로안,승용,남,34세,상해없음,자전거,남,17세,경상
2017090200100616,2017년 9월 2일 21시,토요일,강원도 원주시 소초면,경상사고,0,0,1,0,차대차 - 측면충돌,안전운전불이행,건조,맑음,교차로 - 교차로안,승용,남,53세,상해없음,화물,남,43세,경상
2017090200100647,2017년 9월 2일 22시,토요일,강원도 삼척시 오분동,경상사고,0,0,2,0,차량단독 - 공작물충돌,안전운전불이행,건조,맑음,교차로 - 교차로부근,승용,여,40세,경상,,,,
2017090200100671,2017년 9월 2일 23시,토요일,강원도 평창군 평창읍,경상사고,0,0,4,0,차대차 - 추돌,안전운전불이행,건조,맑음,단일로 - 기타,승용,남,29세,상해없음,승용,여,24세,경상
2017090300100023,2017년 9월 3일 00시,일요일,강원도 원주시 단계동,경상사고,0,0,2,0,차대사람 - 기타,보행자보호의무위반,건조,맑음,교차로 - 교차로부근,승용,남,45세,상해없음,보행자,남,17세,경상
2017090300100089,2017년 9월 3일 06시,일요일,강원도 강릉시 회산동,경상사고,0,0,3,0,차대차 - 추돌,안전운전불이행,건조,맑음,교차로 - 교차로부근,승용,남,33세,상해없음,화물,남,62세,경상
2017090300100090,2017년 9월 3일 06시,일요일,강원도 원주시 단계동,경상사고,0,0,1,0,차대차 - 측면충돌,안전운전불이행,건조,맑음,교차로 - 교차로안,승용,남,44세,상해없음,승용,남,34세,경상
2017090300100169,2017년 9월 3일 11시,일요일,강원도 강릉시 주문진읍,경상사고,0,0,1,0,차대차 - 추돌,안전운전불이행,건조,맑음,교차로 - 교차로부근,승용,여,38세,상해없음,승용,남,52세,경상
2017090300100170,2017년 9월 3일 11시,일요일,강원도 속초시 교동,경상사고,0,0,4,0,차대차 - 추돌,안전운전불이행,건조,맑음,교차로 - 교차로안,화물,남,58세,상해없음,승용,남,74세,경상
2017090300100171,2017년 9월 3일 11시,일요일,강원도 동해시 구미동,경상사고,0,0,1,0,차대차 - 측면충돌,안전운전불이행,건조,맑음,단일로 - 기타,승용,여,53세,상해없음,원동기,여,48세,경상
2017090300100226,2017년 9월 3일 13시,일요일,강원도 원주시 단계동,중상사고,0,1,0,0,차대차 - 측면충돌,안전운전불이행,건조,맑음,교차로 - 교차로부근,승용,남,74세,상해없음,승용,여,57세,기타불명
2017090300100311,2017년 9월 3일 16시,일요일,강원도 춘천시 신동면,경상사고,0,0,7,0,차대차 - 측면충돌,교차로운행방법위반,건조,맑음,교차로 - 교차로안,승용,남,25세,기타불명,승용,남,43세,경상
2017090300100312,2017년 9월 3일 16시,일요일,강원도 원주시 호저면,경상사고,0,0,1,0,차대차 - 정면충돌,신호위반,건조,맑음,교차로 - 교차로안,승용,남,48세,상해없음,승용,여,56세,경상
2017090300100346,2017년 9월 3일 17시,일요일,강원도 양구군 동면,경상사고,0,0,3,0,차대차 - 기타,안전운전불이행,건조,맑음,단일로 - 기타,이륜,남,77세,경상,승용,남,58세,경상
2017090300100380,2017년 9월 3일 18시,일요일,강원도 원주시 소초면,중상사고,0,1,0,0,차량단독 - 기타,안전운전불이행,건조,맑음,단일로 - 기타,승합,남,52세,상해없음,,,,
2017090300100381,2017년 9월 3일 18시,일요일,강원도 평창군 봉평면,중상사고,0,1,5,0,차대차 - 정면충돌,중앙선침범,건조,맑음,단일로 - 기타,화물,여,60세,경상,승용,남,58세,경상
2017090300100382,2017년 9월 3일 18시,일요일,강원도 양구군 양구읍,경상사고,0,0,3,0,차대차 - 측면충돌,안전운전불이행,건조,맑음,교차로 - 교차로안,승용,남,80세,기타불명,승용,남,27세,경상
2017090300100405,2017년 9월 3일 19시,일요일,강원도 춘천시 효자동,중상사고,0,1,0,0,차대차 - 측면충돌,안전운전불이행,건조,맑음,교차로 - 교차로안,승용,여,62세,상해없음,이륜,남,24세,중상
2017090300100446,2017년 9월 3일 20시,일요일,강원도 원주시 단구동,경상사고,0,0,2,0,차대차 - 추돌,안전거리미확보,건조,맑음,교차로 - 교차로부근,승용,여,62세,상해없음,승용,여,49세,경상
2017090300100447,2017년 9월 3일 20시,일요일,강원도 평창군 방림면,경상사고,0,0,3,0,차대차 - 측면충돌,안전운전불이행,건조,맑음,교차로 - 교차로안,승용,남,59세,경상,승용,여,54세,경상
2017090400100163,2017년 9월 4일 09시,월요일,강원도 원주시 관설동,경상사고,0,0,2,0,차대차 - 측면충돌,신호위반,건조,맑음,교차로 - 교차로안,승용,여,42세,상해없음,승용,남,49세,경상
2017090400100164,2017년 9월 4일 09시,월요일,강원도 원주시 단계동,중상사고,0,1,0,0,차대차 - 측면충돌,안전운전불이행,건조,맑음,교차로 - 교차로부근,건설기계,남,57세,상해없음,승용,남,54세,중상
2017090400100217,2017년 9월 4일 11시,월요일,강원도 영월군 영월읍,중상사고,0,1,0,0,차대차 - 측면충돌,안전거리미확보,건조,맑음,단일로 - 기타,승용,여,58세,상해없음,승용,남,54세,중상
2017090400100218,2017년 9월 4일 11시,월요일,강원도 정선군 사북읍,경상사고,0,0,1,0,차대사람 - 기타,안전운전불이행,건조,맑음,단일로 - 기타,승용,남,59세,상해없음,보행자,남,54세,경상
2017090400100245,2017년 9월 4일 12시,월요일,강원도 원주시 단계동,경상사고,0,0,1,0,차대사람 - 보도통행중,안전운전불이행,건조,맑음,단일로 - 기타,승용,여,64세,상해없음,보행자,여,74세,경상
2017090400100272,2017년 9월 4일 13시,월요일,강원도 동해시 용정동,경상사고,0,0,2,0,차대차 - 측면충돌,교차로운행방법위반,건조,맑음,교차로 - 교차로안,승용,남,72세,상해없음,승용,여,43세,경상
2017090400100308,2017년 9월 4일 14시,월요일,강원도 춘천시 효자동,경상사고,0,0,1,0,차대차 - 기타,안전운전불이행,건조,맑음,단일로 - 기타,승용,남,31세,상해없음,승합,남,50세,상해없음
2017090400100309,2017년 9월 4일 14시,월요일,강원도 홍천군 두촌면,사망사고,1,3,0,0,차대사람 - 기타,안전운전불이행,건조,맑음,주차장 - 주차장,승용,남,69세,상해없음,보행자,여,69세,사망
2017090400100370,2017년 9월 4일 16시,월요일,강원도 춘천시 운교동,경상사고,0,0,1,0,차대차 - 기타,안전운전불이행,건조,맑음,교차로 - 교차로부근,승용,여,45세,상해없음,자전거,남,75세,경상
2017090400100371,2017년 9월 4일 16시,월요일,강원도 화천군 사내면,경상사고,0,0,3,0,차대차 - 측면충돌,교차로운행방법위반,건조,맑음,교차로 - 교차로안,승용,남,63세,경상,승용,여,28세,경상
2017090400100422,2017년 9월 4일 17시,월요일,강원도 동해시 용정동,사망사고,1,0,0,0,차대차 - 측면충돌,신호위반,건조,맑음,교차로 - 교차로부근,승용,남,41세,상해없음,자전거,남,29세,사망
2017090400100524,2017년 9월 4일 20시,월요일,강원도 춘천시 교동,경상사고,0,0,1,0,차대사람 - 횡단중,보행자보호의무위반,건조,맑음,교차로 - 교차로횡단보도내,승용,여,42세,상해없음,보행자,남,23세,경상
2017090400100525,2017년 9월 4일 20시,월요일,강원도 원주시 개운동,경상사고,0,0,2,0,차대차 - 측면충돌,신호위반,건조,맑음,교차로 - 교차로안,이륜,남,50세,상해없음,승용,남,64세,경상
2017090400100573,2017년 9월 4일 22시,월요일,강원도 속초시 교동,경상사고,0,0,2,0,차량단독 - 기타,안전거리미확보,건조,맑음,단일로 - 기타,승용,남,52세,상해없음,,,,
2017090400100597,2017년 9월 4일 23시,월요일,강원도 동해시 천곡동,중상사고,0,1,0,0,차대차 - 측면충돌,직진우회전진행방해,건조,맑음,교차로 - 교차로안,승용,여,35세,상해없음,이륜,남,24세,중상
2017090500100026,2017년 9월 5일 00시,화요일,강원도 원주시 우산동,경상사고,0,0,2,0,차대차 - 측면충돌,안전운전불이행,건조,맑음,교차로 - 교차로안,승용,남,24세,상해없음,승용,남,61세,경상
2017090500100071,2017년 9월 5일 06시,화요일,강원도 원주시 판부면,부상신고사고,0,0,0,1,차대차 - 기타,안전운전불이행,건조,맑음,교차로 - 교차로안,기타불명,기타불명,미분류,기타불명,승용,남,47세,부상신고
2017090500100094,2017년 9월 5일 07시,화요일,강원도 화천군 화천읍,중상사고,0,1,2,0,차대차 - 측면충돌,교차로운행방법위반,젖음/습기,비,교차로 - 교차로안,화물,여,58세,경상,승합,남,41세,상해없음
2017090500100121,2017년 9월 5일 08시,화요일,강원도 춘천시 효자동,경상사고,0,0,2,0,차대차 - 기타,교차로운행방법위반,건조,맑음,교차로 - 교차로안,승용,여,45세,상해없음,승용,남,53세,경상
2017090500100122,2017년 9월 5일 08시,화요일,강원도 동해시 천곡동,경상사고,0,0,2,0,차대차 - 정면충돌,중앙선침범,건조,맑음,교차로 - 교차로부근,승용,여,55세,상해없음,승용,여,47세,경상
2017090500100123,2017년 9월 5일 08시,화요일,강원도 평창군 평창읍,중상사고,0,1,0,0,차대차 - 측면충돌,안전운전불이행,건조,맑음,단일로 - 기타,기타불명,기타불명,미분류,기타불명,승용,남,58세,중상
2017090500100166,2017년 9월 5일 09시,화요일,강원도 춘천시 사농동,사망사고,1,0,0,0,차대차 - 측면충돌,안전운전불이행,건조,맑음,단일로 - 기타,승용,남,41세,상해없음,자전거,남,76세,사망
2017090500100257,2017년 9월 5일 12시,화요일,강원도 춘천시 신북읍,경상사고,0,0,2,0,차대차 - 기타,중앙선침범,건조,맑음,단일로 - 기타,화물,남,41세,상해없음,승용,여,31세,경상
2017090500100258,2017년 9월 5일 12시,화요일,강원도 원주시 단구동,경상사고,0,0,1,0,차대차 - 후진중충돌,안전운전불이행,건조,맑음,주차장 - 주차장,승용,남,68세,상해없음,이륜,남,20세,경상
2017090500100259,2017년 9월 5일 12시,화요일,강원도 동해시 평릉동,중상사고,0,1,0,0,차량단독 - 기타,안전운전불이행,건조,맑음,교차로 - 교차로부근,승합,남,39세,상해없음,,,,
2017090500100286,2017년 9월 5일 13시,화요일,강원도 원주시 명륜동,부상신고사고,0,0,0,1,차대차 - 측면충돌,안전운전불이행,건조,맑음,교차로 - 교차로안,자전거,남,70세,부상신고,승용,남,27세,상해없음
2017090500100308,2017년 9월 5일 14시,화요일,강원도 강릉시 구정면,중상사고,0,2,0,0,차대차 - 측면충돌,신호위반,건조,흐림,교차로 - 교차로안,화물,남,60세,상해없음,승용,남,73세,중상
2017090500100375,2017년 9월 5일 16시,화요일,강원도 원주시 반곡동,경상사고,0,0,1,0,차대사람 - 기타,안전운전불이행,건조,맑음,교차로 - 교차로안,건설기계,남,51세,상해없음,보행자,여,16세,경상
2017090500100450,2017년 9월 5일 18시,화요일,강원도 춘천시 효자동,중상사고,0,1,0,0,차대차 - 추돌,안전거리미확보,건조,맑음,단일로 - 기타,승용,남,53세,상해없음,승용,여,51세,중상
2017090500100451,2017년 9월 5일 18시,화요일,강원도 원주시 지정면,중상사고,0,1,1,0,차대차 - 측면충돌,안전운전불이행,건조,맑음,교차로 - 교차로안,화물,남,52세,상해없음,승용,여,44세,경상
2017090500100482,2017년 9월 5일 19시,화요일,강원도 춘천시 석사동,경상사고,0,0,1,0,차대차 - 측면충돌,안전운전불이행,건조,맑음,교차로 - 교차로부근,승용,남,55세,상해없음,승용,여,48세,경상
2017090500100483,2017년 9월 5일 19시,화요일,강원도 원주시 단계동,경상사고,0,0,1,0,차대차 - 측면충돌,교차로운행방법위반,건조,맑음,교차로 - 교차로안,화물,남,20세,상해없음,자전거,남,24세,경상
2017090500100484,2017년 9월 5일 19시,화요일,강원도 동해시 망상동,경상사고,0,0,3,0,차대차 - 정면충돌,중앙선침범,건조,맑음,단일로 - 기타,승용,남,46세,상해없음,승용,남,72세,경상
2017090500100511,2017년 9월 5일 20시,화요일,강원도 원주시 개운동,경상사고,0,0,1,0,차대차 - 기타,중앙선침범,건조,맑음,단일로 - 기타,승용,남,59세,상해없음,자전거,남,67세,경상
2017090500100512,2017년 9월 5일 20시,화요일,강원도 홍천군 내면,경상사고,0,0,1,0,차대사람 - 횡단중,안전운전불이행,건조,맑음,단일로 - 기타,화물,남,47세,상해없음,보행자,남,47세,경상
2017090500100545,2017년 9월 5일 21시,화요일,강원도 원주시 반곡동,중상사고,0,1,1,0,차대차 - 추돌,안전거리미확보,건조,맑음,단일로 - 터널,승용,남,44세,상해없음,승용,여,31세,중상
2017090600100028,2017년 9월 6일 00시,수요일,강원도 철원군 갈말읍,중상사고,0,3,0,0,차대차 - 측면충돌,직진우회전진행방해,건조,맑음,교차로 - 교차로안,승용,여,45세,중상,승용,여,44세,중상
2017090600100058,2017년 9월 6일 04시,수요일,강원도 강릉시 교동,경상사고,0,0,1,0,차대차 - 기타,안전운전불이행,건조,맑음,단일로 - 기타,화물,남,55세,상해없음,화물,남,72세,경상
2017090600100115,2017년 9월 6일 08시,수요일,강원도 춘천시 효자동,경상사고,0,0,1,0,차대차 - 추돌,안전운전불이행,건조,맑음,단일로 - 기타,승용,남,59세,상해없음,승용,여,47세,경상
2017090600100186,2017년 9월 6일 10시,수요일,강원도 원주시 문막읍,경상사고,0,0,1,0,차대차 - 측면충돌,교차로운행방법위반,건조,기타,교차로 - 교차로안,승용,남,67세,상해없음,화물,남,44세,경상
2017090600100211,2017년 9월 6일 11시,수요일,강원도 춘천시 운교동,경상사고,0,0,1,0,차대차 - 측면충돌,안전거리미확보,건조,맑음,단일로 - 기타,승용,남,77세,상해없음,승용,남,70세,경상
2017090600100212,2017년 9월 6일 11시,수요일,강원도 철원군 근남면,경상사고,0,0,2,0,차대차 - 측면충돌,안전운전불이행,건조,맑음,교차로 - 교차로안,승용,남,22세,상해없음,화물,남,74세,경상
2017090600100296,2017년 9월 6일 14시,수요일,강원도 춘천시 석사동,경상사고,0,0,2,0,차대차 - 추돌,안전거리미확보,건조,맑음,단일로 - 기타,건설기계,남,53세,상해없음,승용,여,61세,경상
2017090600100297,2017년 9월 6일 14시,수요일,강원도 정선군 임계면,중상사고,0,1,0,0,차대차 - 기타,직진우회전진행방해,건조,맑음,교차로 - 교차로안,화물,남,43세,상해없음,승용,남,65세,중상
2017090600100330,2017년 9월 6일 15시,수요일,강원도 춘천시 후평동,경상사고,0,0,3,0,차대차 - 추돌,기타,젖음/습기,비,단일로 - 기타,승합,남,49세,상해없음,승용,여,43세,경상
2017090600100331,2017년 9월 6일 15시,수요일,강원도 강릉시 교동,경상사고,0,0,2,0,차대차 - 측면충돌,신호위반,건조,맑음,교차로 - 교차로안,이륜,남,16세,상해없음,승용,남,51세,경상
2017090600100332,2017년 9월 6일 15시,수요일,강원도 속초시 노학동,경상사고,0,0,1,0,차대차 - 정면충돌,안전운전불이행,건조,맑음,단일로 - 기타,승용,여,50세,상해없음,승용,남,50세,경상
2017090600100369,2017년 9월 6일 16시,수요일,강원도 춘천시 우두동,경상사고,0,0,1,0,차대차 - 측면충돌,안전운전불이행,젖음/습기,비,단일로 - 기타,승용,남,58세,상해없음,자전거,남,12세,경상
2017090600100370,2017년 9월 6일 16시,수요일,강원도 삼척시 남양동,경상사고,0,0,1,0,차대차 - 측면충돌,중앙선침범,건조,맑음,교차로 - 교차로부근,화물,남,55세,상해없음,승용,남,57세,상해없음
2017090600100406,2017년 9월 6일 17시,수요일,강원도 춘천시 동면,사망사고,1,0,0,0,차대사람 - 차도통행중,안전운전불이행,건조,맑음,교차로 - 교차로횡단보도내,화물,남,64세,상해없음,보행자,남,70세,사망
2017090600100407,2017년 9월 6일 17시,수요일,강원도 평창군 대관령면,중상사고,0,2,0,0,차대차 - 추돌,안전운전불이행,건조,흐림,단일로 - 기타,승용,남,22세,상해없음,화물,남,57세,중상
2017090600100453,2017년 9월 6일 18시,수요일,강원도 원주시 일산동,중상사고,0,1,3,1,차대차 - 측면충돌,교차로운행방법위반,건조,맑음,교차로 - 교차로안,승용,남,76세,상해없음,승합,남,42세,경상
2017090600100509,2017년 9월 6일 19시,수요일,강원도 평창군 진부면,경상사고,0,0,1,0,차대사람 - 기타,안전운전불이행,건조,맑음,단일로 - 기타,승용,남,40세,상해없음,보행자,남,70세,경상
2017090600100622,2017년 9월 6일 22시,수요일,강원도 속초시 조양동,경상사고,0,0,1,0,차대차 - 측면충돌,안전운전불이행,건조,맑음,단일로 - 기타,승용,남,63세,상해없음,이륜,남,34세,경상
2017090600100652,2017년 9월 6일 23시,수요일,강원도 춘천시 석사동,경상사고,0,0,6,0,차대차 - 측면충돌,중앙선침범,건조,맑음,교차로 - 교차로부근,승용,남,45세,상해없음,승용,남,49세,경상