사고번호,사고일시,요일,시군구,사고내용,사망자수,중상자수,경상자수,부상신고자수,사고유형,법규위반,노면상태,기상상태,도로형태,가해운전자 차종,가해운전자 성별,가해운전자 연령,가해운전자 상해정도,피해운전자 차종,피해운전자 성별,피해운전자 연령,피해운전자 상해정도
2017090700100023,2017년 9월 7일 00시,목요일,강원도 원주시 단구동,중상사고,0,1,3,0,차대차 - 측면충돌,신호위반,건조,맑음,교차로 - 교차로안,승용,여,23세,중상,승용,남,45세,경상
2017090700100040,2017년 9월 7일 01시,목요일,강원도 원주시 단계동,경상사고,0,0,2,1,차대차 - 후진중충돌,중앙선침범,건조,맑음,교차로 - 교차로안,승용,남,22세,부상신고,승용,남,18세,경상
2017090700100041,2017년 9월 7일 01시,목요일,강원도 원주시 단계동,중상사고,0,1,0,0,차대차 - 측면충돌,신호위반,건조,맑음,교차로 - 교차로안,승용,남,52세,상해없음,이륜,남,51세,중상
2017090700100130,2017년 9월 7일 08시,목요일,강원도 평창군 방림면,경상사고,0,0,1,0,차대차 - 기타,중앙선침범,건조,맑음,단일로 - 기타,승용,남,28세,상해없음,화물,남,39세,경상
2017090700100131,2017년 9월 7일 08시,목요일,강원도 평창군 진부면,경상사고,0,0,6,1,차대차 - 측면충돌,안전운전불이행,건조,맑음,교차로 - 교차로안,화물,남,56세,경상,승합,남,59세,상해없음
2017090700100173,2017년 9월 7일 09시,목요일,강원도 강릉시 교동,경상사고,0,0,1,0,차대차 - 기타,안전운전불이행,건조,맑음,단일로 - 기타,승용,여,34세,상해없음,승합,남,64세,상해없음
2017090700100174,2017년 9월 7일 09시,목요일,강원도 원주시 학성동,경상사고,0,0,1,0,차대차 - 측면충돌,안전운전불이행,건조,흐림,교차로 - 교차로부근,화물,남,52세,상해없음,승용,남,76세,경상
2017090700100175,2017년 9월 7일 09시,목요일,강원도 속초시 청학동,중상사고,0,1,0,0,차대차 - 측면충돌,안전운전불이행,건조,맑음,교차로 - 교차로안,승용,남,29세,상해없음,원동기,남,69세,중상
2017090700100195,2017년 9월 7일 10시,목요일,강원도 원주시 단계동,경상사고,0,0,3,0,차대차 - 측면충돌,안전거리미확보,건조,맑음,교차로 - 교차로부근,승용,남,43세,상해없음,승용,남,48세,경상
2017090700100263,2017년 9월 7일 13시,목요일,강원도 강릉시 성남동,중상사고,0,1,0,0,차대차 - 측면충돌,안전운전불이행,건조,맑음,주차장 - 주차장,승용,남,68세,상해없음,이륜,여,59세,중상
2017090700100264,2017년 9월 7일 13시,목요일,강원도 원주시 학성동,경상사고,0,0,1,0,차대차 - 측면충돌,안전운전불이행,건조,맑음,단일로 - 기타,승용,남,68세,상해없음,승용,여,49세,경상
2017090700100336,2017년 9월 7일 15시,목요일,강원도 원주시 명륜동,중상사고,0,1,0,0,차대차 - 측면충돌,안전운전불이행,건조,맑음,단일로 - 기타,승용,여,50세,상해없음,자전거,여,63세,중상
2017090700100368,2017년 9월 7일 16시,목요일,강원도 원주시 명륜동,경상사고,0,0,1,0,차대사람 - 차도통행중,안전운전불이행,건조,맑음,교차로 - 교차로부근,승용,여,44세,상해없음,보행자,여,66세,경상
2017090700100369,2017년 9월 7일 16시,목요일,강원도 속초시 설악동,중상사고,0,1,2,0,차대차 - 측면충돌,안전운전불이행,건조,맑음,교차로 - 교차로안,승합,남,49세,경상,승용,남,72세,상해없음
2017090700100412,2017년 9월 7일 17시,목요일,강원도 춘천시 약사동,경상사고,0,0,1,0,차대차 - 추돌,안전운전불이행,건조,맑음,교차로 - 교차로안,기타불명,기타불명,미분류,기타불명,승용,남,67세,경상
2017090700100413,2017년 9월 7일 17시,목요일,강원도 원주시 학성동,경상사고,0,0,2,0,차대차 - 추돌,안전거리미확보,건조,맑음,단일로 - 기타,승용,남,25세,상해없음,승용,남,54세,경상
2017090700100414,2017년 9월 7일 17시,목요일,강원도 동해시 발한동,중상사고,0,1,2,0,차대차 - 정면충돌,중앙선침범,건조,맑음,단일로 - 기타,승용,남,67세,상해없음,승용,남,66세,경상
2017090700100457,2017년 9월 7일 18시,목요일,강원도 춘천시 효자동,경상사고,0,0,1,0,차대차 - 측면충돌,중앙선침범,건조,맑음,단일로 - 기타,승용,남,43세,상해없음,승용,여,56세,경상
2017090700100563,2017년 9월 7일 21시,목요일,강원도 영월군 한반도면,경상사고,0,0,1,0,차대차 - 추돌,안전거리미확보,건조,맑음,단일로 - 교량,승용,남,30세,상해없음,승용,남,52세,경상
2017090700100608,2017년 9월 7일 23시,목요일,강원도 강릉시 교동,중상사고,0,1,0,0,차대사람 - 횡단중,보행자보호의무위반,건조,맑음,단일로 - 기타,승용,남,39세,상해없음,보행자,남,26세,중상
2017090700100609,2017년 9월 7일 23시,목요일,강원도 영월군 영월읍,중상사고,0,1,0,0,차대사람 - 횡단중,안전운전불이행,건조,맑음,교차로 - 교차로안,승용,남,54세,상해없음,보행자,남,23세,중상
2017090800100074,2017년 9월 8일 05시,금요일,강원도 원주시 소초면,경상사고,0,0,2,0,차대차 - 측면충돌,신호위반,건조,맑음,교차로 - 교차로안,승용,남,46세,상해없음,화물,남,56세,경상
2017090800100211,2017년 9월 8일 10시,금요일,강원도 원주시 지정면,중상사고,0,1,1,0,차대차 - 측면충돌,신호위반,건조,맑음,교차로 - 교차로안,승용,남,57세,상해없음,승용,남,55세,경상
2017090800100212,2017년 9월 8일 10시,금요일,강원도 원주시 중앙동,경상사고,0,0,2,0,차대차 - 측면충돌,신호위반,건조,맑음,교차로 - 교차로안,화물,남,55세,상해없음,승용,여,43세,경상
2017090800100213,2017년 9월 8일 10시,금요일,강원도 속초시 청호동,중상사고,0,1,0,0,차대차 - 측면충돌,신호위반,건조,맑음,교차로 - 교차로안,승용,남,26세,상해없음,이륜,여,77세,중상
2017090800100214,2017년 9월 8일 10시,금요일,강원도 평창군 대관령면,경상사고,0,0,3,0,차대차 - 측면충돌,안전운전불이행,건조,맑음,단일로 - 기타,승용,여,49세,상해없음,화물,남,47세,경상
2017090800100243,2017년 9월 8일 11시,금요일,강원도 강릉시 입암동,경상사고,0,0,1,0,차대차 - 측면충돌,안전운전불이행,건조,맑음,교차로 - 교차로부근,화물,남,28세,상해없음,화물,남,36세,경상
2017090800100273,2017년 9월 8일 12시,금요일,강원도 춘천시 효자동,경상사고,0,0,2,0,차대차 - 측면충돌,안전운전불이행,건조,맑음,단일로 - 기타,승용,남,32세,경상,승용,남,30세,경상
2017090800100303,2017년 9월 8일 13시,금요일,강원도 원주시 단구동,경상사고,0,0,2,0,차대차 - 측면충돌,안전운전불이행,건조,맑음,교차로 - 교차로부근,화물,남,47세,상해없음,승용,여,48세,경상
2017090800100338,2017년 9월 8일 14시,금요일,강원도 강릉시 송정동,경상사고,0,0,1,0,차대차 - 측면충돌,안전운전불이행,건조,맑음,교차로 - 교차로부근,승용,남,56세,상해없음,승용,남,42세,경상
2017090800100339,2017년 9월 8일 14시,금요일,강원도 삼척시 도계읍,경상사고,0,0,2,0,차대차 - 측면충돌,기타,건조,맑음,교차로 - 교차로안,승용,남,67세,상해없음,승용,여,46세,경상
2017090800100340,2017년 9월 8일 14시,금요일,강원도 삼척시 남양동,경상사고,0,0,1,0,차대차 - 추돌,안전운전불이행,건조,맑음,단일로 - 기타,화물,남,64세,상해없음,승용,여,51세,경상
2017090800100373,2017년 9월 8일 15시,금요일,강원도 원주시 단구동,경상사고,0,0,2,1,차대차 - 측면충돌,안전운전불이행,건조,맑음,교차로 - 교차로안,승용,여,24세,상해없음,승용,남,73세,상해없음
2017090800100414,2017년 9월 8일 16시,금요일,강원도 강릉시 포남동,경상사고,0,0,1,0,차대차 - 기타,안전운전불이행,건조,맑음,교차로 - 교차로횡단보도내,승용,남,85세,상해없음,자전거,남,17세,경상
2017090800100415,2017년 9월 8일 16시,금요일,강원도 삼척시 원당동,경상사고,0,0,1,0,차대차 - 후진중충돌,안전운전불이행,건조,맑음,단일로 - 기타,화물,남,60세,상해없음,승용,남,41세,경상
2017090800100461,2017년 9월 8일 17시,금요일,강원도 춘천시 근화동,경상사고,0,0,2,0,차대차 - 측면충돌,안전운전불이행,건조,맑음,단일로 - 기타,승용,남,39세,경상,승용,남,54세,경상
2017090800100462,2017년 9월 8일 17시,금요일,강원도 원주시 단계동,경상사고,0,0,1,0,차대차 - 측면충돌,안전운전불이행,건조,맑음,교차로 - 교차로안,승용,여,61세,경상,승합,남,64세,상해없음
2017090800100506,2017년 9월 8일 18시,금요일,강원도 원주시 단계동,경상사고,0,0,1,0,차대차 - 측면충돌,안전운전불이행,건조,흐림,단일로 - 기타,승용,남,59세,상해없음,승용,남,40세,경상
2017090800100507,2017년 9월 8일 18시,금요일,강원도 원주시 일산동,중상사고,0,1,0,0,차대사람 - 기타,안전운전불이행,기타,기타,단일로 - 기타,승용,남,55세,상해없음,보행자,여,76세,중상
2017090800100551,2017년 9월 8일 19시,금요일,강원도 춘천시 후평동,경상사고,0,0,1,0,차대차 - 측면충돌,안전운전불이행,건조,맑음,교차로 - 교차로안,승합,남,54세,상해없음,승용,여,58세,경상
2017090800100612,2017년 9월 8일 20시,금요일,강원도 원주시 단구동,경상사고,0,0,1,0,차대사람 - 기타,안전운전불이행,건조,맑음,단일로 - 기타,화물,남,52세,상해없음,보행자,남,32세,경상
2017090800100683,2017년 9월 8일 22시,금요일,강원도 강릉시 임당동,경상사고,0,0,1,0,차대차 - 정면충돌,중앙선침범,건조,맑음,교차로 - 교차로부근,승용,여,35세,상해없음,이륜,남,24세,경상
2017090800100684,2017년 9월 8일 22시,금요일,강원도 고성군 죽왕면,중상사고,0,2,0,0,차대차 - 기타,중앙선침범,건조,맑음,기타 - 기타,이륜,남,72세,중상,승용,여,49세,중상
2017090800100706,2017년 9월 8일 23시,금요일,강원도 춘천시 소양로3가,경상사고,0,0,2,0,차대차 - 측면충돌,교차로운행방법위반,건조,맑음,교차로 - 교차로안,승용,남,25세,상해없음,승용,남,64세,경상
2017090800100707,2017년 9월 8일 23시,금요일,강원도 원주시 무실동,중상사고,0,1,0,0,차대차 - 추돌,안전거리미확보,건조,맑음,단일로 - 기타,승용,여,36세,상해없음,승용,여,56세,중상
2017090800100708,2017년 9월 8일 23시,금요일,강원도 인제군 북면,경상사고,0,0,1,0,차대차 - 측면충돌,안전운전불이행,건조,맑음,교차로 - 교차로안,승용,여,56세,상해없음,승용,남,24세,경상
2017090900100124,2017년 9월 9일 06시,토요일,강원도 강릉시 홍제동,중상사고,0,1,1,0,차대차 - 측면충돌,신호위반,건조,맑음,교차로 - 교차로안,승용,남,81세,상해없음,승용,남,58세,중상
2017090900100125,2017년 9월 9일 06시,토요일,강원도 원주시 태장동,경상사고,0,0,2,0,차대차 - 측면충돌,차로위반,건조,맑음,단일로 - 기타,승용,남,72세,상해없음,승용,여,44세,경상
2017090900100126,2017년 9월 9일 06시,토요일,강원도 속초시 노학동,경상사고,0,0,1,0,차대차 - 측면충돌,안전운전불이행,건조,맑음,단일로 - 기타,승합,여,48세,상해없음,화물,남,54세,경상
2017090900100127,2017년 9월 9일 06시,토요일,강원도 홍천군 북방면,경상사고,0,0,1,0,차대차 - 기타,직진우회전진행방해,건조,맑음,교차로 - 교차로안,승합,남,69세,상해없음,승용,남,39세,경상
2017090900100153,2017년 9월 9일 08시,토요일,강원도 원주시 단계동,중상사고,0,1,0,0,차대차 - 측면충돌,교차로운행방법위반,건조,맑음,단일로 - 기타,승용,남,78세,상해없음,승용,남,42세,중상
2017090900100179,2017년 9월 9일 09시,토요일,강원도 원주시 지정면,경상사고,0,0,1,0,차대차 - 측면충돌,안전운전불이행,건조,맑음,단일로 - 기타,승용,남,47세,상해없음,승합,남,43세,경상
2017090900100209,2017년 9월 9일 10시,토요일,강원도 화천군 화천읍,중상사고,0,1,0,0,차대사람 - 횡단중,안전운전불이행,건조,맑음,단일로 - 기타,승용,여,34세,상해없음,보행자,남,2세,중상
2017090900100210,2017년 9월 9일 10시,토요일,강원도 횡성군 횡성읍,중상사고,0,1,0,0,차대차 - 측면충돌,기타,건조,맑음,교차로 - 교차로안,화물,여,39세,상해없음,자전거,남,59세,중상
2017090900100232,2017년 9월 9일 11시,토요일,강원도 강릉시 옥천동,중상사고,0,1,0,0,차대차 - 측면충돌,안전운전불이행,건조,맑음,단일로 - 기타,승용,남,55세,상해없음,개인형이동수단(PM),남,16세,중상
2017090900100268,2017년 9월 9일 12시,토요일,강원도 원주시 학성동,경상사고,0,0,1,0,차대사람 - 횡단중,안전운전불이행,건조,맑음,단일로 - 기타,승용,남,35세,상해없음,보행자,여,18세,경상
2017090900100269,2017년 9월 9일 12시,토요일,강원도 삼척시 오분동,경상사고,0,0,1,0,차대차 - 추돌,안전거리미확보,건조,맑음,단일로 - 기타,승용,남,65세,상해없음,화물,남,27세,경상
2017090900100308,2017년 9월 9일 13시,토요일,강원도 철원군 갈말읍,중상사고,0,1,1,0,차대차 - 추돌,안전운전불이행,건조,맑음,교차로 - 교차로부근,승용,남,49세,상해없음,승용,여,48세,중상
2017090900100348,2017년 9월 9일 14시,토요일,강원도 원주시 우산동,경상사고,0,0,1,0,차대차 - 측면충돌,교차로운행방법위반,건조,맑음,교차로 - 교차로안,승용,여,40세,상해없음,승용,여,57세,경상
2017090900100396,2017년 9월 9일 15시,토요일,강원도 원주시 흥업면,경상사고,0,0,1,0,차대차 - 추돌,안전거리미확보,건조,맑음,교차로 - 교차로부근,승용,남,67세,상해없음,승용,남,26세,경상
2017090900100397,2017년 9월 9일 15시,토요일,강원도 화천군 간동면,중상사고,0,1,2,0,차대차 - 정면충돌,중앙선침범,건조,맑음,단일로 - 기타,이륜,남,28세,중상,승용,남,54세,경상
2017090900100423,2017년 9월 9일 16시,토요일,강원도 영월군 영월읍,경상사고,0,0,1,0,차대차 - 측면충돌,교차로운행방법위반,건조,맑음,교차로 - 교차로안,자전거,남,12세,경상,화물,남,63세,상해없음
2017090900100424,2017년 9월 9일 16시,토요일,강원도 평창군 용평면,경상사고,0,0,4,0,차대차 - 측면충돌,안전운전불이행,건조,맑음,단일로 - 기타,승합,남,69세,상해없음,승용,남,49세,경상
2017090900100501,2017년 9월 9일 18시,토요일,강원도 춘천시 온의동,중상사고,0,1,0,0,차대차 - 측면충돌,안전운전불이행,건조,맑음,교차로 - 교차로안,승용,여,80세,상해없음,자전거,남,71세,중상
2017090900100502,2017년 9월 9일 18시,토요일,강원도 강릉시 남문동,경상사고,0,0,1,0,차대사람 - 기타,안전운전불이행,건조,맑음,단일로 - 기타,승용,남,58세,상해없음,보행자,여,59세,경상
2017090900100503,2017년 9월 9일 18시,토요일,강원도 강릉시 사천면,경상사고,0,0,1,0,차대차 - 측면충돌,안전운전불이행,건조,맑음,단일로 - 기타,승용,남,69세,상해없음,자전거,남,17세,경상
2017090900100540,2017년 9월 9일 19시,토요일,강원도 원주시 신림면,중상사고,0,1,0,0,차대사람 - 횡단중,안전운전불이행,건조,맑음,단일로 - 기타,승용,남,35세,상해없음,보행자,남,24세,중상
2017090900100541,2017년 9월 9일 19시,토요일,강원도 정선군 고한읍,중상사고,0,1,0,0,차대차 - 측면충돌,중앙선침범,건조,맑음,단일로 - 기타,승용,남,24세,상해없음,이륜,남,25세,중상
2017090900100575,2017년 9월 9일 20시,토요일,강원도 춘천시 퇴계동,경상사고,0,0,4,0,차대차 - 측면충돌,안전운전불이행,건조,맑음,교차로 - 교차로안,승합,남,44세,경상,승용,남,71세,경상
2017090900100576,2017년 9월 9일 20시,토요일,강원도 원주시 개운동,경상사고,0,0,2,0,차대차 - 정면충돌,안전운전불이행,건조,맑음,단일로 - 기타,승용,여,24세,상해없음,승용,남,24세,경상
2017090900100612,2017년 9월 9일 21시,토요일,강원도 영월군 무릉도원면,중상사고,0,1,0,0,차대사람 - 길가장자리구역통행중,안전운전불이행,건조,맑음,단일로 - 기타,화물,남,38세,상해없음,보행자,남,53세,중상
2017090900100638,2017년 9월 9일 22시,토요일,강원도 속초시 교동,경상사고,0,0,2,0,차대차 - 측면충돌,차로위반,건조,맑음,단일로 - 기타,승용,남,64세,상해없음,승용,여,43세,경상
2017090900100665,2017년 9월 9일 23시,토요일,강원도 원주시 단구동,경상사고,0,0,1,0,차대차 - 측면충돌,신호위반,건조,맑음,교차로 - 교차로안,승용,남,56세,기타불명,승용,남,29세,경상
2017090900100666,2017년 9월 9일 23시,토요일,강원도 양구군 양구읍,중상사고,0,1,1,0,차대차 - 측면충돌,교차로운행방법위반,건조,맑음,교차로 - 교차로안,승용,남,25세,상해없음,화물,여,52세,중상
2017091000100055,2017년 9월 10일 02시,일요일,강원도 강릉시 교동,사망사고,1,0,3,0,차대차 - 측면충돌,안전운전불이행,건조,맑음,교차로 - 교차로안,승용,여,18세,상해없음,이륜,남,24세,사망
2017091000100056,2017년 9월 10일 02시,일요일,강원도 강릉시 구정면,사망사고,1,0,0,0,차량단독 - 기타,안전운전불이행,건조,맑음,교차로 - 교차로부근,승용,남,34세,상해없음,,,,
2017091000100069,2017년 9월 10일 03시,일요일,강원도 원주시 반곡동,중상사고,0,1,0,1,차대차 - 측면충돌,신호위반,건조,맑음,교차로 - 교차로안,승용,남,26세,부상신고,승용,남,52세,중상
2017091000100081,2017년 9월 10일 04시,일요일,강원도 원주시 단계동,경상사고,0,0,1,0,차대차 - 측면충돌,안전거리미확보,건조,맑음,교차로 - 교차로안,승용,남,35세,상해없음,승용,남,61세,경상
2017091000100082,2017년 9월 10일 04시,일요일,강원도 속초시 교동,경상사고,0,0,1,0,차대차 - 측면충돌,직진우회전진행방해,건조,맑음,교차로 - 교차로안,승용,여,21세,상해없음,승용,남,60세,경상
2017091000100083,2017년 9월 10일 04시,일요일,강원도 정선군 사북읍,중상사고,0,1,0,0,차대차 - 측면충돌,안전운전불이행,건조,맑음,교차로 - 교차로안,승용,남,20세,상해없음,승용,남,52세,중상
2017091000100116,2017년 9월 10일 07시,일요일,강원도 강릉시 교동,중상사고,0,1,2,0,차대차 - 추돌,안전운전불이행,건조,맑음,교차로 - 교차로부근,화물,남,50세,상해없음,승용,여,62세,중상
2017091000100117,2017년 9월 10일 07시,일요일,강원도 원주시 우산동,중상사고,0,1,1,0,차대차 - 추돌,안전운전불이행,건조,맑음,교차로 - 교차로부근,승합,남,65세,상해없음,화물,남,58세,경상
2017091000100146,2017년 9월 10일 09시,일요일,강원도 원주시 우산동,사망사고,1,0,1,1,차대차 - 정면충돌,교차로운행방법위반,건조,맑음,교차로 - 교차로안,승용,남,54세,상해없음,이륜,남,37세,사망
2017091000100147,2017년 9월 10일 09시,일요일,강원도 원주시 단구동,경상사고,0,0,1,0,차대차 - 정면충돌,안전운전불이행,건조,맑음,교차로 - 교차로부근,승용,남,43세,상해없음,승용,여,43세,경상
2017091000100148,2017년 9월 10일 09시,일요일,강원도 원주시 우산동,경상사고,0,0,3,0,차대차 - 추돌,안전운전불이행,건조,맑음,단일로 - 기타,화물,남,49세,상해없음,승용,남,64세,경상
2017091000100149,2017년 9월 10일 09시,일요일,강원도 평창군 진부면,중상사고,0,1,0,0,차대사람 - 기타,안전운전불이행,건조,맑음,단일로 - 기타,화물,남,48세,상해없음,보행자,여,87세,중상
2017091000100165,2017년 9월 10일 10시,일요일,강원도 춘천시 후평동,중상사고,0,1,0,0,차량단독 - 기타,안전운전불이행,건조,맑음,단일로 - 기타,승합,남,41세,상해없음,,,,
2017091000100180,2017년 9월 10일 11시,일요일,강원도 춘천시 남산면,경상사고,0,0,2,0,차대차 - 측면충돌,안전운전불이행,건조,맑음,교차로 - 교차로부근,이륜,남,55세,상해없음,승용,남,37세,경상
2017091000100181,2017년 9월 10일 11시,일요일,강원도 춘천시 소양로3가,경상사고,0,0,1,0,차대차 - 기타,안전거리미확보,건조,맑음,단일로 - 기타,승용,남,34세,상해없음,승용,남,32세,경상
2017091000100234,2017년 9월 10일 13시,일요일,강원도 강릉시 내곡동,중상사고,0,1,0,0,차대사람 - 기타,안전운전불이행,건조,맑음,기타 - 기타,승용,남,25세,상해없음,보행자,여,85세,중상
2017091000100235,2017년 9월 10일 13시,일요일,강원도 동해시 묵호진동,중상사고,0,1,0,0,차대차 - 측면충돌,안전운전불이행,건조,맑음,단일로 - 기타,화물,남,56세,상해없음,이륜,남,83세,중상
2017091000100263,2017년 9월 10일 14시,일요일,강원도 강릉시 성남동,중상사고,0,1,0,0,차대사람 - 횡단중,보행자보호의무위반,건조,맑음,교차로 - 교차로부근,승합,남,23세,상해없음,보행자,남,82세,중상
2017091000100264,2017년 9월 10일 14시,일요일,강원도 양양군 양양읍,경상사고,0,0,1,0,차대차 - 측면충돌,중앙선침범,건조,맑음,단일로 - 기타,승용,남,57세,상해없음,승용,여,51세,경상
2017091000100293,2017년 9월 10일 15시,일요일,강원도 춘천시 효자동,경상사고,0,0,1,0,차대사람 - 기타,안전운전불이행,건조,맑음,교차로 - 교차로부근,기타불명,기타불명,미분류,기타불명,보행자,남,19세,경상
2017091000100324,2017년 9월 10일 16시,일요일,강원도 춘천시 소양로1가,경상사고,0,0,1,0,차대차 - 측면충돌,안전운전불이행,건조,맑음,교차로 - 교차로안,승용,여,51세,상해없음,승용,남,31세,경상
2017091000100325,2017년 9월 10일 16시,일요일,강원도 정선군 고한읍,중상사고,0,1,1,0,차대차 - 측면충돌,안전운전불이행,건조,맑음,단일로 - 기타,승용,남,52세,상해없음,승용,남,25세,중상
2017091000100326,2017년 9월 10일 16시,일요일,강원도 인제군 인제읍,중상사고,0,2,0,0,차대차 - 정면충돌,중앙선침범,건조,맑음,단일로 - 기타,이륜,남,31세,상해없음,이륜,남,39세,중상
2017091000100359,2017년 9월 10일 17시,일요일,강원도 영월군 주천면,경상사고,0,0,1,0,차대차 - 측면충돌,중앙선침범,건조,흐림,단일로 - 기타,승용,남,36세,상해없음,이륜,남,33세,경상
2017091000100391,2017년 9월 10일 18시,일요일,강원도 평창군 진부면,중상사고,0,1,0,0,차대사람 - 횡단중,안전운전불이행,건조,맑음,단일로 - 기타,승용,남,30세,상해없음,보행자,남,76세,중상
2017091000100422,2017년 9월 10일 19시,일요일,강원도 춘천시 퇴계동,경상사고,0,0,1,0,차대사람 - 횡단중,안전운전불이행,건조,맑음,교차로 - 교차로안,승용,남,53세,상해없음,보행자,여,57세,경상
2017091000100423,2017년 9월 10일 19시,일요일,강원도 강릉시 옥천동,경상사고,0,0,1,0,차대사람 - 기타,안전운전불이행,건조,맑음,단일로 - 기타,기타불명,기타불명,미분류,기타불명,보행자,남,60세,경상
2017091000100424,2017년 9월 10일 19시,일요일,강원도 삼척시 남양동,경상사고,0,0,2,0,차대차 - 추돌,안전거리미확보,건조,맑음,교차로 - 교차로안,승용,여,29세,상해없음,승용,남,58세,경상
2017091000100461,2017년 9월 10일 20시,일요일,강원도 강릉시 포남동,경상사고,0,0,1,0,차대사람 - 횡단중,안전운전불이행,건조,맑음,단일로 - 기타,승합,남,34세,상해없음,보행자,남,59세,경상
2017091000100462,2017년 9월 10일 20시,일요일,강원도 원주시 단구동,중상사고,0,1,0,0,차대사람 - 횡단중,보행자보호의무위반,건조,맑음,교차로 - 교차로횡단보도내,승용,남,61세,상해없음,보행자,여,80세,중상
2017091000100489,2017년 9월 10일 21시,일요일,강원도 춘천시 사북면,경상사고,0,0,2,1,차대차 - 측면충돌,차로위반,건조,맑음,단일로 - 기타,화물,남,71세,상해없음,승용,남,34세,경상
2017091000100512,2017년 9월 10일 22시,일요일,강원도 평창군 대화면,중상사고,0,1,2,0,차량단독 - 공작물충돌,안전운전불이행,젖음/습기,비,단일로 - 기타,승용,남,22세,경상,,,,
2017091000100532,2017년 9월 10일 23시,일요일,강원도 원주시 학성동,경상사고,0,0,3,0,차대차 - 측면충돌,안전운전불이행,건조,맑음,단일로 - 기타,승용,남,59세,상해없음,승용,남,48세,경상
2017091100100136,2017년 9월 11일 07시,월요일,강원도 강릉시 강동면,경상사고,0,0,2,0,차대차 - 측면충돌,중앙선침범,젖음/습기,비,단일로 - 기타,화물,남,74세,경상,화물,남,70세,경상
2017091100100137,2017년 9월 11일 07시,월요일,강원도 원주시 신림면,경상사고,0,0,1,0,차대차 - 측면충돌,안전운전불이행,건조,맑음,단일로 - 기타,승용,여,57세,상해없음,화물,남,34세,경상
2017091100100176,2017년 9월 11일 08시,월요일,강원도 춘천시 신북읍,부상신고사고,0,0,0,1,차대차 - 측면충돌,안전운전불이행,젖음/습기,흐림,단일로 - 기타,승용,여,63세,상해없음,화물,남,57세,부상신고
2017091100100222,2017년 9월 11일 09시,월요일,강원도 강릉시 두산동,중상사고,0,1,0,0,차대차 - 측면충돌,안전운전불이행,젖음/습기,비,교차로 - 교차로안,화물,남,27세,상해없음,화물,남,42세,중상
2017091100100223,2017년 9월 11일 09시,월요일,강원도 영월군 영월읍,사망사고,2,0,0,0,차량단독 - 도로외이탈 - 추락,안전운전불이행,젖음/습기,비,단일로 - 기타,승용,남,58세,상해없음,,,,
2017091100100224,2017년 9월 11일 09시,월요일,강원도 인제군 인제읍,경상사고,0,0,1,0,차대차 - 측면충돌,신호위반,젖음/습기,비,교차로 - 교차로안,화물,남,49세,상해없음,화물,남,51세,경상
2017091100100266,2017년 9월 11일 10시,월요일,강원도 강릉시 임당동,경상사고,0,0,1,0,차대차 - 측면충돌,안전운전불이행,젖음/습기,비,교차로 - 교차로안,화물,남,23세,상해없음,이륜,여,61세,경상
2017091100100297,2017년 9월 11일 11시,월요일,강원도 원주시 단계동,경상사고,0,0,1,0,차대차 - 추돌,안전거리미확보,건조,맑음,단일로 - 기타,승용,남,36세,상해없음,승용,남,47세,경상
2017091100100298,2017년 9월 11일 11시,월요일,강원도 원주시 태장동,경상사고,0,0,2,0,차대차 - 측면충돌,안전운전불이행,건조,맑음,교차로 - 교차로안,승용,남,72세,경상,승용,여,70세,경상
2017091100100299,2017년 9월 11일 11시,월요일,강원도 원주시 일산동,중상사고,0,1,0,0,차대차 - 측면충돌,안전운전불이행,건조,맑음,단일로 - 기타,승용,남,65세,상해없음,승용,여,55세,중상
2017091100100300,2017년 9월 11일 11시,월요일,강원도 홍천군 홍천읍,중상사고,0,1,0,0,차대사람 - 길가장자리구역통행중,안전운전불이행,젖음/습기,맑음,교차로 - 교차로안,승용,여,47세,상해없음,보행자,남,60세,중상
2017091100100326,2017년 9월 11일 12시,월요일,강원도 홍천군 두촌면,경상사고,0,0,2,0,차대차 - 기타,안전거리미확보,젖음/습기,흐림,교차로 - 교차로부근,승용,남,52세,상해없음,승용,남,43세,경상
2017091100100327,2017년 9월 11일 12시,월요일,강원도 홍천군 홍천읍,경상사고,0,0,1,0,차대사람 - 기타,보행자보호의무위반,건조,맑음,교차로 - 교차로부근,승용,여,60세,상해없음,보행자,남,54세,경상
2017091100100328,2017년 9월 11일 12시,월요일,강원도 철원군 철원읍,중상사고,0,5,0,0,차대차 - 측면충돌,교차로운행방법위반,건조,맑음,교차로 - 교차로안,승용,여,52세,중상,승용,남,25세,중상
2017091100100381,2017년 9월 11일 14시,월요일,강원도 춘천시 동면,사망사고,1,0,0,0,차량단독 - 전도전복,안전운전불이행,건조,맑음,단일로 - 기타,화물,남,57세,사망,미분류,미분류,미분류,미분류
2017091100100382,2017년 9월 11일 14시,월요일,강원도 속초시 동명동,경상사고,0,0,5,0,차대차 - 측면충돌,교차로운행방법위반,건조,맑음,교차로 - 교차로안,승용,여,56세,상해없음,승합,남,51세,경상
2017091100100579,2017년 9월 11일 20시,월요일,강원도 속초시 조양동,경상사고,0,0,7,0,차대차 - 측면충돌,안전운전불이행,건조,맑음,교차로 - 교차로부근,승용,남,40세,상해없음,승용,남,45세,경상
2017091100100580,2017년 9월 11일 20시,월요일,강원도 평창군 평창읍,중상사고,0,1,1,0,차량단독 - 도로외이탈 - 추락,기타,건조,맑음,단일로 - 기타,승용,남,28세,중상,,,,