사고번호,사고일시,요일,시군구,사고내용,사망자수,중상자수,경상자수,부상신고자수,사고유형,법규위반,노면상태,기상상태,도로형태,가해운전자 차종,가해운전자 성별,가해운전자 연령,가해운전자 상해정도,피해운전자 차종,피해운전자 성별,피해운전자 연령,피해운전자 상해정도
2017091100100581,2017년 9월 11일 20시,월요일,강원도 정선군 사북읍,경상사고,0,0,1,0,차대차 - 측면충돌,안전운전불이행,건조,맑음,교차로 - 교차로안,승용,남,57세,상해없음,승용,남,54세,상해없음
2017091100100605,2017년 9월 11일 21시,월요일,강원도 강릉시 운산동,경상사고,0,0,2,0,차대차 - 기타,기타,건조,맑음,단일로 - 기타,승용,남,62세,상해없음,화물,남,36세,경상
2017091100100666,2017년 9월 11일 23시,월요일,강원도 춘천시 동내면,경상사고,0,0,1,0,차대차 - 측면충돌,안전운전불이행,건조,맑음,교차로 - 교차로안,승용,남,46세,상해없음,승용,남,30세,경상
2017091200100135,2017년 9월 12일 08시,화요일,강원도 속초시 대포동,경상사고,0,0,1,0,차대차 - 추돌,안전운전불이행,건조,맑음,교차로 - 교차로안,승용,남,55세,상해없음,승용,남,37세,경상
2017091200100239,2017년 9월 12일 11시,화요일,강원도 강릉시 포남동,경상사고,0,0,1,0,차대차 - 기타,안전운전불이행,건조,맑음,교차로 - 교차로부근,승용,여,44세,상해없음,승합,남,49세,상해없음
2017091200100240,2017년 9월 12일 11시,화요일,강원도 속초시 청학동,경상사고,0,0,3,0,차대차 - 측면충돌,직진우회전진행방해,건조,맑음,교차로 - 교차로안,화물,남,24세,상해없음,승용,남,35세,경상
2017091200100263,2017년 9월 12일 12시,화요일,강원도 춘천시 효자동,경상사고,0,0,1,0,차대사람 - 기타,교차로운행방법위반,건조,맑음,단일로 - 기타,승용,남,45세,상해없음,보행자,남,54세,경상
2017091200100286,2017년 9월 12일 13시,화요일,강원도 춘천시 동내면,경상사고,0,0,1,0,차대차 - 측면충돌,안전운전불이행,건조,맑음,단일로 - 기타,자전거,남,36세,경상,승용,남,68세,상해없음
2017091200100287,2017년 9월 12일 13시,화요일,강원도 태백시 황지동,경상사고,0,0,1,0,차대차 - 추돌,기타,건조,맑음,교차로 - 교차로안,승용,여,67세,상해없음,승용,여,60세,경상
2017091200100318,2017년 9월 12일 14시,화요일,강원도 원주시 평원동,경상사고,0,0,1,0,차대사람 - 기타,안전운전불이행,건조,맑음,주차장 - 주차장,화물,남,58세,상해없음,보행자,여,63세,경상
2017091200100341,2017년 9월 12일 15시,화요일,강원도 삼척시 미로면,경상사고,0,0,1,0,차대차 - 측면충돌,중앙선침범,건조,맑음,단일로 - 기타,건설기계,남,52세,상해없음,건설기계,남,41세,경상
2017091200100377,2017년 9월 12일 16시,화요일,강원도 원주시 문막읍,경상사고,0,0,1,0,차대사람 - 횡단중,안전운전불이행,건조,맑음,교차로 - 교차로부근,이륜,남,42세,상해없음,보행자,남,63세,경상
2017091200100378,2017년 9월 12일 16시,화요일,강원도 삼척시 남양동,중상사고,0,1,0,0,차대차 - 추돌,안전운전불이행,건조,맑음,교차로 - 교차로부근,승용,남,49세,상해없음,자전거,남,69세,중상
2017091200100460,2017년 9월 12일 18시,화요일,강원도 춘천시 효자동,경상사고,0,0,1,0,차대차 - 측면충돌,차로위반,건조,맑음,단일로 - 기타,화물,남,39세,상해없음,승용,남,39세,경상
2017091200100501,2017년 9월 12일 19시,화요일,강원도 원주시 단구동,경상사고,0,0,2,0,차대차 - 측면충돌,신호위반,건조,맑음,교차로 - 교차로안,승용,남,60세,상해없음,승용,남,20세,경상
2017091200100535,2017년 9월 12일 20시,화요일,강원도 강릉시 안현동,중상사고,0,3,2,0,차대차 - 측면충돌,중앙선침범,건조,맑음,단일로 - 기타,승용,남,59세,상해없음,승용,남,26세,중상
2017091200100536,2017년 9월 12일 20시,화요일,강원도 속초시 조양동,경상사고,0,0,1,4,차대차 - 정면충돌,중앙선침범,건조,맑음,기타 - 기타,승용,남,63세,상해없음,승용,여,54세,부상신고
2017091200100537,2017년 9월 12일 20시,화요일,강원도 양구군 양구읍,경상사고,0,0,2,0,차대차 - 측면충돌,안전운전불이행,건조,맑음,단일로 - 기타,화물,남,65세,상해없음,승용,여,44세,경상
2017091200100561,2017년 9월 12일 21시,화요일,강원도 원주시 단계동,경상사고,0,0,1,0,차대차 - 측면충돌,신호위반,건조,맑음,교차로 - 교차로안,승용,여,33세,상해없음,이륜,남,35세,경상
2017091200100591,2017년 9월 12일 22시,화요일,강원도 속초시 교동,중상사고,0,2,1,0,차대차 - 추돌,안전운전불이행,건조,맑음,단일로 - 기타,승용,남,50세,상해없음,승용,여,57세,경상
2017091200100605,2017년 9월 12일 23시,화요일,강원도 강릉시 포남동,경상사고,0,0,1,0,차대차 - 측면충돌,중앙선침범,건조,맑음,단일로 - 기타,승용,남,56세,상해없음,승용,여,59세,경상
2017091300100100,2017년 9월 13일 07시,수요일,강원도 춘천시 사북면,경상사고,0,0,2,0,차대차 - 측면충돌,중앙선침범,건조,맑음,단일로 - 기타,승용,여,47세,상해없음,화물,남,60세,경상
2017091300100130,2017년 9월 13일 08시,수요일,강원도 원주시 태장동,중상사고,0,1,1,0,차대차 - 측면충돌,안전운전불이행,건조,맑음,교차로 - 교차로안,건설기계,남,48세,상해없음,승용,남,41세,중상
2017091300100131,2017년 9월 13일 08시,수요일,강원도 철원군 갈말읍,중상사고,0,2,2,0,차대차 - 측면충돌,신호위반,건조,맑음,교차로 - 교차로안,화물,남,57세,경상,승용,남,71세,중상
2017091300100132,2017년 9월 13일 08시,수요일,강원도 동해시 효가동,중상사고,0,1,0,0,차대차 - 측면충돌,안전운전불이행,건조,맑음,단일로 - 기타,승용,여,47세,상해없음,자전거,남,17세,중상
2017091300100213,2017년 9월 13일 10시,수요일,강원도 춘천시 석사동,경상사고,0,0,1,1,차대차 - 측면충돌,직진우회전진행방해,건조,맑음,교차로 - 교차로안,승용,남,55세,상해없음,승합,남,49세,경상
2017091300100214,2017년 9월 13일 10시,수요일,강원도 강릉시 성남동,중상사고,0,1,0,0,차대차 - 측면충돌,안전운전불이행,건조,맑음,교차로 - 교차로안,승용,남,47세,상해없음,사륜오토바이(ATV),남,87세,중상
2017091300100215,2017년 9월 13일 10시,수요일,강원도 정선군 여량면,중상사고,0,1,0,0,차량단독 - 전도전복 - 전도,안전운전불이행,건조,맑음,단일로 - 기타,이륜,남,67세,상해없음,,,,
2017091300100216,2017년 9월 13일 10시,수요일,강원도 인제군 남면,경상사고,0,0,2,0,차대차 - 기타,안전운전불이행,건조,맑음,단일로 - 기타,승용,남,20세,상해없음,승용,여,42세,경상
2017091300100277,2017년 9월 13일 12시,수요일,강원도 원주시 반곡동,경상사고,0,0,1,0,차대차 - 측면충돌,신호위반,건조,맑음,교차로 - 교차로안,화물,남,59세,상해없음,승용,여,36세,경상
2017091300100314,2017년 9월 13일 13시,수요일,강원도 원주시 무실동,경상사고,0,0,1,0,차량단독 - 기타,안전운전불이행,건조,맑음,주차장 - 주차장,승용,여,37세,상해없음,,,,
2017091300100315,2017년 9월 13일 13시,수요일,강원도 평창군 봉평면,중상사고,0,1,0,0,차대사람 - 횡단중,안전운전불이행,건조,맑음,단일로 - 기타,승용,남,73세,상해없음,보행자,여,57세,중상
2017091300100316,2017년 9월 13일 13시,수요일,강원도 평창군 평창읍,경상사고,0,0,2,0,차대차 - 측면충돌,안전운전불이행,건조,맑음,교차로 - 교차로안,승용,남,78세,상해없음,승용,여,48세,경상
2017091300100348,2017년 9월 13일 14시,수요일,강원도 춘천시 근화동,부상신고사고,0,0,0,1,차대차 - 측면충돌,안전운전불이행,건조,맑음,교차로 - 교차로안,승용,여,53세,상해없음,자전거,남,50세,부상신고
2017091300100349,2017년 9월 13일 14시,수요일,강원도 원주시 학성동,중상사고,0,1,0,0,차량단독 - 공작물충돌,안전운전불이행,건조,맑음,단일로 - 기타,승용,남,47세,상해없음,,,,
2017091300100350,2017년 9월 13일 14시,수요일,강원도 원주시 판부면,경상사고,0,0,1,0,차대차 - 추돌,안전운전불이행,건조,맑음,단일로 - 기타,화물,남,54세,상해없음,승용,여,37세,경상
2017091300100390,2017년 9월 13일 15시,수요일,강원도 강릉시 죽헌동,경상사고,0,0,1,0,차대차 - 측면충돌,안전운전불이행,건조,맑음,교차로 - 교차로안,화물,남,47세,상해없음,화물,남,43세,경상
2017091300100421,2017년 9월 13일 16시,수요일,강원도 원주시 일산동,경상사고,0,0,1,0,차대사람 - 횡단중,안전운전불이행,건조,맑음,교차로 - 교차로안,승용,여,45세,상해없음,보행자,여,4세,경상
2017091300100466,2017년 9월 13일 17시,수요일,강원도 춘천시 후평동,경상사고,0,0,1,0,차대차 - 측면충돌,안전운전불이행,건조,맑음,교차로 - 교차로안,자전거,남,24세,경상,승용,여,55세,상해없음
2017091300100467,2017년 9월 13일 17시,수요일,강원도 원주시 호저면,경상사고,0,0,1,0,차대차 - 측면충돌,안전운전불이행,건조,맑음,단일로 - 기타,이륜,남,68세,상해없음,승용,여,38세,경상
2017091300100522,2017년 9월 13일 18시,수요일,강원도 삼척시 정상동,중상사고,0,3,0,0,차대차 - 측면충돌,중앙선침범,건조,맑음,단일로 - 기타,승용,남,53세,상해없음,승용,남,37세,중상
2017091300100571,2017년 9월 13일 19시,수요일,강원도 춘천시 소양로1가,경상사고,0,0,2,0,차대차 - 측면충돌,안전운전불이행,건조,맑음,교차로 - 교차로안,승용,여,48세,경상,승용,여,43세,경상
2017091300100572,2017년 9월 13일 19시,수요일,강원도 원주시 명륜동,중상사고,0,1,0,0,차대차 - 측면충돌,안전운전불이행,건조,맑음,교차로 - 교차로안,이륜,남,50세,상해없음,이륜,남,56세,중상
2017091300100573,2017년 9월 13일 19시,수요일,강원도 속초시 조양동,경상사고,0,0,1,0,차대차 - 추돌,안전운전불이행,건조,맑음,단일로 - 기타,승용,남,61세,상해없음,이륜,남,30세,경상
2017091300100574,2017년 9월 13일 19시,수요일,강원도 영월군 주천면,중상사고,0,1,0,0,차대차 - 추돌,안전운전불이행,건조,기타,단일로 - 기타,승용,남,63세,상해없음,자전거,남,77세,중상
2017091300100667,2017년 9월 13일 22시,수요일,강원도 홍천군 홍천읍,중상사고,0,1,2,0,차대차 - 추돌,안전운전불이행,건조,맑음,단일로 - 기타,승용,남,43세,상해없음,승용,여,58세,중상
2017091400100058,2017년 9월 14일 03시,목요일,강원도 원주시 단구동,경상사고,0,0,1,0,차대차 - 측면충돌,신호위반,건조,맑음,교차로 - 교차로안,승용,여,51세,상해없음,승용,남,48세,경상
2017091400100077,2017년 9월 14일 06시,목요일,강원도 원주시 우산동,경상사고,0,0,1,0,차대차 - 추돌,안전운전불이행,건조,맑음,단일로 - 기타,화물,남,37세,상해없음,화물,남,64세,경상
2017091400100109,2017년 9월 14일 07시,목요일,강원도 원주시 학성동,경상사고,0,0,1,0,차대사람 - 횡단중,안전운전불이행,건조,맑음,단일로 - 기타,승용,남,52세,상해없음,보행자,여,77세,경상
2017091400100110,2017년 9월 14일 07시,목요일,강원도 원주시 명륜동,경상사고,0,0,1,0,차대차 - 측면충돌,신호위반,건조,맑음,교차로 - 교차로안,화물,남,54세,상해없음,승용,남,42세,경상
2017091400100159,2017년 9월 14일 08시,목요일,강원도 양양군 현남면,경상사고,0,0,2,0,차대차 - 측면충돌,교차로운행방법위반,건조,맑음,교차로 - 교차로안,승용,여,71세,상해없음,승용,여,61세,경상
2017091400100214,2017년 9월 14일 09시,목요일,강원도 삼척시 교동,경상사고,0,0,3,0,차대차 - 측면충돌,직진우회전진행방해,건조,맑음,교차로 - 교차로안,승용,여,51세,경상,승용,남,69세,경상
2017091400100244,2017년 9월 14일 10시,목요일,강원도 강릉시 옥천동,중상사고,0,1,0,0,차대사람 - 횡단중,보행자보호의무위반,건조,맑음,교차로 - 교차로횡단보도내,승용,남,63세,상해없음,보행자,여,62세,중상
2017091400100275,2017년 9월 14일 11시,목요일,강원도 원주시 반곡동,경상사고,0,0,2,0,차대차 - 측면충돌,신호위반,건조,맑음,교차로 - 교차로안,이륜,남,17세,기타불명,승용,남,64세,경상
2017091400100308,2017년 9월 14일 12시,목요일,강원도 원주시 단계동,경상사고,0,0,2,0,차대차 - 측면충돌,교차로운행방법위반,건조,맑음,교차로 - 교차로부근,화물,남,40세,상해없음,승용,남,32세,경상
2017091400100309,2017년 9월 14일 12시,목요일,강원도 횡성군 둔내면,경상사고,0,0,1,0,차량단독 - 기타,안전운전불이행,건조,맑음,단일로 - 기타,승합,남,59세,상해없음,,,,
2017091400100342,2017년 9월 14일 13시,목요일,강원도 춘천시 신동면,경상사고,0,0,1,0,차대차 - 추돌,안전거리미확보,건조,맑음,단일로 - 기타,화물,남,59세,상해없음,승용,여,66세,경상
2017091400100343,2017년 9월 14일 13시,목요일,강원도 강릉시 교동,경상사고,0,0,1,0,차대차 - 측면충돌,안전운전불이행,건조,맑음,교차로 - 교차로안,승용,남,40세,상해없음,승용,여,44세,경상
2017091400100344,2017년 9월 14일 13시,목요일,강원도 강릉시 포남동,경상사고,0,0,1,0,차대차 - 측면충돌,안전운전불이행,건조,맑음,교차로 - 교차로안,승용,남,62세,상해없음,승용,남,50세,경상
2017091400100377,2017년 9월 14일 14시,목요일,강원도 원주시 태장동,부상신고사고,0,0,0,1,차대사람 - 횡단중,안전운전불이행,건조,맑음,단일로 - 기타,승용,남,21세,상해없음,보행자,남,20세,부상신고
2017091400100378,2017년 9월 14일 14시,목요일,강원도 원주시 단계동,경상사고,0,0,1,0,차대차 - 측면충돌,안전운전불이행,건조,맑음,교차로 - 교차로부근,건설기계,남,50세,상해없음,화물,남,80세,경상
2017091400100379,2017년 9월 14일 14시,목요일,강원도 동해시 평릉동,중상사고,0,1,0,0,차대사람 - 기타,안전운전불이행,건조,맑음,단일로 - 기타,화물,남,47세,상해없음,보행자,남,66세,중상
2017091400100416,2017년 9월 14일 15시,목요일,강원도 동해시 쇄운동,경상사고,0,0,1,0,차대사람 - 보도통행중,보행자보호의무위반,건조,맑음,단일로 - 기타,승용,여,40세,상해없음,보행자,남,11세,경상
2017091400100451,2017년 9월 14일 16시,목요일,강원도 홍천군 서석면,중상사고,0,1,0,0,차대차 - 측면충돌,안전운전불이행,건조,맑음,단일로 - 기타,이륜,남,56세,중상,승용,여,51세,상해없음
2017091400100504,2017년 9월 14일 17시,목요일,강원도 원주시 단구동,경상사고,0,0,1,0,차대차 - 추돌,안전거리미확보,건조,맑음,교차로 - 교차로부근,화물,남,66세,상해없음,승용,여,40세,경상
2017091400100505,2017년 9월 14일 17시,목요일,강원도 속초시 교동,경상사고,0,0,2,0,차대차 - 측면충돌,안전운전불이행,건조,맑음,단일로 - 기타,승용,여,36세,상해없음,승용,남,41세,경상
2017091400100559,2017년 9월 14일 18시,목요일,강원도 춘천시 동산면,중상사고,0,1,0,0,차대차 - 측면충돌,안전거리미확보,건조,맑음,단일로 - 기타,이륜,남,74세,중상,승용,남,55세,상해없음
2017091400100560,2017년 9월 14일 18시,목요일,강원도 춘천시 근화동,경상사고,0,0,1,0,차대차 - 측면충돌,안전운전불이행,건조,맑음,교차로 - 교차로안,승용,남,36세,상해없음,승용,여,33세,경상
2017091400100561,2017년 9월 14일 18시,목요일,강원도 강릉시 홍제동,경상사고,0,0,1,0,차대차 - 측면충돌,안전운전불이행,건조,맑음,교차로 - 교차로안,농기계,남,77세,상해없음,승용,여,52세,경상
2017091400100562,2017년 9월 14일 18시,목요일,강원도 원주시 판부면,경상사고,0,0,1,0,차대차 - 측면충돌,교차로운행방법위반,건조,맑음,교차로 - 교차로안,승용,남,43세,상해없음,특수,남,29세,경상
2017091400100563,2017년 9월 14일 18시,목요일,강원도 원주시 소초면,부상신고사고,0,0,0,3,차대차 - 추돌,안전거리미확보,건조,맑음,단일로 - 기타,승용,남,58세,상해없음,승용,여,59세,상해없음
2017091400100616,2017년 9월 14일 19시,목요일,강원도 원주시 단계동,경상사고,0,0,2,0,차대차 - 측면충돌,교차로운행방법위반,건조,맑음,교차로 - 교차로안,승용,여,28세,상해없음,화물,남,36세,상해없음
2017091400100674,2017년 9월 14일 21시,목요일,강원도 춘천시 우두동,부상신고사고,0,0,0,4,차대차 - 추돌,안전거리미확보,건조,맑음,교차로 - 교차로안,이륜,남,16세,상해없음,승용,남,18세,부상신고
2017091400100725,2017년 9월 14일 23시,목요일,강원도 원주시 무실동,경상사고,0,0,1,0,차대차 - 측면충돌,신호위반,건조,맑음,교차로 - 교차로안,승용,남,37세,상해없음,화물,남,64세,경상
2017091400100726,2017년 9월 14일 23시,목요일,강원도 삼척시 남양동,경상사고,0,0,1,0,차대차 - 측면충돌,신호위반,건조,맑음,교차로 - 교차로안,승용,남,56세,기타불명,승용,여,40세,경상
2017091500100021,2017년 9월 15일 00시,금요일,강원도 원주시 단계동,경상사고,0,0,1,0,차대사람 - 횡단중,안전운전불이행,건조,맑음,교차로 - 교차로부근,승용,여,36세,상해없음,보행자,여,24세,경상
2017091500100022,2017년 9월 15일 00시,금요일,강원도 태백시 황지동,중상사고,0,1,1,0,차량단독 - 공작물충돌,안전운전불이행,건조,맑음,단일로 - 기타,승용,남,25세,중상,,,,
2017091500100130,2017년 9월 15일 08시,금요일,강원도 강릉시 교동,중상사고,0,1,0,0,차대차 - 측면충돌,안전운전불이행,건조,맑음,교차로 - 교차로안,승용,여,73세,상해없음,승용,여,65세,중상
2017091500100131,2017년 9월 15일 08시,금요일,강원도 원주시 호저면,경상사고,0,0,2,0,차대차 - 추돌,안전거리미확보,건조,맑음,단일로 - 기타,화물,남,44세,상해없음,화물,남,70세,경상
2017091500100170,2017년 9월 15일 09시,금요일,강원도 춘천시 퇴계동,경상사고,0,0,2,0,차대차 - 추돌,안전운전불이행,건조,맑음,단일로 - 기타,승용,남,24세,상해없음,승용,남,34세,경상
2017091500100171,2017년 9월 15일 09시,금요일,강원도 강릉시 홍제동,경상사고,0,0,1,0,차대사람 - 횡단중,보행자보호의무위반,건조,맑음,교차로 - 교차로횡단보도내,승용,남,70세,상해없음,보행자,여,83세,경상
2017091500100172,2017년 9월 15일 09시,금요일,강원도 원주시 학성동,중상사고,0,1,0,0,차대차 - 측면충돌,안전운전불이행,건조,맑음,교차로 - 교차로안,승용,여,29세,상해없음,승용,여,58세,중상
2017091500100240,2017년 9월 15일 11시,금요일,강원도 동해시 대진동,경상사고,0,0,1,0,차대사람 - 기타,안전운전불이행,건조,맑음,단일로 - 기타,화물,남,66세,기타불명,보행자,남,50세,경상
2017091500100266,2017년 9월 15일 12시,금요일,강원도 속초시 조양동,경상사고,0,0,1,0,차대차 - 후진중충돌,안전운전불이행,건조,맑음,주차장 - 주차장,승용,여,29세,상해없음,원동기,남,37세,경상
2017091500100365,2017년 9월 15일 15시,금요일,강원도 화천군 하남면,경상사고,0,0,1,0,차대차 - 측면충돌,중앙선침범,건조,맑음,단일로 - 터널,승용,남,62세,상해없음,승용,남,57세,경상
2017091500100411,2017년 9월 15일 16시,금요일,강원도 춘천시 동면,경상사고,0,0,1,0,차대차 - 정면충돌,안전운전불이행,건조,맑음,단일로 - 기타,승용,남,65세,상해없음,승용,여,62세,경상
2017091500100412,2017년 9월 15일 16시,금요일,강원도 동해시 발한동,경상사고,0,0,1,0,차대차 - 측면충돌,교차로운행방법위반,건조,맑음,교차로 - 교차로안,승용,여,53세,상해없음,승용,여,29세,경상
2017091500100465,2017년 9월 15일 17시,금요일,강원도 춘천시 동내면,경상사고,0,0,1,0,차대차 - 기타,안전운전불이행,건조,맑음,교차로 - 교차로부근,승용,여,46세,상해없음,이륜,남,25세,경상
2017091500100466,2017년 9월 15일 17시,금요일,강원도 원주시 단계동,경상사고,0,0,2,0,차대차 - 측면충돌,기타,건조,맑음,단일로 - 기타,승용,남,68세,상해없음,화물,남,68세,경상
2017091500100467,2017년 9월 15일 17시,금요일,강원도 철원군 철원읍,중상사고,0,1,0,0,차대차 - 측면충돌,직진우회전진행방해,건조,맑음,교차로 - 교차로안,승용,여,55세,상해없음,승합,남,78세,중상
2017091500100522,2017년 9월 15일 18시,금요일,강원도 춘천시 석사동,중상사고,0,1,0,0,차대사람 - 횡단중,안전운전불이행,건조,맑음,교차로 - 교차로안,승합,남,42세,상해없음,보행자,남,49세,중상
2017091500100566,2017년 9월 15일 19시,금요일,강원도 평창군 용평면,중상사고,0,1,2,0,차대차 - 정면충돌,중앙선침범,건조,맑음,단일로 - 기타,승용,남,55세,중상,화물,남,52세,경상
2017091500100567,2017년 9월 15일 19시,금요일,강원도 철원군 김화읍,중상사고,0,1,0,0,차대차 - 측면충돌,중앙선침범,건조,맑음,단일로 - 기타,화물,남,60세,상해없음,자전거,남,56세,중상
2017091500100629,2017년 9월 15일 20시,금요일,강원도 춘천시 후평동,경상사고,0,0,2,0,차대차 - 측면충돌,안전운전불이행,건조,맑음,교차로 - 교차로안,승용,남,24세,상해없음,승용,여,32세,경상
2017091500100630,2017년 9월 15일 20시,금요일,강원도 강릉시 내곡동,경상사고,0,0,1,0,차대사람 - 기타,안전운전불이행,건조,맑음,단일로 - 기타,승합,남,39세,상해없음,보행자,남,42세,경상
2017091500100665,2017년 9월 15일 21시,금요일,강원도 횡성군 횡성읍,경상사고,0,0,2,0,차대차 - 기타,안전운전불이행,건조,맑음,교차로 - 교차로안,승용,여,42세,상해없음,자전거,남,13세,경상
2017091500100699,2017년 9월 15일 22시,금요일,강원도 강릉시 포남동,중상사고,0,1,0,0,차대차 - 측면충돌,안전운전불이행,건조,맑음,단일로 - 기타,승용,여,47세,상해없음,이륜,남,23세,중상
2017091500100700,2017년 9월 15일 22시,금요일,강원도 원주시 중앙동,경상사고,0,0,2,0,차대차 - 측면충돌,안전거리미확보,건조,맑음,단일로 - 기타,승용,남,41세,상해없음,승용,남,58세,경상
2017091500100724,2017년 9월 15일 23시,금요일,강원도 원주시 단계동,부상신고사고,0,0,0,1,차대차 - 측면충돌,신호위반,건조,맑음,교차로 - 교차로안,승용,남,41세,상해없음,승용,남,58세,상해없음
2017091600100104,2017년 9월 16일 06시,토요일,강원도 원주시 문막읍,중상사고,0,2,0,0,차대차 - 측면충돌,안전운전불이행,건조,맑음,단일로 - 기타,승합,남,42세,상해없음,승용,남,69세,중상
2017091600100125,2017년 9월 16일 07시,토요일,강원도 춘천시 칠전동,경상사고,0,0,1,0,차대차 - 측면충돌,안전운전불이행,건조,맑음,단일로 - 기타,승용,남,71세,상해없음,승용,남,45세,경상
2017091600100141,2017년 9월 16일 08시,토요일,강원도 원주시 소초면,중상사고,0,1,3,0,차대차 - 추돌,안전운전불이행,건조,맑음,교차로 - 교차로부근,이륜,남,70세,기타불명,화물,남,76세,경상
2017091600100142,2017년 9월 16일 08시,토요일,강원도 속초시 청학동,중상사고,0,1,0,0,차대차 - 측면충돌,중앙선침범,건조,맑음,기타 - 기타,화물,남,41세,상해없음,이륜,여,51세,중상
2017091600100171,2017년 9월 16일 09시,토요일,강원도 동해시 단봉동,경상사고,0,0,1,0,차대차 - 추돌,안전거리미확보,젖음/습기,비,교차로 - 교차로부근,건설기계,남,51세,상해없음,건설기계,남,43세,경상
2017091600100205,2017년 9월 16일 10시,토요일,강원도 삼척시 미로면,경상사고,0,0,2,0,차대차 - 측면충돌,중앙선침범,젖음/습기,흐림,단일로 - 기타,화물,남,65세,상해없음,승용,여,39세,경상
2017091600100206,2017년 9월 16일 10시,토요일,강원도 평창군 대관령면,경상사고,0,0,1,0,차대차 - 측면충돌,중앙선침범,젖음/습기,비,단일로 - 기타,승용,남,45세,상해없음,승용,남,65세,경상
2017091600100246,2017년 9월 16일 11시,토요일,강원도 원주시 무실동,경상사고,0,0,3,0,차대차 - 측면충돌,안전운전불이행,건조,맑음,단일로 - 기타,화물,남,73세,상해없음,승용,남,39세,경상
2017091600100247,2017년 9월 16일 11시,토요일,강원도 홍천군 홍천읍,경상사고,0,0,1,0,차대차 - 추돌,교차로운행방법위반,건조,맑음,교차로 - 교차로안,승용,남,72세,상해없음,승용,여,24세,경상
2017091600100283,2017년 9월 16일 12시,토요일,강원도 홍천군 내촌면,경상사고,0,0,1,0,차대사람 - 차도통행중,안전운전불이행,건조,맑음,단일로 - 기타,화물,남,63세,상해없음,보행자,남,87세,경상
2017091600100313,2017년 9월 16일 13시,토요일,강원도 춘천시 동산면,중상사고,0,2,0,0,차대차 - 측면충돌,교차로운행방법위반,건조,맑음,단일로 - 기타,승합,여,62세,상해없음,이륜,남,30세,중상
2017091600100314,2017년 9월 16일 13시,토요일,강원도 횡성군 횡성읍,경상사고,0,0,2,0,차대차 - 측면충돌,중앙선침범,건조,맑음,단일로 - 기타,사륜오토바이(ATV),남,76세,상해없음,승합,여,42세,상해없음
2017091600100353,2017년 9월 16일 14시,토요일,강원도 원주시 무실동,중상사고,0,1,0,0,차대차 - 측면충돌,차로위반,건조,맑음,단일로 - 기타,건설기계,남,50세,상해없음,승용,남,63세,중상
2017091600100380,2017년 9월 16일 15시,토요일,강원도 강릉시 유천동,경상사고,0,0,2,0,차대차 - 기타,중앙선침범,건조,맑음,단일로 - 기타,건설기계,남,59세,상해없음,승용,여,54세,경상
2017091600100414,2017년 9월 16일 16시,토요일,강원도 춘천시 석사동,중상사고,0,1,0,0,차대차 - 기타,안전운전불이행,건조,맑음,교차로 - 교차로부근,자전거,남,82세,중상,승용,남,62세,상해없음
2017091600100415,2017년 9월 16일 16시,토요일,강원도 속초시 청호동,경상사고,0,0,3,0,차대차 - 측면충돌,교차로운행방법위반,건조,맑음,교차로 - 교차로안,승용,남,22세,상해없음,승용,여,51세,경상
2017091600100446,2017년 9월 16일 17시,토요일,강원도 원주시 귀래면,경상사고,0,0,1,0,차대차 - 측면충돌,안전운전불이행,건조,맑음,교차로 - 교차로안,승용,여,59세,상해없음,승합,남,57세,경상
2017091600100447,2017년 9월 16일 17시,토요일,강원도 동해시 구미동,사망사고,1,0,0,0,차대차 - 측면충돌,직진우회전진행방해,건조,맑음,교차로 - 교차로안,원동기,남,79세,사망,승용,여,44세,상해없음
2017091600100494,2017년 9월 16일 18시,토요일,강원도 원주시 지정면,경상사고,0,0,1,0,차대차 - 측면충돌,직진우회전진행방해,건조,맑음,교차로 - 교차로안,승용,남,43세,상해없음,화물,남,43세,경상
2017091600100555,2017년 9월 16일 20시,토요일,강원도 춘천시 효자동,경상사고,0,0,1,0,차대차 - 측면충돌,중앙선침범,건조,맑음,교차로 - 교차로안,승용,남,45세,상해없음,이륜,남,25세,경상
2017091600100556,2017년 9월 16일 20시,토요일,강원도 춘천시 효자동,경상사고,0,0,1,0,차대차 - 측면충돌,중앙선침범,건조,맑음,교차로 - 교차로부근,이륜,남,21세,기타불명,이륜,남,24세,경상
2017091600100557,2017년 9월 16일 20시,토요일,강원도 원주시 태장동,중상사고,0,3,0,0,차대차 - 측면충돌,안전운전불이행,건조,맑음,교차로 - 교차로안,승용,남,55세,상해없음,승용,남,45세,중상
2017091600100558,2017년 9월 16일 20시,토요일,강원도 화천군 화천읍,중상사고,0,1,1,0,차대차 - 측면충돌,교차로운행방법위반,건조,맑음,교차로 - 교차로안,이륜,남,20세,경상,이륜,남,58세,중상
2017091600100612,2017년 9월 16일 22시,토요일,강원도 원주시 우산동,부상신고사고,0,0,0,1,차대차 - 측면충돌,교차로운행방법위반,건조,맑음,교차로 - 교차로부근,승용,남,52세,상해없음,이륜,남,17세,부상신고
2017091600100613,2017년 9월 16일 22시,토요일,강원도 홍천군 내촌면,부상신고사고,0,0,0,1,차량단독 - 공작물충돌,안전운전불이행,건조,맑음,단일로 - 기타,승용,남,28세,상해없음,,,,