사고번호,사고일시,요일,시군구,사고내용,사망자수,중상자수,경상자수,부상신고자수,사고유형,법규위반,노면상태,기상상태,도로형태,가해운전자 차종,가해운전자 성별,가해운전자 연령,가해운전자 상해정도,피해운전자 차종,피해운전자 성별,피해운전자 연령,피해운전자 상해정도
2017091700100164,2017년 9월 17일 11시,일요일,강원도 춘천시 서면,사망사고,1,1,0,0,차대차 - 측면충돌,안전운전불이행,건조,맑음,단일로 - 기타,승용,남,56세,상해없음,이륜,남,42세,중상
2017091700100228,2017년 9월 17일 13시,일요일,강원도 원주시 흥업면,경상사고,0,0,3,0,차대차 - 측면충돌,신호위반,건조,맑음,교차로 - 교차로안,승용,여,53세,상해없음,승용,남,50세,경상
2017091700100229,2017년 9월 17일 13시,일요일,강원도 화천군 사내면,중상사고,0,2,2,0,차대차 - 정면충돌,중앙선침범,건조,맑음,단일로 - 기타,화물,남,58세,상해없음,승용,남,59세,중상
2017091700100230,2017년 9월 17일 13시,일요일,강원도 횡성군 서원면,경상사고,0,0,1,0,차량단독 - 도로외이탈 - 추락,안전운전불이행,건조,맑음,단일로 - 기타,이륜,남,35세,경상,,,,
2017091700100252,2017년 9월 17일 14시,일요일,강원도 원주시 평원동,중상사고,0,1,0,0,차대차 - 측면충돌,안전운전불이행,건조,맑음,단일로 - 기타,화물,남,62세,상해없음,이륜,남,76세,중상
2017091700100253,2017년 9월 17일 14시,일요일,강원도 화천군 간동면,중상사고,0,1,0,0,차대차 - 측면충돌,안전운전불이행,건조,맑음,단일로 - 기타,승용,남,55세,상해없음,이륜,남,77세,중상
2017091700100291,2017년 9월 17일 15시,일요일,강원도 평창군 용평면,경상사고,0,0,5,0,차대차 - 추돌,안전운전불이행,건조,맑음,단일로 - 기타,이륜,남,51세,상해없음,화물,남,44세,상해없음
2017091700100320,2017년 9월 17일 16시,일요일,강원도 춘천시 삼천동,경상사고,0,0,1,0,차대차 - 측면충돌,안전운전불이행,건조,맑음,단일로 - 기타,승용,남,51세,상해없음,이륜,남,44세,경상
2017091700100321,2017년 9월 17일 16시,일요일,강원도 원주시 단구동,부상신고사고,0,0,0,1,차대차 - 측면충돌,안전운전불이행,건조,맑음,교차로 - 교차로부근,화물,남,58세,상해없음,승용,여,61세,부상신고
2017091700100361,2017년 9월 17일 17시,일요일,강원도 홍천군 홍천읍,경상사고,0,0,1,0,차대차 - 기타,안전운전불이행,건조,맑음,교차로 - 교차로안,승용,남,50세,상해없음,이륜,남,22세,경상
2017091700100362,2017년 9월 17일 17시,일요일,강원도 평창군 대관령면,중상사고,0,1,0,0,차대차 - 측면충돌,안전운전불이행,건조,맑음,단일로 - 기타,승용,남,54세,상해없음,자전거,여,44세,중상
2017091700100425,2017년 9월 17일 19시,일요일,강원도 원주시 판부면,경상사고,0,0,1,1,차대차 - 정면충돌,중앙선침범,건조,맑음,단일로 - 기타,승용,남,58세,부상신고,화물,남,43세,경상
2017091700100462,2017년 9월 17일 20시,일요일,강원도 원주시 태장동,중상사고,0,1,0,0,차대차 - 추돌,안전운전불이행,건조,맑음,교차로 - 교차로안,승용,남,31세,상해없음,승용,여,51세,중상
2017091800100071,2017년 9월 18일 06시,월요일,강원도 원주시 중앙동,경상사고,0,0,1,0,차대사람 - 기타,안전운전불이행,건조,맑음,단일로 - 기타,화물,남,41세,상해없음,보행자,여,70세,경상
2017091800100092,2017년 9월 18일 07시,월요일,강원도 춘천시 석사동,경상사고,0,0,1,0,차대차 - 추돌,안전거리미확보,건조,맑음,교차로 - 교차로안,승합,남,51세,상해없음,승용,남,31세,경상
2017091800100093,2017년 9월 18일 07시,월요일,강원도 강릉시 초당동,경상사고,0,0,1,0,차대차 - 측면충돌,안전운전불이행,건조,맑음,교차로 - 교차로안,승용,남,59세,상해없음,자전거,여,64세,경상
2017091800100188,2017년 9월 18일 09시,월요일,강원도 강릉시 옥천동,경상사고,0,0,1,0,차대사람 - 횡단중,안전운전불이행,건조,맑음,교차로 - 교차로부근,화물,남,74세,상해없음,보행자,여,18세,경상
2017091800100189,2017년 9월 18일 09시,월요일,강원도 원주시 문막읍,경상사고,0,0,1,0,차대차 - 측면충돌,신호위반,건조,맑음,교차로 - 교차로안,승용,남,31세,상해없음,승용,남,50세,경상
2017091800100190,2017년 9월 18일 09시,월요일,강원도 동해시 나안동,중상사고,0,1,1,0,차대차 - 측면충돌,차로위반,건조,맑음,단일로 - 교량,건설기계,남,66세,상해없음,승용,남,75세,중상
2017091800100228,2017년 9월 18일 10시,월요일,강원도 원주시 학성동,중상사고,0,1,0,0,차대차 - 측면충돌,신호위반,건조,맑음,교차로 - 교차로안,승용,여,61세,상해없음,승용,남,56세,중상
2017091800100229,2017년 9월 18일 10시,월요일,강원도 횡성군 안흥면,중상사고,0,2,1,0,차대차 - 정면충돌,안전운전불이행,건조,맑음,단일로 - 기타,승용,남,68세,중상,화물,남,61세,상해없음
2017091800100264,2017년 9월 18일 11시,월요일,강원도 속초시 영랑동,경상사고,0,0,1,0,차대차 - 측면충돌,안전운전불이행,건조,맑음,교차로 - 교차로안,승용,남,63세,상해없음,승용,여,61세,경상
2017091800100265,2017년 9월 18일 11시,월요일,강원도 양구군 양구읍,경상사고,0,0,1,0,차대차 - 추돌,안전운전불이행,건조,맑음,기타 - 기타,승용,남,77세,상해없음,승용,남,41세,상해없음
2017091800100331,2017년 9월 18일 13시,월요일,강원도 춘천시 효자동,경상사고,0,0,1,0,차대차 - 측면충돌,교차로운행방법위반,건조,맑음,교차로 - 교차로안,승용,여,64세,상해없음,이륜,남,18세,상해없음
2017091800100332,2017년 9월 18일 13시,월요일,강원도 강릉시 교동,경상사고,0,0,1,0,차대차 - 측면충돌,안전운전불이행,건조,맑음,단일로 - 기타,승용,남,29세,상해없음,승용,남,34세,경상
2017091800100333,2017년 9월 18일 13시,월요일,강원도 정선군 남면,중상사고,0,3,0,0,차대사람 - 길가장자리구역통행중,안전운전불이행,건조,맑음,단일로 - 기타,승용,여,36세,중상,보행자,남,32세,중상
2017091800100365,2017년 9월 18일 14시,월요일,강원도 평창군 평창읍,경상사고,0,0,2,0,차대차 - 측면충돌,안전운전불이행,건조,맑음,교차로 - 교차로안,승합,여,58세,상해없음,승용,남,62세,경상
2017091800100410,2017년 9월 18일 15시,월요일,강원도 화천군 화천읍,경상사고,0,0,1,0,차대차 - 추돌,안전운전불이행,건조,맑음,단일로 - 기타,이륜,여,73세,경상,승용,여,57세,상해없음
2017091800100453,2017년 9월 18일 16시,월요일,강원도 강릉시 옥천동,경상사고,0,0,1,0,차대사람 - 횡단중,보행자보호의무위반,건조,맑음,단일로 - 기타,승용,남,60세,상해없음,보행자,여,36세,경상
2017091800100504,2017년 9월 18일 17시,월요일,강원도 춘천시 후평동,경상사고,0,0,1,0,차대차 - 기타,안전운전불이행,건조,맑음,단일로 - 기타,승용,남,50세,상해없음,자전거,남,16세,경상
2017091800100505,2017년 9월 18일 17시,월요일,강원도 영월군 북면,부상신고사고,0,0,0,1,차량단독 - 도로외이탈 - 기타,기타,건조,맑음,단일로 - 기타,승용,남,53세,상해없음,,,,
2017091800100506,2017년 9월 18일 17시,월요일,강원도 철원군 갈말읍,중상사고,0,1,0,0,차대사람 - 기타,안전운전불이행,건조,맑음,교차로 - 교차로횡단보도내,화물,남,78세,상해없음,보행자,남,57세,중상
2017091800100566,2017년 9월 18일 18시,월요일,강원도 강릉시 임당동,경상사고,0,0,1,0,차대차 - 측면충돌,중앙선침범,건조,맑음,교차로 - 교차로횡단보도내,승용,남,46세,상해없음,이륜,남,42세,경상
2017091800100682,2017년 9월 18일 21시,월요일,강원도 춘천시 후평동,중상사고,0,2,0,0,차대차 - 추돌,안전운전불이행,건조,맑음,단일로 - 기타,승용,남,40세,상해없음,승용,남,34세,중상
2017091800100683,2017년 9월 18일 21시,월요일,강원도 화천군 화천읍,경상사고,0,0,1,0,차대차 - 측면충돌,교차로운행방법위반,건조,맑음,교차로 - 교차로안,승용,남,48세,상해없음,승용,남,34세,경상
2017091800100713,2017년 9월 18일 22시,월요일,강원도 원주시 우산동,경상사고,0,0,1,0,차대차 - 측면충돌,안전운전불이행,건조,맑음,교차로 - 교차로안,기타불명,기타불명,미분류,기타불명,화물,남,30세,경상
2017091800100714,2017년 9월 18일 22시,월요일,강원도 속초시 금호동,중상사고,0,1,0,0,차대사람 - 차도통행중,안전운전불이행,건조,맑음,교차로 - 교차로부근,승용,남,26세,상해없음,보행자,남,54세,중상
2017091800100734,2017년 9월 18일 23시,월요일,강원도 원주시 단구동,경상사고,0,0,3,0,차대차 - 추돌,안전운전불이행,건조,맑음,교차로 - 교차로안,승용,남,55세,상해없음,승용,남,19세,경상
2017091900100035,2017년 9월 19일 01시,화요일,강원도 춘천시 석사동,경상사고,0,0,2,0,차대사람 - 차도통행중,안전운전불이행,건조,맑음,교차로 - 교차로안,승용,남,31세,상해없음,보행자,남,21세,경상
2017091900100036,2017년 9월 19일 01시,화요일,강원도 춘천시 석사동,경상사고,0,0,1,0,차대사람 - 기타,안전운전불이행,건조,맑음,단일로 - 기타,승용,여,48세,상해없음,보행자,남,28세,경상
2017091900100091,2017년 9월 19일 07시,화요일,강원도 원주시 우산동,경상사고,0,0,1,0,차대차 - 측면충돌,안전운전불이행,건조,맑음,교차로 - 교차로안,승용,남,22세,상해없음,승용,여,68세,경상
2017091900100133,2017년 9월 19일 08시,화요일,강원도 강릉시 입암동,경상사고,0,0,1,0,차대차 - 측면충돌,안전운전불이행,건조,맑음,교차로 - 교차로안,화물,남,60세,상해없음,화물,남,42세,경상
2017091900100134,2017년 9월 19일 08시,화요일,강원도 원주시 단구동,경상사고,0,0,2,0,차대차 - 측면충돌,차로위반,건조,맑음,교차로 - 교차로안,화물,남,50세,상해없음,승용,여,48세,경상
2017091900100253,2017년 9월 19일 12시,화요일,강원도 춘천시 동면,경상사고,0,0,1,0,차대차 - 측면충돌,교차로운행방법위반,건조,맑음,교차로 - 교차로안,승용,남,35세,기타불명,승용,남,18세,경상
2017091900100254,2017년 9월 19일 12시,화요일,강원도 정선군 정선읍,경상사고,0,0,1,0,차대차 - 측면충돌,교차로운행방법위반,건조,맑음,교차로 - 교차로안,화물,남,72세,상해없음,화물,남,45세,경상
2017091900100275,2017년 9월 19일 13시,화요일,강원도 강릉시 입암동,경상사고,0,0,1,0,차대차 - 측면충돌,중앙선침범,건조,맑음,단일로 - 기타,승용,남,42세,상해없음,승용,여,64세,경상
2017091900100276,2017년 9월 19일 13시,화요일,강원도 원주시 일산동,중상사고,0,1,0,0,차대사람 - 횡단중,보행자보호의무위반,건조,맑음,교차로 - 교차로안,승용,여,58세,상해없음,보행자,여,56세,중상
2017091900100325,2017년 9월 19일 15시,화요일,강원도 원주시 단구동,경상사고,0,0,1,0,차대차 - 측면충돌,안전운전불이행,젖음/습기,비,교차로 - 교차로안,승용,남,69세,상해없음,승용,남,34세,경상
2017091900100326,2017년 9월 19일 15시,화요일,강원도 원주시 중앙동,경상사고,0,0,1,0,차대차 - 측면충돌,교차로운행방법위반,건조,맑음,교차로 - 교차로안,승용,남,70세,상해없음,이륜,남,69세,경상
2017091900100327,2017년 9월 19일 15시,화요일,강원도 홍천군 내면,경상사고,0,0,1,0,차대차 - 기타,교차로운행방법위반,젖음/습기,비,교차로 - 교차로안,승용,남,78세,상해없음,화물,남,37세,경상
2017091900100365,2017년 9월 19일 16시,화요일,강원도 강릉시 포남동,경상사고,0,0,1,0,차대차 - 추돌,안전운전불이행,젖음/습기,맑음,단일로 - 기타,화물,남,45세,상해없음,자전거,남,13세,경상
2017091900100401,2017년 9월 19일 17시,화요일,강원도 원주시 단계동,경상사고,0,0,1,0,차대차 - 측면충돌,안전운전불이행,건조,맑음,단일로 - 기타,승용,남,66세,상해없음,승용,남,50세,경상
2017091900100402,2017년 9월 19일 17시,화요일,강원도 삼척시 정상동,경상사고,0,0,1,0,차량단독 - 기타,안전운전불이행,건조,맑음,단일로 - 기타,승합,남,42세,상해없음,,,,
2017091900100475,2017년 9월 19일 19시,화요일,강원도 원주시 단계동,경상사고,0,0,1,0,차대사람 - 횡단중,신호위반,건조,맑음,교차로 - 교차로횡단보도내,이륜,남,46세,상해없음,보행자,여,21세,경상
2017091900100550,2017년 9월 19일 21시,화요일,강원도 횡성군 횡성읍,중상사고,0,2,0,0,차대차 - 기타,안전운전불이행,건조,맑음,단일로 - 기타,화물,남,59세,중상,승용,남,59세,상해없음
2017091900100583,2017년 9월 19일 22시,화요일,강원도 춘천시 후평동,중상사고,0,1,0,0,차대차 - 추돌,안전운전불이행,젖음/습기,비,단일로 - 기타,승용,여,47세,상해없음,이륜,남,23세,중상
2017091900100584,2017년 9월 19일 22시,화요일,강원도 평창군 봉평면,중상사고,0,1,0,0,차대사람 - 차도통행중,안전운전불이행,젖음/습기,비,단일로 - 기타,승용,남,39세,상해없음,보행자,남,47세,중상
2017092000100055,2017년 9월 20일 01시,수요일,강원도 원주시 단구동,경상사고,0,0,3,0,차대차 - 측면충돌,신호위반,건조,맑음,교차로 - 교차로안,승용,여,58세,상해없음,승용,남,61세,경상
2017092000100069,2017년 9월 20일 03시,수요일,강원도 원주시 신림면,중상사고,0,3,0,0,차량단독 - 공작물충돌,과속,젖음/습기,맑음,단일로 - 기타,승용,남,21세,상해없음,,,,
2017092000100121,2017년 9월 20일 07시,수요일,강원도 인제군 북면,중상사고,0,2,0,0,차대사람 - 기타,안전운전불이행,건조,맑음,단일로 - 기타,승용,남,90세 이상,상해없음,보행자,남,65세,중상
2017092000100165,2017년 9월 20일 08시,수요일,강원도 춘천시 후평동,경상사고,0,0,1,0,차대차 - 추돌,안전거리미확보,건조,맑음,단일로 - 기타,승용,여,38세,상해없음,승용,남,31세,경상
2017092000100166,2017년 9월 20일 08시,수요일,강원도 삼척시 남양동,중상사고,0,1,0,0,차대차 - 기타,기타,건조,맑음,단일로 - 기타,화물,남,67세,중상,승용,여,60세,기타불명
2017092000100205,2017년 9월 20일 09시,수요일,강원도 강릉시 난곡동,경상사고,0,0,1,0,차대차 - 후진중충돌,안전운전불이행,건조,맑음,단일로 - 기타,승용,여,47세,상해없음,승용,남,71세,상해없음
2017092000100206,2017년 9월 20일 09시,수요일,강원도 원주시 단계동,사망사고,1,0,0,0,차대차 - 측면충돌,안전운전불이행,건조,맑음,단일로 - 기타,승용,남,59세,사망,화물,남,48세,상해없음
2017092000100207,2017년 9월 20일 09시,수요일,강원도 영월군 영월읍,부상신고사고,0,0,0,1,차량단독 - 기타,안전운전불이행,젖음/습기,맑음,기타 - 기타,자전거,남,39세,부상신고,,,,
2017092000100268,2017년 9월 20일 11시,수요일,강원도 동해시 천곡동,경상사고,0,0,1,0,차대차 - 추돌,안전운전불이행,건조,맑음,교차로 - 교차로부근,승용,여,58세,상해없음,승용,남,74세,경상
2017092000100306,2017년 9월 20일 12시,수요일,강원도 춘천시 효자동,경상사고,0,0,2,0,차대차 - 추돌,안전운전불이행,건조,맑음,단일로 - 기타,승용,여,41세,상해없음,승용,남,23세,경상
2017092000100307,2017년 9월 20일 12시,수요일,강원도 강릉시 교동,경상사고,0,0,1,0,차대차 - 추돌,안전운전불이행,건조,맑음,교차로 - 교차로부근,화물,남,56세,상해없음,승용,남,50세,경상
2017092000100345,2017년 9월 20일 13시,수요일,강원도 춘천시 신동면,경상사고,0,0,1,0,차대차 - 정면충돌,안전운전불이행,건조,맑음,단일로 - 기타,승합,남,58세,상해없음,승합,남,77세,경상
2017092000100378,2017년 9월 20일 14시,수요일,강원도 강릉시 노암동,경상사고,0,0,1,0,차대차 - 추돌,안전운전불이행,건조,맑음,교차로 - 교차로안,승용,남,61세,상해없음,이륜,남,70세,경상
2017092000100379,2017년 9월 20일 14시,수요일,강원도 강릉시 홍제동,중상사고,0,1,0,0,차대사람 - 횡단중,보행자보호의무위반,건조,맑음,교차로 - 교차로횡단보도내,승용,여,56세,상해없음,보행자,남,69세,중상
2017092000100413,2017년 9월 20일 15시,수요일,강원도 춘천시 후평동,경상사고,0,0,1,0,차대사람 - 기타,안전운전불이행,건조,맑음,단일로 - 기타,승합,남,55세,상해없음,보행자,남,7세,경상
2017092000100414,2017년 9월 20일 15시,수요일,강원도 속초시 청호동,경상사고,0,0,1,0,차대차 - 측면충돌,직진우회전진행방해,건조,맑음,교차로 - 교차로안,화물,남,30세,상해없음,승용,여,61세,경상
2017092000100415,2017년 9월 20일 15시,수요일,강원도 홍천군 화촌면,중상사고,0,1,0,0,차대차 - 추돌,안전거리미확보,건조,맑음,단일로 - 기타,화물,남,53세,상해없음,승용,여,64세,중상
2017092000100446,2017년 9월 20일 16시,수요일,강원도 원주시 봉산동,경상사고,0,0,1,0,차대차 - 측면충돌,신호위반,건조,맑음,교차로 - 교차로안,승용,남,51세,상해없음,승용,남,59세,경상
2017092000100447,2017년 9월 20일 16시,수요일,강원도 홍천군 내촌면,사망사고,1,0,0,0,차량단독 - 전도전복 - 전복,안전운전불이행,건조,맑음,단일로 - 기타,화물,남,67세,사망,,,,
2017092000100448,2017년 9월 20일 16시,수요일,강원도 양구군 동면,경상사고,0,0,2,0,차대차 - 정면충돌,중앙선침범,건조,맑음,단일로 - 기타,승용,여,54세,기타불명,승용,남,82세,경상
2017092000100492,2017년 9월 20일 17시,수요일,강원도 춘천시 우두동,경상사고,0,0,2,0,차대차 - 추돌,안전운전불이행,건조,맑음,교차로 - 교차로안,승용,여,62세,상해없음,승용,여,66세,경상
2017092000100493,2017년 9월 20일 17시,수요일,강원도 강릉시 포남동,경상사고,0,0,1,0,차대차 - 후진중충돌,안전운전불이행,건조,맑음,교차로 - 교차로안,승용,남,29세,상해없음,승용,여,36세,경상
2017092000100494,2017년 9월 20일 17시,수요일,강원도 원주시 봉산동,경상사고,0,0,3,0,차대차 - 추돌,안전운전불이행,건조,맑음,단일로 - 기타,승용,남,38세,상해없음,승용,여,44세,경상
2017092000100495,2017년 9월 20일 17시,수요일,강원도 홍천군 북방면,경상사고,0,0,1,0,차대차 - 측면충돌,안전거리미확보,건조,맑음,교차로 - 교차로부근,승용,남,20세,상해없음,화물,여,43세,경상
2017092000100496,2017년 9월 20일 17시,수요일,강원도 고성군 거진읍,경상사고,0,0,1,0,차대사람 - 차도통행중,안전운전불이행,건조,맑음,교차로 - 교차로부근,승용,남,30세,상해없음,보행자,여,73세,경상
2017092000100555,2017년 9월 20일 18시,수요일,강원도 원주시 중앙동,경상사고,0,0,3,0,차대차 - 측면충돌,안전운전불이행,건조,맑음,교차로 - 교차로안,승용,남,46세,상해없음,승용,남,18세,경상
2017092000100556,2017년 9월 20일 18시,수요일,강원도 원주시 흥업면,경상사고,0,0,1,0,차대차 - 기타,안전운전불이행,건조,맑음,주차장 - 주차장,승용,남,19세,상해없음,승용,남,23세,경상
2017092000100557,2017년 9월 20일 18시,수요일,강원도 태백시 문곡동,경상사고,0,0,2,0,차대차 - 추돌,안전거리미확보,건조,맑음,단일로 - 기타,승합,남,58세,상해없음,화물,남,48세,상해없음
2017092000100693,2017년 9월 20일 21시,수요일,강원도 강릉시 옥천동,중상사고,0,1,3,0,차대차 - 측면충돌,안전운전불이행,건조,맑음,교차로 - 교차로안,승용,남,62세,상해없음,승용,여,63세,경상
2017092000100725,2017년 9월 20일 22시,수요일,강원도 원주시 무실동,경상사고,0,0,1,0,차대차 - 측면충돌,교차로운행방법위반,건조,맑음,교차로 - 교차로안,승용,남,50세,상해없음,승용,남,56세,경상
2017092000100753,2017년 9월 20일 23시,수요일,강원도 원주시 단구동,중상사고,0,1,0,0,차대차 - 측면충돌,안전운전불이행,건조,맑음,교차로 - 교차로안,승용,남,39세,상해없음,승용,남,34세,중상
2017092000100754,2017년 9월 20일 23시,수요일,강원도 원주시 개운동,경상사고,0,0,1,0,차대차 - 추돌,안전운전불이행,건조,맑음,교차로 - 교차로부근,승용,남,28세,상해없음,승용,남,54세,경상
2017092100100086,2017년 9월 21일 06시,목요일,강원도 강릉시 옥계면,중상사고,0,2,0,1,차대차 - 측면충돌,안전운전불이행,건조,맑음,교차로 - 교차로안,화물,남,52세,상해없음,승용,남,43세,중상
2017092100100103,2017년 9월 21일 07시,목요일,강원도 춘천시 동내면,중상사고,0,1,0,0,차대차 - 기타,차로위반,건조,맑음,단일로 - 기타,승용,남,27세,상해없음,자전거,남,56세,중상
2017092100100133,2017년 9월 21일 08시,목요일,강원도 춘천시 효자동,중상사고,0,1,0,0,차대차 - 측면충돌,교차로운행방법위반,건조,맑음,교차로 - 교차로부근,승용,여,53세,상해없음,자전거,남,76세,중상
2017092100100134,2017년 9월 21일 08시,목요일,강원도 원주시 지정면,사망사고,1,1,0,0,차량단독 - 전도전복,안전운전불이행,건조,맑음,단일로 - 기타,화물,남,42세,중상,미분류,미분류,미분류,미분류
2017092100100262,2017년 9월 21일 11시,목요일,강원도 강릉시 입암동,중상사고,0,1,0,0,차대사람 - 횡단중,보행자보호의무위반,건조,맑음,교차로 - 교차로횡단보도내,화물,남,64세,상해없음,보행자,남,67세,중상
2017092100100364,2017년 9월 21일 14시,목요일,강원도 원주시 우산동,중상사고,0,1,0,0,차대차 - 측면충돌,직진우회전진행방해,건조,맑음,교차로 - 교차로안,사륜오토바이(ATV),남,64세,중상,화물,남,77세,상해없음
2017092100100365,2017년 9월 21일 14시,목요일,강원도 철원군 서면,중상사고,0,1,0,0,차대사람 - 보도통행중,안전운전불이행,건조,맑음,단일로 - 기타,승용,여,58세,상해없음,보행자,남,35세,중상
2017092100100412,2017년 9월 21일 15시,목요일,강원도 삼척시 교동,경상사고,0,0,1,0,차대차 - 추돌,안전거리미확보,건조,맑음,단일로 - 기타,승용,남,69세,상해없음,승용,여,39세,경상
2017092100100457,2017년 9월 21일 16시,목요일,강원도 원주시 소초면,중상사고,0,2,0,0,차대차 - 정면충돌,중앙선침범,건조,맑음,단일로 - 교량,화물,남,32세,상해없음,건설기계,남,62세,중상
2017092100100458,2017년 9월 21일 16시,목요일,강원도 원주시 무실동,경상사고,0,0,1,0,차대차 - 측면충돌,안전운전불이행,건조,맑음,교차로 - 교차로횡단보도내,승용,여,38세,상해없음,자전거,남,7세,경상
2017092100100459,2017년 9월 21일 16시,목요일,강원도 원주시 태장동,중상사고,0,1,0,0,차대사람 - 길가장자리구역통행중,안전운전불이행,건조,맑음,교차로 - 교차로부근,기타불명,기타불명,미분류,기타불명,보행자,여,18세,중상
2017092100100460,2017년 9월 21일 16시,목요일,강원도 양구군 방산면,사망사고,1,0,0,0,차량단독 - 도로외이탈 - 기타,안전운전불이행,건조,맑음,단일로 - 기타,이륜,남,55세,사망,,,,
2017092100100488,2017년 9월 21일 17시,목요일,강원도 원주시 문막읍,경상사고,0,0,2,0,차대차 - 측면충돌,신호위반,건조,맑음,교차로 - 교차로안,승용,남,23세,상해없음,승용,남,26세,경상
2017092100100543,2017년 9월 21일 18시,목요일,강원도 춘천시 후평동,경상사고,0,0,1,0,차대차 - 측면충돌,불법유턴,건조,맑음,단일로 - 기타,개인형이동수단(PM),남,45세,경상,승용,여,58세,상해없음
2017092100100544,2017년 9월 21일 18시,목요일,강원도 원주시 단계동,경상사고,0,0,2,0,차대차 - 측면충돌,안전운전불이행,건조,맑음,교차로 - 교차로안,승용,남,49세,상해없음,승용,남,34세,경상
2017092100100545,2017년 9월 21일 18시,목요일,강원도 양양군 강현면,경상사고,0,0,1,0,차대차 - 측면충돌,차로위반,건조,맑음,단일로 - 기타,화물,남,32세,상해없음,승합,남,48세,경상
2017092100100546,2017년 9월 21일 18시,목요일,강원도 횡성군 우천면,경상사고,0,0,1,0,차대차 - 추돌,안전운전불이행,건조,맑음,단일로 - 기타,승용,여,75세,상해없음,승용,여,37세,경상
2017092100100628,2017년 9월 21일 20시,목요일,강원도 춘천시 교동,경상사고,0,0,1,0,차대차 - 기타,안전운전불이행,건조,맑음,교차로 - 교차로안,기타불명,기타불명,미분류,기타불명,이륜,남,54세,경상
2017092100100629,2017년 9월 21일 20시,목요일,강원도 고성군 죽왕면,경상사고,0,0,2,0,차대차 - 측면충돌,신호위반,건조,맑음,교차로 - 교차로안,승용,남,52세,경상,승합,남,57세,경상
2017092100100657,2017년 9월 21일 21시,목요일,강원도 철원군 갈말읍,중상사고,0,1,4,0,차대차 - 측면충돌,직진우회전진행방해,건조,맑음,교차로 - 교차로안,승용,남,28세,경상,화물,남,57세,경상
2017092100100683,2017년 9월 21일 22시,목요일,강원도 춘천시 동내면,중상사고,0,1,2,0,차대차 - 측면충돌,안전운전불이행,건조,맑음,교차로 - 교차로부근,승용,남,20세,상해없음,화물,남,53세,경상
2017092100100684,2017년 9월 21일 22시,목요일,강원도 평창군 진부면,중상사고,0,1,0,0,차대차 - 추돌,안전운전불이행,건조,맑음,단일로 - 기타,승용,남,52세,상해없음,화물,남,47세,상해없음
2017092100100706,2017년 9월 21일 23시,목요일,강원도 원주시 명륜동,경상사고,0,0,1,0,차대사람 - 기타,안전운전불이행,건조,맑음,단일로 - 기타,승용,남,30세,상해없음,보행자,남,56세,경상
2017092200100138,2017년 9월 22일 07시,금요일,강원도 강릉시 구정면,중상사고,0,1,0,0,차대사람 - 기타,안전운전불이행,건조,맑음,단일로 - 기타,화물,남,50세,상해없음,보행자,남,48세,중상
2017092200100170,2017년 9월 22일 08시,금요일,강원도 춘천시 온의동,경상사고,0,0,1,0,차대차 - 측면충돌,교차로운행방법위반,건조,맑음,교차로 - 교차로부근,승용,남,54세,상해없음,승용,여,46세,경상
2017092200100171,2017년 9월 22일 08시,금요일,강원도 원주시 단구동,경상사고,0,0,1,0,차대차 - 측면충돌,신호위반,건조,맑음,교차로 - 교차로안,승용,남,21세,상해없음,승용,여,27세,경상
2017092200100172,2017년 9월 22일 08시,금요일,강원도 속초시 조양동,경상사고,0,0,3,0,차대차 - 측면충돌,교차로운행방법위반,건조,맑음,교차로 - 교차로부근,승용,여,45세,상해없음,승용,여,27세,경상
2017092200100212,2017년 9월 22일 09시,금요일,강원도 춘천시 효자동,중상사고,0,1,0,0,차대사람 - 보도통행중,안전운전불이행,건조,맑음,교차로 - 교차로안,승용,여,59세,상해없음,보행자,여,79세,중상
2017092200100213,2017년 9월 22일 09시,금요일,강원도 강릉시 지변동,경상사고,0,0,2,0,차대차 - 측면충돌,안전운전불이행,건조,맑음,단일로 - 기타,승용,남,35세,상해없음,승용,남,67세,경상
2017092200100214,2017년 9월 22일 09시,금요일,강원도 원주시 태장동,경상사고,0,0,1,0,차대차 - 측면충돌,직진우회전진행방해,건조,맑음,교차로 - 교차로안,화물,남,25세,상해없음,승용,여,61세,경상
2017092200100249,2017년 9월 22일 10시,금요일,강원도 춘천시 조양동,경상사고,0,0,2,0,차대차 - 추돌,안전거리미확보,건조,맑음,단일로 - 기타,승용,남,30세,상해없음,승용,여,43세,경상
2017092200100250,2017년 9월 22일 10시,금요일,강원도 춘천시 효자동,경상사고,0,0,1,0,차대사람 - 횡단중,보행자보호의무위반,건조,맑음,교차로 - 교차로횡단보도내,자전거,남,52세,상해없음,보행자,여,82세,경상
2017092200100300,2017년 9월 22일 12시,금요일,강원도 춘천시 퇴계동,경상사고,0,0,1,0,차대차 - 측면충돌,안전운전불이행,건조,맑음,단일로 - 기타,화물,남,63세,상해없음,자전거,남,76세,경상
2017092200100301,2017년 9월 22일 12시,금요일,강원도 강릉시 주문진읍,경상사고,0,0,1,0,차대차 - 추돌,안전거리미확보,건조,맑음,단일로 - 기타,승용,남,35세,상해없음,이륜,남,78세,경상
2017092200100302,2017년 9월 22일 12시,금요일,강원도 정선군 정선읍,경상사고,0,0,1,0,차대차 - 측면충돌,기타,건조,맑음,단일로 - 기타,승용,남,62세,기타불명,승용,여,37세,경상