사고번호,사고일시,요일,시군구,사고내용,사망자수,중상자수,경상자수,부상신고자수,사고유형,법규위반,노면상태,기상상태,도로형태,가해운전자 차종,가해운전자 성별,가해운전자 연령,가해운전자 상해정도,피해운전자 차종,피해운전자 성별,피해운전자 연령,피해운전자 상해정도
2017093000100620,2017년 9월 30일 21시,토요일,강원도 속초시 교동,중상사고,0,1,0,0,차대사람 - 횡단중,안전운전불이행,건조,맑음,교차로 - 교차로횡단보도내,승용,여,58세,상해없음,보행자,남,42세,중상
2017093000100621,2017년 9월 30일 21시,토요일,강원도 삼척시 도계읍,경상사고,0,0,2,0,차대사람 - 길가장자리구역통행중,안전운전불이행,건조,맑음,교차로 - 교차로안,승용,남,53세,상해없음,보행자,여,49세,경상
2017093000100649,2017년 9월 30일 22시,토요일,강원도 강릉시 포남동,중상사고,0,1,0,0,차대사람 - 횡단중,안전운전불이행,건조,맑음,단일로 - 기타,승용,남,64세,상해없음,보행자,여,23세,중상
2017093000100670,2017년 9월 30일 23시,토요일,강원도 춘천시 신동면,중상사고,0,1,0,0,차량단독 - 기타,안전운전불이행,건조,맑음,단일로 - 기타,이륜,남,26세,중상,,,,
2017093000100671,2017년 9월 30일 23시,토요일,강원도 원주시 단계동,경상사고,0,0,1,0,차대차 - 추돌,안전운전불이행,건조,맑음,단일로 - 기타,승용,남,43세,상해없음,승용,남,58세,경상
2017100100100035,2017년 10월 1일 00시,일요일,강원도 원주시 단계동,경상사고,0,0,1,0,차대사람 - 기타,안전운전불이행,건조,맑음,단일로 - 기타,승용,남,40세,상해없음,보행자,여,23세,경상
2017100100100036,2017년 10월 1일 00시,일요일,강원도 동해시 초구동,중상사고,0,1,2,0,차대차 - 추돌,안전운전불이행,건조,맑음,단일로 - 기타,승합,남,61세,상해없음,승용,여,50세,중상
2017100100100056,2017년 10월 1일 01시,일요일,강원도 원주시 단계동,부상신고사고,0,0,0,2,차대차 - 후진중충돌,안전운전불이행,건조,맑음,단일로 - 기타,승용,남,56세,상해없음,승용,남,20세,부상신고
2017100100100068,2017년 10월 1일 02시,일요일,강원도 춘천시 사농동,중상사고,0,1,3,0,차대차 - 측면충돌,안전운전불이행,건조,흐림,단일로 - 기타,승용,남,15세,경상,승용,남,44세,경상
2017100100100069,2017년 10월 1일 02시,일요일,강원도 원주시 단계동,경상사고,0,0,1,0,차대차 - 추돌,안전운전불이행,건조,맑음,단일로 - 기타,승용,남,23세,상해없음,승용,남,67세,경상
2017100100100084,2017년 10월 1일 03시,일요일,강원도 영월군 남면,경상사고,0,0,1,0,차대차 - 측면충돌,중앙선침범,젖음/습기,안개,단일로 - 기타,기타불명,기타불명,미분류,기타불명,승용,남,36세,경상
2017100100100101,2017년 10월 1일 05시,일요일,강원도 춘천시 퇴계동,경상사고,0,0,2,0,차대사람 - 기타,안전운전불이행,건조,맑음,주차장 - 주차장,승용,남,53세,상해없음,보행자,남,59세,경상
2017100100100122,2017년 10월 1일 07시,일요일,강원도 강릉시 포남동,중상사고,0,1,0,0,차대차 - 기타,중앙선침범,건조,흐림,교차로 - 교차로부근,승용,여,45세,상해없음,승용,남,56세,상해없음
2017100100100173,2017년 10월 1일 10시,일요일,강원도 원주시 문막읍,경상사고,0,0,1,0,차대차 - 측면충돌,신호위반,건조,맑음,교차로 - 교차로안,원동기,여,79세,경상,승용,남,35세,상해없음
2017100100100204,2017년 10월 1일 12시,일요일,강원도 정선군 정선읍,중상사고,0,1,0,0,차대차 - 측면충돌,중앙선침범,건조,맑음,단일로 - 기타,승용,여,21세,상해없음,이륜,남,71세,중상
2017100100100205,2017년 10월 1일 12시,일요일,강원도 양구군 해안면,경상사고,0,0,1,0,차대차 - 정면충돌,안전운전불이행,건조,맑음,단일로 - 기타,승용,남,68세,상해없음,자전거,남,5세,경상
2017100100100262,2017년 10월 1일 14시,일요일,강원도 원주시 우산동,중상사고,0,1,0,0,차대차 - 기타,신호위반,젖음/습기,맑음,교차로 - 교차로횡단보도내,승용,여,37세,상해없음,자전거,남,20세,중상
2017100100100281,2017년 10월 1일 15시,일요일,강원도 춘천시 효자동,경상사고,0,0,4,0,차대차 - 측면충돌,교차로운행방법위반,젖음/습기,흐림,교차로 - 교차로안,승용,여,22세,상해없음,승용,남,63세,경상
2017100100100282,2017년 10월 1일 15시,일요일,강원도 정선군 남면,경상사고,0,0,2,0,차대차 - 추돌,안전운전불이행,건조,맑음,단일로 - 기타,승용,남,54세,상해없음,승용,남,45세,경상
2017100100100283,2017년 10월 1일 15시,일요일,강원도 동해시 효가동,경상사고,0,0,1,0,차대차 - 측면충돌,안전거리미확보,건조,맑음,교차로 - 교차로부근,승용,여,45세,상해없음,승용,남,48세,경상
2017100100100320,2017년 10월 1일 16시,일요일,강원도 춘천시 죽림동,경상사고,0,0,1,0,차대차 - 측면충돌,안전거리미확보,건조,맑음,단일로 - 기타,승용,남,70세,기타불명,승합,남,59세,경상
2017100100100321,2017년 10월 1일 16시,일요일,강원도 강릉시 옥천동,중상사고,0,1,1,0,차대차 - 기타,안전운전불이행,젖음/습기,맑음,단일로 - 기타,승용,남,28세,상해없음,승용,남,65세,경상
2017100100100380,2017년 10월 1일 18시,일요일,강원도 정선군 남면,중상사고,0,4,0,0,차대차 - 측면충돌,중앙선침범,건조,맑음,단일로 - 기타,승용,여,62세,상해없음,승용,남,29세,중상
2017100100100424,2017년 10월 1일 19시,일요일,강원도 춘천시 후평동,경상사고,0,0,1,0,차대차 - 측면충돌,신호위반,건조,맑음,교차로 - 교차로안,승용,남,22세,상해없음,화물,남,23세,경상
2017100100100425,2017년 10월 1일 19시,일요일,강원도 원주시 무실동,경상사고,0,0,1,0,차대차 - 추돌,안전거리미확보,젖음/습기,비,교차로 - 교차로부근,승용,여,61세,상해없음,승용,여,47세,경상
2017100100100515,2017년 10월 1일 21시,일요일,강원도 원주시 단계동,경상사고,0,0,2,0,차대차 - 추돌,안전운전불이행,젖음/습기,비,교차로 - 교차로부근,승용,여,47세,상해없음,승용,여,53세,경상
2017100100100560,2017년 10월 1일 22시,일요일,강원도 춘천시 후평동,경상사고,0,0,1,0,차대사람 - 횡단중,보행자보호의무위반,젖음/습기,비,단일로 - 기타,기타불명,기타불명,미분류,기타불명,보행자,여,70세,경상
2017100100100561,2017년 10월 1일 22시,일요일,강원도 춘천시 사농동,경상사고,0,0,2,0,차대차 - 추돌,안전거리미확보,젖음/습기,비,교차로 - 교차로부근,승용,남,38세,상해없음,승용,남,24세,경상
2017100200100081,2017년 10월 2일 03시,월요일,강원도 원주시 무실동,중상사고,0,1,0,0,차량단독 - 전도전복 - 전복,안전운전불이행,젖음/습기,비,단일로 - 기타,승용,여,56세,기타불명,,,,
2017100200100082,2017년 10월 2일 03시,월요일,강원도 원주시 태장동,중상사고,0,1,0,0,차대사람 - 기타,안전운전불이행,젖음/습기,비,단일로 - 기타,승용,여,50세,상해없음,보행자,남,43세,중상
2017100200100114,2017년 10월 2일 05시,월요일,강원도 춘천시 후평동,중상사고,0,1,1,0,차대차 - 기타,신호위반,젖음/습기,흐림,교차로 - 교차로안,승용,남,56세,상해없음,승용,남,65세,경상
2017100200100139,2017년 10월 2일 07시,월요일,강원도 홍천군 홍천읍,중상사고,0,2,4,0,차대차 - 추돌,기타,건조,맑음,단일로 - 기타,승합,남,53세,경상,승용,여,57세,경상
2017100200100208,2017년 10월 2일 10시,월요일,강원도 횡성군 둔내면,경상사고,0,0,4,0,차대차 - 측면충돌,안전운전불이행,건조,맑음,단일로 - 기타,승용,남,65세,상해없음,승용,여,35세,경상
2017100200100236,2017년 10월 2일 11시,월요일,강원도 강릉시 연곡면,경상사고,0,0,2,0,차대차 - 측면충돌,안전운전불이행,젖음/습기,비,단일로 - 기타,승용,남,50세,상해없음,승용,남,56세,경상
2017100200100237,2017년 10월 2일 11시,월요일,강원도 속초시 교동,경상사고,0,0,5,0,차대차 - 추돌,안전운전불이행,건조,맑음,교차로 - 교차로부근,승용,남,45세,상해없음,승용,남,45세,경상
2017100200100238,2017년 10월 2일 11시,월요일,강원도 평창군 미탄면,경상사고,0,0,2,0,차대차 - 측면충돌,안전운전불이행,건조,맑음,단일로 - 기타,승용,여,32세,상해없음,승용,남,64세,경상
2017100200100281,2017년 10월 2일 12시,월요일,강원도 강릉시 포남동,경상사고,0,0,1,0,차대사람 - 기타,중앙선침범,젖음/습기,비,단일로 - 기타,승용,남,48세,상해없음,보행자,남,61세,경상
2017100200100282,2017년 10월 2일 12시,월요일,강원도 속초시 동명동,경상사고,0,0,1,0,차대차 - 측면충돌,안전운전불이행,건조,맑음,교차로 - 교차로부근,승용,여,42세,상해없음,승용,남,64세,경상
2017100200100312,2017년 10월 2일 13시,월요일,강원도 원주시 단계동,경상사고,0,0,1,0,차대사람 - 기타,안전운전불이행,건조,맑음,단일로 - 기타,승용,남,57세,상해없음,보행자,여,57세,경상
2017100200100353,2017년 10월 2일 14시,월요일,강원도 원주시 태장동,경상사고,0,0,1,0,차대차 - 측면충돌,안전운전불이행,건조,맑음,교차로 - 교차로안,승용,남,53세,상해없음,승용,여,55세,경상
2017100200100354,2017년 10월 2일 14시,월요일,강원도 속초시 장사동,중상사고,0,1,0,0,차대사람 - 횡단중,보행자보호의무위반,건조,맑음,단일로 - 기타,승용,남,39세,상해없음,보행자,남,70세,중상
2017100200100355,2017년 10월 2일 14시,월요일,강원도 화천군 화천읍,경상사고,0,0,3,0,차대차 - 측면충돌,교차로운행방법위반,건조,맑음,교차로 - 교차로안,화물,남,61세,상해없음,승용,남,53세,경상
2017100200100356,2017년 10월 2일 14시,월요일,강원도 태백시 화전동,중상사고,0,3,1,0,차대차 - 측면충돌,신호위반,젖음/습기,비,교차로 - 교차로안,승용,남,43세,중상,화물,남,62세,경상
2017100200100435,2017년 10월 2일 16시,월요일,강원도 원주시 명륜동,중상사고,0,1,0,0,차대사람 - 횡단중,안전운전불이행,건조,맑음,단일로 - 기타,승용,여,28세,상해없음,보행자,여,74세,중상
2017100200100436,2017년 10월 2일 16시,월요일,강원도 삼척시 신기면,경상사고,0,0,2,0,차대차 - 추돌,안전거리미확보,젖음/습기,비,교차로 - 교차로부근,승용,남,51세,상해없음,승용,남,60세,경상
2017100200100528,2017년 10월 2일 18시,월요일,강원도 강릉시 홍제동,경상사고,0,0,1,0,차대차 - 측면충돌,신호위반,건조,맑음,교차로 - 교차로안,승용,남,79세,상해없음,화물,남,52세,상해없음
2017100200100607,2017년 10월 2일 20시,월요일,강원도 강릉시 주문진읍,중상사고,0,1,0,0,차대차 - 기타,안전운전불이행,건조,맑음,단일로 - 기타,승용,남,27세,상해없음,원동기,남,36세,중상
2017100200100638,2017년 10월 2일 21시,월요일,강원도 원주시 단구동,경상사고,0,0,2,0,차대차 - 추돌,안전운전불이행,건조,맑음,교차로 - 교차로부근,승용,남,36세,상해없음,승용,남,32세,경상
2017100200100639,2017년 10월 2일 21시,월요일,강원도 원주시 소초면,경상사고,0,0,2,0,차대차 - 측면충돌,중앙선침범,젖음/습기,비,단일로 - 기타,승용,남,27세,상해없음,화물,남,47세,경상
2017100200100667,2017년 10월 2일 22시,월요일,강원도 삼척시 정상동,경상사고,0,0,1,0,차대차 - 추돌,안전운전불이행,건조,맑음,교차로 - 교차로부근,승용,남,64세,상해없음,승용,남,32세,경상
2017100200100684,2017년 10월 2일 23시,월요일,강원도 강릉시 강동면,경상사고,0,0,2,0,차대차 - 측면충돌,중앙선침범,건조,맑음,단일로 - 기타,기타불명,기타불명,미분류,기타불명,승용,여,26세,경상
2017100200100685,2017년 10월 2일 23시,월요일,강원도 원주시 반곡동,경상사고,0,0,2,0,차대차 - 측면충돌,안전운전불이행,건조,맑음,교차로 - 교차로안,승용,남,50세,상해없음,승용,남,26세,경상
2017100200100686,2017년 10월 2일 23시,월요일,강원도 동해시 부곡동,경상사고,0,0,1,0,차대사람 - 차도통행중,안전운전불이행,건조,맑음,단일로 - 기타,승용,남,31세,상해없음,보행자,남,46세,경상
2017100300100015,2017년 10월 3일 00시,화요일,강원도 강릉시 교동,중상사고,0,1,1,0,차대차 - 측면충돌,안전운전불이행,건조,맑음,교차로 - 교차로안,승용,남,25세,상해없음,승용,남,32세,경상
2017100300100016,2017년 10월 3일 00시,화요일,강원도 삼척시 남양동,중상사고,0,1,3,0,차대차 - 측면충돌,안전운전불이행,건조,흐림,교차로 - 교차로안,승용,여,63세,경상,승용,여,25세,경상
2017100300100036,2017년 10월 3일 01시,화요일,강원도 춘천시 석사동,경상사고,0,0,2,0,차대차 - 측면충돌,안전운전불이행,건조,맑음,교차로 - 교차로부근,승용,남,36세,상해없음,승용,남,25세,상해없음
2017100300100109,2017년 10월 3일 10시,화요일,강원도 속초시 동명동,경상사고,0,0,2,0,차대차 - 측면충돌,교차로운행방법위반,젖음/습기,비,교차로 - 교차로안,승용,여,53세,상해없음,승용,남,46세,경상
2017100300100110,2017년 10월 3일 10시,화요일,강원도 철원군 동송읍,사망사고,1,0,0,0,차량단독 - 전도전복,안전운전불이행,건조,맑음,기타 - 기타,원동기,남,51세,사망,미분류,미분류,미분류,미분류
2017100300100165,2017년 10월 3일 12시,화요일,강원도 강릉시 교동,경상사고,0,0,2,0,차대차 - 측면충돌,안전운전불이행,건조,맑음,단일로 - 기타,승용,여,34세,상해없음,승용,여,52세,경상
2017100300100191,2017년 10월 3일 13시,화요일,강원도 강릉시 옥천동,중상사고,0,1,0,0,차대사람 - 보도통행중,안전운전불이행,젖음/습기,비,단일로 - 기타,승용,남,66세,상해없음,보행자,여,54세,중상
2017100300100192,2017년 10월 3일 13시,화요일,강원도 원주시 태장동,중상사고,0,1,2,0,차대차 - 측면충돌,안전운전불이행,건조,맑음,교차로 - 교차로부근,승용,남,29세,상해없음,승용,남,56세,중상
2017100300100269,2017년 10월 3일 16시,화요일,강원도 강릉시 연곡면,경상사고,0,0,1,0,차대차 - 측면충돌,안전운전불이행,건조,맑음,단일로 - 기타,승용,남,51세,상해없음,이륜,남,29세,경상
2017100300100270,2017년 10월 3일 16시,화요일,강원도 원주시 문막읍,경상사고,0,0,2,0,차대차 - 추돌,안전운전불이행,건조,맑음,교차로 - 교차로부근,승용,남,49세,상해없음,승용,여,49세,경상
2017100300100271,2017년 10월 3일 16시,화요일,강원도 양양군 강현면,경상사고,0,0,1,1,차대차 - 후진중충돌,안전운전불이행,건조,맑음,교차로 - 교차로안,승용,남,56세,상해없음,승용,여,59세,경상
2017100300100272,2017년 10월 3일 16시,화요일,강원도 삼척시 등봉동,중상사고,0,1,3,1,차대차 - 측면충돌,직진우회전진행방해,젖음/습기,흐림,교차로 - 교차로안,승용,여,50세,경상,승용,남,50세,중상
2017100300100273,2017년 10월 3일 16시,화요일,강원도 정선군 남면,경상사고,0,0,1,0,차대차 - 측면충돌,안전운전불이행,건조,맑음,교차로 - 교차로안,화물,남,56세,상해없음,승용,여,56세,경상
2017100300100290,2017년 10월 3일 17시,화요일,강원도 양양군 강현면,경상사고,0,0,3,0,차대차 - 측면충돌,교차로운행방법위반,건조,맑음,교차로 - 교차로안,개인형이동수단(PM),남,67세,상해없음,승용,여,29세,경상
2017100300100291,2017년 10월 3일 17시,화요일,강원도 동해시 북평동,경상사고,0,0,1,0,차대차 - 측면충돌,교차로운행방법위반,젖음/습기,비,교차로 - 교차로안,승용,여,32세,상해없음,승용,여,39세,경상
2017100300100310,2017년 10월 3일 18시,화요일,강원도 강릉시 내곡동,중상사고,0,1,0,0,차대차 - 측면충돌,안전운전불이행,건조,맑음,교차로 - 교차로부근,승용,남,70세,상해없음,이륜,남,60세,중상
2017100300100311,2017년 10월 3일 18시,화요일,강원도 원주시 우산동,경상사고,0,0,1,0,차대차 - 측면충돌,안전운전불이행,건조,맑음,단일로 - 기타,승용,여,61세,상해없음,자전거,남,66세,경상
2017100300100332,2017년 10월 3일 19시,화요일,강원도 강릉시 교동,경상사고,0,0,1,0,차대차 - 후진중충돌,안전운전불이행,건조,흐림,교차로 - 교차로안,승용,남,33세,상해없음,승용,여,45세,경상
2017100300100333,2017년 10월 3일 19시,화요일,강원도 속초시 영랑동,경상사고,0,0,2,0,차대차 - 추돌,안전운전불이행,건조,맑음,교차로 - 교차로부근,화물,남,60세,상해없음,승용,남,42세,경상
2017100300100360,2017년 10월 3일 20시,화요일,강원도 춘천시 석사동,경상사고,0,0,1,0,차대차 - 측면충돌,신호위반,건조,맑음,교차로 - 교차로안,승용,여,41세,상해없음,승용,남,54세,경상
2017100300100390,2017년 10월 3일 21시,화요일,강원도 강릉시 홍제동,경상사고,0,0,3,0,차대차 - 측면충돌,안전운전불이행,젖음/습기,비,교차로 - 교차로안,승용,여,41세,상해없음,승용,남,60세,경상
2017100300100414,2017년 10월 3일 23시,화요일,강원도 춘천시 남산면,중상사고,0,1,2,0,차대차 - 측면충돌,안전운전불이행,건조,맑음,단일로 - 기타,승용,남,25세,상해없음,승용,남,58세,경상
2017100300100415,2017년 10월 3일 23시,화요일,강원도 춘천시 신동면,중상사고,0,1,0,0,차량단독 - 공작물충돌,안전운전불이행,건조,맑음,단일로 - 기타,승용,남,31세,중상,,,,
2017100300100416,2017년 10월 3일 23시,화요일,강원도 삼척시 성내동,경상사고,0,0,1,0,차대사람 - 차도통행중,안전운전불이행,건조,맑음,단일로 - 기타,승용,남,21세,상해없음,보행자,남,22세,경상
2017100400100030,2017년 10월 4일 01시,수요일,강원도 속초시 교동,경상사고,0,0,1,0,차대사람 - 차도통행중,안전운전불이행,건조,맑음,단일로 - 기타,승용,남,26세,상해없음,보행자,여,19세,경상
2017100400100036,2017년 10월 4일 02시,수요일,강원도 강릉시 포남동,경상사고,0,0,2,0,차대차 - 추돌,안전운전불이행,건조,맑음,교차로 - 교차로부근,승용,남,27세,상해없음,승용,남,26세,경상
2017100400100037,2017년 10월 4일 02시,수요일,강원도 철원군 동송읍,부상신고사고,0,0,0,1,차량단독 - 공작물충돌,안전운전불이행,건조,맑음,단일로 - 기타,승용,남,23세,부상신고,,,,
2017100400100106,2017년 10월 4일 10시,수요일,강원도 춘천시 서면,경상사고,0,0,5,0,차대차 - 추돌,안전운전불이행,건조,맑음,단일로 - 기타,승용,남,37세,상해없음,화물,남,65세,경상
2017100400100124,2017년 10월 4일 11시,수요일,강원도 원주시 신림면,중상사고,0,1,0,0,차대차 - 추돌,안전거리미확보,건조,맑음,교차로 - 교차로부근,이륜,남,27세,중상,승용,남,36세,상해없음
2017100400100125,2017년 10월 4일 11시,수요일,강원도 삼척시 정상동,경상사고,0,0,2,0,차대차 - 측면충돌,안전운전불이행,건조,맑음,교차로 - 교차로부근,승용,남,71세,상해없음,승용,여,45세,경상
2017100400100126,2017년 10월 4일 11시,수요일,강원도 철원군 철원읍,중상사고,0,1,3,0,차대차 - 측면충돌,교차로운행방법위반,건조,맑음,교차로 - 교차로안,승용,남,23세,상해없음,승용,남,35세,중상
2017100400100155,2017년 10월 4일 12시,수요일,강원도 평창군 평창읍,중상사고,0,1,4,0,차대차 - 추돌,안전운전불이행,건조,맑음,단일로 - 기타,승용,남,34세,상해없음,승용,남,39세,경상
2017100400100181,2017년 10월 4일 13시,수요일,강원도 춘천시 사북면,경상사고,0,0,4,2,차대차 - 정면충돌,중앙선침범,건조,맑음,단일로 - 기타,승용,남,28세,상해없음,승용,남,33세,경상
2017100400100182,2017년 10월 4일 13시,수요일,강원도 철원군 갈말읍,경상사고,0,0,3,0,차대차 - 측면충돌,교차로운행방법위반,건조,맑음,교차로 - 교차로안,승용,남,42세,경상,승용,남,30세,경상
2017100400100206,2017년 10월 4일 14시,수요일,강원도 횡성군 안흥면,경상사고,0,0,1,0,차대차 - 측면충돌,안전운전불이행,건조,맑음,단일로 - 기타,승용,남,59세,상해없음,승용,남,25세,경상
2017100400100207,2017년 10월 4일 14시,수요일,강원도 고성군 토성면,경상사고,0,0,1,0,차대차 - 추돌,안전운전불이행,건조,맑음,단일로 - 기타,승용,남,65세,상해없음,승용,남,47세,경상
2017100400100300,2017년 10월 4일 18시,수요일,강원도 원주시 단구동,중상사고,0,2,0,0,차대차 - 측면충돌,교차로운행방법위반,건조,맑음,교차로 - 교차로안,승용,남,54세,상해없음,승용,여,44세,중상
2017100500100010,2017년 10월 5일 00시,목요일,강원도 강릉시 노암동,경상사고,0,0,1,0,차대차 - 추돌,안전운전불이행,건조,맑음,교차로 - 교차로부근,승용,남,39세,상해없음,승용,남,28세,상해없음
2017100500100020,2017년 10월 5일 01시,목요일,강원도 원주시 무실동,중상사고,0,1,0,0,차대사람 - 횡단중,신호위반,건조,맑음,교차로 - 교차로안,승용,남,34세,상해없음,보행자,남,30세,중상
2017100500100021,2017년 10월 5일 01시,목요일,강원도 속초시 교동,경상사고,0,0,2,0,차대차 - 측면충돌,직진우회전진행방해,건조,맑음,교차로 - 교차로안,승용,남,40세,상해없음,승용,남,24세,경상
2017100500100040,2017년 10월 5일 03시,목요일,강원도 정선군 고한읍,경상사고,0,0,1,0,차대사람 - 기타,안전운전불이행,건조,맑음,단일로 - 기타,승용,남,50세,상해없음,보행자,남,27세,경상
2017100500100088,2017년 10월 5일 08시,목요일,강원도 원주시 우산동,경상사고,0,0,1,0,차대사람 - 기타,안전운전불이행,건조,맑음,단일로 - 기타,승용,남,67세,상해없음,보행자,남,7세,경상
2017100500100104,2017년 10월 5일 10시,목요일,강원도 홍천군 홍천읍,경상사고,0,0,1,0,차대차 - 측면충돌,안전운전불이행,건조,맑음,단일로 - 기타,화물,남,81세,상해없음,자전거,여,60세,경상
2017100500100119,2017년 10월 5일 11시,목요일,강원도 영월군 영월읍,중상사고,0,1,4,0,차대차 - 측면충돌,교차로운행방법위반,건조,맑음,교차로 - 교차로안,승용,남,46세,경상,화물,남,34세,중상
2017100500100120,2017년 10월 5일 11시,목요일,강원도 인제군 남면,경상사고,0,0,2,0,차대차 - 추돌,안전운전불이행,건조,맑음,교차로 - 교차로부근,특수,남,30세,상해없음,승용,여,60세,경상
2017100500100177,2017년 10월 5일 14시,목요일,강원도 강릉시 사천면,경상사고,0,0,3,0,차대차 - 추돌,안전거리미확보,건조,맑음,단일로 - 기타,승용,남,65세,상해없음,승용,남,25세,경상
2017100500100178,2017년 10월 5일 14시,목요일,강원도 동해시 용정동,경상사고,0,0,1,0,차대차 - 기타,직진우회전진행방해,건조,맑음,교차로 - 교차로안,승용,남,48세,상해없음,이륜,남,41세,경상
2017100500100198,2017년 10월 5일 15시,목요일,강원도 춘천시 남산면,중상사고,0,1,1,0,차량단독 - 전도전복,기타,건조,맑음,단일로 - 기타,사륜오토바이(ATV),남,51세,경상,미분류,미분류,미분류,미분류
2017100500100199,2017년 10월 5일 15시,목요일,강원도 양양군 강현면,경상사고,0,0,1,0,차대차 - 측면충돌,안전운전불이행,건조,맑음,주차장 - 주차장,승용,남,33세,상해없음,승용,여,57세,경상
2017100500100241,2017년 10월 5일 17시,목요일,강원도 태백시 황지동,경상사고,0,0,3,0,차대차 - 추돌,안전운전불이행,건조,맑음,단일로 - 기타,승용,남,29세,상해없음,승용,남,50세,경상
2017100500100263,2017년 10월 5일 18시,목요일,강원도 원주시 문막읍,경상사고,0,0,2,0,차대차 - 정면충돌,안전운전불이행,건조,맑음,교차로 - 교차로안,승용,남,44세,기타불명,승용,여,42세,경상
2017100500100264,2017년 10월 5일 18시,목요일,강원도 평창군 용평면,중상사고,0,4,7,0,차대차 - 정면충돌,신호위반,건조,맑음,단일로 - 기타,승용,남,64세,중상,승용,남,39세,경상
2017100500100265,2017년 10월 5일 18시,목요일,강원도 평창군 평창읍,경상사고,0,0,1,0,차대차 - 측면충돌,안전운전불이행,건조,맑음,교차로 - 교차로안,승용,남,57세,상해없음,자전거,남,62세,경상
2017100500100293,2017년 10월 5일 19시,목요일,강원도 강릉시 송정동,경상사고,0,0,1,0,차대차 - 기타,안전운전불이행,건조,맑음,교차로 - 교차로안,승용,남,32세,상해없음,승용,여,22세,경상
2017100500100294,2017년 10월 5일 19시,목요일,강원도 강릉시 강문동,경상사고,0,0,2,0,차대차 - 기타,안전운전불이행,건조,맑음,단일로 - 기타,승용,남,53세,상해없음,승용,남,45세,경상
2017100500100337,2017년 10월 5일 21시,목요일,강원도 강릉시 포남동,중상사고,0,1,2,0,차대차 - 기타,안전운전불이행,건조,맑음,교차로 - 교차로부근,승용,남,39세,상해없음,승용,남,32세,경상
2017100500100360,2017년 10월 5일 22시,목요일,강원도 화천군 하남면,경상사고,0,0,2,0,차대차 - 측면충돌,중앙선침범,건조,맑음,단일로 - 교량,승용,남,38세,상해없음,승용,남,33세,경상
2017100500100361,2017년 10월 5일 22시,목요일,강원도 정선군 북평면,중상사고,0,1,0,0,차대차 - 추돌,안전운전불이행,건조,흐림,단일로 - 기타,화물,남,50세,상해없음,승용,남,43세,상해없음
2017100600100017,2017년 10월 6일 00시,금요일,강원도 원주시 봉산동,사망사고,1,0,0,0,차량단독 - 도로외이탈 - 추락,안전운전불이행,건조,맑음,단일로 - 기타,이륜,남,58세,사망,,,,
2017100600100054,2017년 10월 6일 02시,금요일,강원도 원주시 호저면,중상사고,0,1,1,0,차대차 - 추돌,안전거리미확보,건조,맑음,단일로 - 기타,승용,남,57세,상해없음,승용,남,66세,중상
2017100600100079,2017년 10월 6일 04시,금요일,강원도 원주시 단계동,중상사고,0,1,0,0,차대차 - 측면충돌,신호위반,건조,맑음,교차로 - 교차로안,승용,남,38세,기타불명,승용,남,56세,중상
2017100600100097,2017년 10월 6일 06시,금요일,강원도 원주시 단계동,경상사고,0,0,2,0,차대차 - 추돌,안전운전불이행,건조,맑음,교차로 - 교차로부근,승용,남,31세,상해없음,승용,남,54세,경상
2017100600100110,2017년 10월 6일 07시,금요일,강원도 삼척시 미로면,중상사고,0,1,0,0,차량단독 - 공작물충돌,안전운전불이행,건조,맑음,단일로 - 기타,농기계,남,77세,중상,,,,
2017100600100131,2017년 10월 6일 09시,금요일,강원도 춘천시 신북읍,경상사고,0,0,2,0,차대차 - 측면충돌,안전거리미확보,건조,맑음,단일로 - 기타,승용,여,42세,상해없음,승용,남,52세,경상
2017100600100132,2017년 10월 6일 09시,금요일,강원도 춘천시 서면,중상사고,0,1,0,0,차량단독 - 공작물충돌,안전운전불이행,건조,맑음,단일로 - 기타,화물,남,42세,중상,,,,
2017100600100133,2017년 10월 6일 09시,금요일,강원도 영월군 주천면,부상신고사고,0,0,0,1,차량단독 - 도로외이탈 - 추락,안전운전불이행,젖음/습기,비,단일로 - 기타,화물,남,71세,부상신고,,,,
2017100600100143,2017년 10월 6일 10시,금요일,강원도 양양군 손양면,경상사고,0,0,2,0,차대차 - 측면충돌,안전운전불이행,건조,맑음,단일로 - 기타,승용,여,50세,상해없음,승합,기타불명,미분류,기타불명
2017100600100167,2017년 10월 6일 11시,금요일,강원도 동해시 묵호진동,경상사고,0,0,1,0,차대차 - 측면충돌,안전운전불이행,건조,맑음,단일로 - 기타,승용,남,57세,상해없음,자전거,남,31세,경상
2017100600100181,2017년 10월 6일 12시,금요일,강원도 춘천시 우두동,경상사고,0,0,1,0,차대차 - 기타,안전운전불이행,건조,맑음,단일로 - 기타,원동기,여,22세,상해없음,자전거,남,90세 이상,경상
2017100600100182,2017년 10월 6일 12시,금요일,강원도 삼척시 미로면,경상사고,0,0,1,0,차대차 - 측면충돌,직진우회전진행방해,젖음/습기,비,교차로 - 교차로안,승용,남,31세,상해없음,승용,남,67세,상해없음
2017100600100199,2017년 10월 6일 13시,금요일,강원도 홍천군 내촌면,중상사고,0,1,1,0,차대차 - 정면충돌,중앙선침범,건조,맑음,단일로 - 기타,승용,여,50세,상해없음,화물,남,51세,중상
2017100600100200,2017년 10월 6일 13시,금요일,강원도 평창군 대관령면,중상사고,0,2,5,0,차대차 - 측면충돌,안전운전불이행,젖음/습기,비,단일로 - 기타,승용,여,46세,상해없음,승용,남,53세,중상