사고번호,사고일시,요일,시군구,사고내용,사망자수,중상자수,경상자수,부상신고자수,사고유형,법규위반,노면상태,기상상태,도로형태,가해운전자 차종,가해운전자 성별,가해운전자 연령,가해운전자 상해정도,피해운전자 차종,피해운전자 성별,피해운전자 연령,피해운전자 상해정도
2017100600100241,2017년 10월 6일 15시,금요일,강원도 태백시 통동,중상사고,0,4,1,0,차대차 - 측면충돌,안전운전불이행,젖음/습기,비,교차로 - 교차로안,승용,여,47세,상해없음,승용,남,32세,중상
2017100600100276,2017년 10월 6일 17시,금요일,강원도 강릉시 노암동,경상사고,0,0,1,0,차대차 - 기타,안전운전불이행,젖음/습기,맑음,교차로 - 교차로부근,화물,남,50세,상해없음,화물,남,58세,경상
2017100600100277,2017년 10월 6일 17시,금요일,강원도 강릉시 유산동,경상사고,0,0,2,0,차대차 - 추돌,안전운전불이행,젖음/습기,비,단일로 - 기타,화물,남,49세,상해없음,승용,여,62세,경상
2017100600100278,2017년 10월 6일 17시,금요일,강원도 원주시 흥업면,경상사고,0,0,1,0,차대사람 - 길가장자리구역통행중,안전운전불이행,건조,흐림,단일로 - 기타,화물,남,58세,상해없음,보행자,여,53세,경상
2017100600100279,2017년 10월 6일 17시,금요일,강원도 속초시 동명동,중상사고,0,1,1,0,차대차 - 후진중충돌,안전운전불이행,젖음/습기,비,단일로 - 기타,승용,남,58세,상해없음,승용,남,22세,경상
2017100600100302,2017년 10월 6일 18시,금요일,강원도 춘천시 신북읍,경상사고,0,0,3,0,차대차 - 기타,교차로운행방법위반,건조,맑음,교차로 - 교차로안,승용,여,59세,상해없음,승용,여,31세,경상
2017100600100303,2017년 10월 6일 18시,금요일,강원도 원주시 흥업면,경상사고,0,0,2,0,차대차 - 측면충돌,안전운전불이행,건조,맑음,교차로 - 교차로부근,승용,남,58세,상해없음,화물,남,55세,경상
2017100600100304,2017년 10월 6일 18시,금요일,강원도 속초시 동명동,중상사고,0,1,0,0,차대사람 - 보도통행중,보행자보호의무위반,젖음/습기,비,교차로 - 교차로횡단보도내,승용,남,45세,상해없음,보행자,남,49세,중상
2017100600100305,2017년 10월 6일 18시,금요일,강원도 양구군 남면,중상사고,0,1,2,0,차대차 - 추돌,안전운전불이행,젖음/습기,비,교차로 - 교차로부근,승용,남,22세,상해없음,승용,여,51세,경상
2017100600100357,2017년 10월 6일 20시,금요일,강원도 춘천시 석사동,경상사고,0,0,4,0,차대차 - 측면충돌,중앙선침범,젖음/습기,비,교차로 - 교차로안,승용,여,33세,상해없음,승용,남,47세,경상
2017100600100383,2017년 10월 6일 21시,금요일,강원도 원주시 봉산동,경상사고,0,0,1,0,차대차 - 추돌,안전거리미확보,건조,맑음,단일로 - 기타,승용,남,60세,상해없음,승용,여,39세,경상
2017100600100384,2017년 10월 6일 21시,금요일,강원도 동해시 효가동,경상사고,0,0,1,0,차대차 - 추돌,안전운전불이행,건조,맑음,교차로 - 교차로부근,승용,남,68세,상해없음,승용,남,62세,경상
2017100600100411,2017년 10월 6일 22시,금요일,강원도 강릉시 구정면,경상사고,0,0,2,0,차대차 - 기타,차로위반,건조,맑음,단일로 - 기타,승용,남,61세,상해없음,승용,남,30세,경상
2017100600100434,2017년 10월 6일 23시,금요일,강원도 강릉시 포남동,경상사고,0,0,3,0,차대차 - 기타,안전운전불이행,젖음/습기,비,교차로 - 교차로부근,승용,남,44세,상해없음,승용,남,46세,경상
2017100700100022,2017년 10월 7일 00시,토요일,강원도 춘천시 후평동,경상사고,0,0,3,0,차대차 - 측면충돌,교차로운행방법위반,건조,맑음,교차로 - 교차로부근,승용,남,20세,상해없음,승용,남,54세,경상
2017100700100055,2017년 10월 7일 02시,토요일,강원도 정선군 사북읍,중상사고,0,1,2,0,차대차 - 측면충돌,직진우회전진행방해,건조,맑음,교차로 - 교차로안,승용,여,37세,상해없음,승용,남,50세,경상
2017100700100113,2017년 10월 7일 09시,토요일,강원도 원주시 반곡동,중상사고,0,3,0,0,차대차 - 기타,신호위반,건조,맑음,교차로 - 교차로안,승용,남,27세,상해없음,승용,남,49세,중상
2017100700100114,2017년 10월 7일 09시,토요일,강원도 원주시 태장동,중상사고,0,1,0,0,차대차 - 측면충돌,교차로운행방법위반,건조,맑음,교차로 - 교차로안,원동기,남,77세,상해없음,승용,남,36세,상해없음
2017100700100115,2017년 10월 7일 09시,토요일,강원도 영월군 북면,중상사고,0,1,1,0,차대차 - 측면충돌,중앙선침범,건조,맑음,단일로 - 기타,승용,남,43세,중상,화물,남,45세,경상
2017100700100137,2017년 10월 7일 10시,토요일,강원도 철원군 철원읍,사망사고,1,0,0,0,차량단독 - 전도전복,안전운전불이행,건조,맑음,단일로 - 기타,이륜,남,65세,사망,미분류,미분류,미분류,미분류
2017100700100157,2017년 10월 7일 11시,토요일,강원도 강릉시 성산면,중상사고,0,1,0,0,차대차 - 기타,중앙선침범,건조,맑음,교차로 - 교차로부근,승용,남,78세,상해없음,승합,남,62세,상해없음
2017100700100158,2017년 10월 7일 11시,토요일,강원도 원주시 개운동,경상사고,0,0,1,0,차대차 - 측면충돌,교차로운행방법위반,건조,맑음,교차로 - 교차로부근,화물,남,58세,상해없음,승합,남,56세,경상
2017100700100159,2017년 10월 7일 11시,토요일,강원도 양양군 양양읍,경상사고,0,0,1,0,차대차 - 기타,직진우회전진행방해,건조,맑음,교차로 - 교차로안,승용,남,67세,상해없음,승용,남,48세,경상
2017100700100160,2017년 10월 7일 11시,토요일,강원도 태백시 장성동,경상사고,0,0,1,0,차대사람 - 횡단중,기타,건조,맑음,단일로 - 기타,승합,남,56세,상해없음,보행자,남,6세,경상
2017100700100161,2017년 10월 7일 11시,토요일,강원도 정선군 고한읍,경상사고,0,0,1,0,차대사람 - 보도통행중,안전운전불이행,건조,맑음,기타 - 기타,화물,남,50세,상해없음,보행자,남,59세,경상
2017100700100188,2017년 10월 7일 12시,토요일,강원도 원주시 단구동,경상사고,0,0,1,0,차대차 - 측면충돌,안전운전불이행,건조,맑음,교차로 - 교차로안,자전거,남,79세,상해없음,원동기,남,48세,경상
2017100700100247,2017년 10월 7일 14시,토요일,강원도 속초시 설악동,부상신고사고,0,0,0,1,차대사람 - 횡단중,안전운전불이행,건조,맑음,단일로 - 기타,승용,남,57세,상해없음,보행자,남,9세,부상신고
2017100700100248,2017년 10월 7일 14시,토요일,강원도 평창군 대관령면,경상사고,0,0,2,0,차대차 - 추돌,안전운전불이행,젖음/습기,비,주차장 - 주차장,승용,남,56세,상해없음,승용,남,36세,경상
2017100700100274,2017년 10월 7일 15시,토요일,강원도 춘천시 남산면,중상사고,0,1,0,0,차대사람 - 횡단중,안전운전불이행,건조,맑음,단일로 - 기타,승용,남,24세,상해없음,보행자,남,7세,중상
2017100700100275,2017년 10월 7일 15시,토요일,강원도 춘천시 사농동,경상사고,0,0,1,0,차대차 - 측면충돌,신호위반,건조,맑음,교차로 - 교차로안,화물,남,52세,상해없음,이륜,남,59세,경상
2017100700100276,2017년 10월 7일 15시,토요일,강원도 원주시 명륜동,중상사고,0,1,2,0,차대차 - 추돌,안전거리미확보,건조,맑음,교차로 - 교차로안,승용,남,75세,상해없음,이륜,남,35세,중상
2017100700100316,2017년 10월 7일 16시,토요일,강원도 춘천시 동내면,경상사고,0,0,1,0,차대차 - 측면충돌,신호위반,건조,맑음,교차로 - 교차로안,승용,남,51세,상해없음,승용,남,68세,경상
2017100700100339,2017년 10월 7일 17시,토요일,강원도 동해시 용정동,경상사고,0,0,1,0,차대차 - 측면충돌,교차로운행방법위반,건조,맑음,교차로 - 교차로안,승용,남,29세,상해없음,승용,남,56세,경상
2017100700100368,2017년 10월 7일 18시,토요일,강원도 삼척시 남양동,중상사고,0,1,0,0,차대사람 - 기타,안전운전불이행,건조,흐림,주차장 - 주차장,승용,남,47세,상해없음,보행자,남,69세,중상
2017100700100409,2017년 10월 7일 19시,토요일,강원도 강릉시 주문진읍,중상사고,0,1,4,0,차대차 - 측면충돌,안전운전불이행,젖음/습기,비,교차로 - 교차로부근,승용,남,56세,상해없음,승용,남,31세,경상
2017100700100509,2017년 10월 7일 23시,토요일,강원도 고성군 간성읍,경상사고,0,0,2,0,차대차 - 측면충돌,안전운전불이행,건조,맑음,기타 - 기타,승용,남,26세,상해없음,이륜,남,16세,경상
2017100800100035,2017년 10월 8일 01시,일요일,강원도 원주시 단계동,경상사고,0,0,2,0,차대차 - 기타,안전운전불이행,건조,맑음,교차로 - 교차로부근,승용,남,55세,상해없음,승용,남,61세,경상
2017100800100048,2017년 10월 8일 03시,일요일,강원도 홍천군 홍천읍,경상사고,0,0,1,0,차대사람 - 기타,보행자보호의무위반,건조,맑음,교차로 - 교차로횡단보도내,승용,남,36세,상해없음,보행자,남,38세,경상
2017100800100223,2017년 10월 8일 15시,일요일,강원도 원주시 반곡동,경상사고,0,0,1,0,차대차 - 기타,안전운전불이행,건조,맑음,단일로 - 기타,승용,여,34세,상해없음,승용,남,35세,경상
2017100800100271,2017년 10월 8일 17시,일요일,강원도 원주시 반곡동,중상사고,0,2,1,0,차대차 - 측면충돌,신호위반,건조,맑음,교차로 - 교차로안,화물,남,62세,상해없음,승용,남,36세,중상
2017100800100308,2017년 10월 8일 18시,일요일,강원도 원주시 지정면,중상사고,0,1,1,0,차대차 - 측면충돌,신호위반,건조,맑음,교차로 - 교차로안,승용,여,27세,상해없음,승용,남,71세,경상
2017100800100309,2017년 10월 8일 18시,일요일,강원도 홍천군 북방면,사망사고,1,0,0,0,차대사람 - 횡단중,보행자보호의무위반,건조,맑음,단일로 - 기타,승용,남,64세,상해없음,보행자,여,50세,사망
2017100800100310,2017년 10월 8일 18시,일요일,강원도 평창군 평창읍,경상사고,0,0,3,0,차대차 - 측면충돌,중앙선침범,건조,맑음,단일로 - 교량,승용,남,75세,상해없음,승용,남,39세,경상
2017100800100382,2017년 10월 8일 21시,일요일,강원도 원주시 개운동,경상사고,0,0,1,0,차대차 - 기타,신호위반,건조,맑음,교차로 - 교차로안,승용,여,53세,상해없음,원동기,남,32세,경상
2017100800100399,2017년 10월 8일 22시,일요일,강원도 원주시 단계동,중상사고,0,1,3,0,차대차 - 정면충돌,신호위반,건조,맑음,교차로 - 교차로안,승용,남,18세,상해없음,승용,남,62세,경상
2017100900100078,2017년 10월 9일 06시,월요일,강원도 속초시 교동,경상사고,0,0,1,0,차대차 - 측면충돌,신호위반,건조,흐림,교차로 - 교차로안,이륜,남,68세,상해없음,승용,남,55세,경상
2017100900100097,2017년 10월 9일 08시,월요일,강원도 태백시 황지동,경상사고,0,0,1,0,차대차 - 추돌,안전거리미확보,건조,맑음,단일로 - 기타,화물,남,49세,상해없음,승용,남,67세,경상
2017100900100123,2017년 10월 9일 10시,월요일,강원도 태백시 황지동,경상사고,0,0,1,0,차대차 - 측면충돌,직진우회전진행방해,건조,맑음,교차로 - 교차로안,승용,남,23세,상해없음,승용,여,30세,경상
2017100900100143,2017년 10월 9일 11시,월요일,강원도 양구군 양구읍,중상사고,0,1,0,0,차대차 - 추돌,교차로운행방법위반,건조,맑음,교차로 - 교차로안,화물,남,71세,상해없음,사륜오토바이(ATV),남,90세 이상,중상
2017100900100213,2017년 10월 9일 14시,월요일,강원도 춘천시 퇴계동,중상사고,0,1,0,0,차대차 - 추돌,안전운전불이행,건조,맑음,교차로 - 교차로부근,승용,여,43세,상해없음,승용,여,80세,상해없음
2017100900100235,2017년 10월 9일 15시,월요일,강원도 강릉시 내곡동,경상사고,0,0,2,0,차대차 - 정면충돌,신호위반,건조,맑음,교차로 - 교차로안,승용,남,52세,상해없음,승용,남,25세,경상
2017100900100273,2017년 10월 9일 16시,월요일,강원도 춘천시 후평동,경상사고,0,0,1,0,차대차 - 측면충돌,교차로운행방법위반,건조,맑음,교차로 - 교차로안,승용,남,52세,상해없음,승용,남,33세,경상
2017100900100274,2017년 10월 9일 16시,월요일,강원도 원주시 호저면,경상사고,0,0,1,0,차대차 - 측면충돌,안전운전불이행,건조,맑음,단일로 - 기타,건설기계,남,67세,상해없음,승용,남,74세,경상
2017100900100275,2017년 10월 9일 16시,월요일,강원도 원주시 우산동,경상사고,0,0,10,0,차대차 - 추돌,안전운전불이행,건조,맑음,교차로 - 교차로부근,승용,여,55세,상해없음,승용,남,34세,경상
2017100900100315,2017년 10월 9일 17시,월요일,강원도 강릉시 초당동,경상사고,0,0,1,0,차대사람 - 기타,안전운전불이행,건조,맑음,단일로 - 기타,승용,여,55세,상해없음,보행자,남,26세,경상
2017100900100350,2017년 10월 9일 18시,월요일,강원도 강릉시 연곡면,사망사고,1,1,0,0,차대사람 - 횡단중,과속,건조,맑음,단일로 - 기타,승용,남,46세,상해없음,보행자,남,62세,사망
2017100900100448,2017년 10월 9일 22시,월요일,강원도 강릉시 노암동,중상사고,0,1,0,0,차대사람 - 기타,기타,건조,흐림,교차로 - 교차로부근,승용,남,36세,상해없음,보행자,여,56세,중상
2017100900100454,2017년 10월 9일 23시,월요일,강원도 원주시 행구동,경상사고,0,0,1,0,차대차 - 추돌,신호위반,건조,맑음,교차로 - 교차로안,승용,남,23세,상해없음,승용,남,31세,경상
2017100900100455,2017년 10월 9일 23시,월요일,강원도 정선군 사북읍,경상사고,0,0,2,0,차대차 - 측면충돌,안전거리미확보,건조,맑음,단일로 - 기타,승용,여,59세,상해없음,화물,남,57세,경상
2017101000100021,2017년 10월 10일 00시,화요일,강원도 원주시 흥업면,중상사고,0,1,0,0,차대차 - 추돌,안전거리미확보,건조,맑음,단일로 - 기타,승용,여,38세,상해없음,화물,남,58세,중상
2017101000100053,2017년 10월 10일 04시,화요일,강원도 양양군 강현면,경상사고,0,0,1,0,차대차 - 추돌,안전운전불이행,건조,맑음,단일로 - 기타,승용,남,42세,상해없음,화물,남,54세,경상
2017101000100112,2017년 10월 10일 08시,화요일,강원도 춘천시 석사동,경상사고,0,0,1,0,차대차 - 측면충돌,안전거리미확보,건조,맑음,교차로 - 교차로부근,승용,여,57세,상해없음,승용,여,42세,경상
2017101000100113,2017년 10월 10일 08시,화요일,강원도 원주시 평원동,경상사고,0,0,1,0,차대차 - 측면충돌,차로위반,건조,맑음,단일로 - 기타,화물,남,50세,상해없음,승용,남,35세,경상
2017101000100151,2017년 10월 10일 09시,화요일,강원도 강릉시 성남동,중상사고,0,1,0,0,차대차 - 정면충돌,안전운전불이행,건조,맑음,교차로 - 교차로안,승용,남,69세,상해없음,원동기,남,62세,중상
2017101000100184,2017년 10월 10일 10시,화요일,강원도 춘천시 후평동,경상사고,0,0,3,0,차대차 - 추돌,안전거리미확보,건조,맑음,단일로 - 기타,승용,남,66세,상해없음,승용,여,52세,경상
2017101000100213,2017년 10월 10일 11시,화요일,강원도 춘천시 석사동,경상사고,0,0,1,0,차대사람 - 횡단중,보행자보호의무위반,건조,맑음,교차로 - 교차로횡단보도내,화물,남,48세,상해없음,보행자,여,39세,경상
2017101000100242,2017년 10월 10일 12시,화요일,강원도 원주시 태장동,중상사고,0,1,0,0,차대차 - 측면충돌,신호위반,건조,맑음,교차로 - 교차로안,승용,여,65세,상해없음,승용,남,65세,상해없음
2017101000100272,2017년 10월 10일 13시,화요일,강원도 원주시 개운동,부상신고사고,0,0,0,1,차대사람 - 차도통행중,안전운전불이행,건조,맑음,주차장 - 주차장,승용,남,72세,상해없음,보행자,남,69세,부상신고
2017101000100340,2017년 10월 10일 15시,화요일,강원도 춘천시 중앙로2가,경상사고,0,0,3,0,차대차 - 측면충돌,중앙선침범,건조,맑음,단일로 - 기타,승용,여,58세,상해없음,승용,남,23세,경상
2017101000100370,2017년 10월 10일 16시,화요일,강원도 강릉시 구정면,경상사고,0,0,2,0,차대차 - 측면충돌,안전운전불이행,젖음/습기,흐림,단일로 - 기타,화물,남,77세,상해없음,승용,여,69세,상해없음
2017101000100399,2017년 10월 10일 17시,화요일,강원도 원주시 태장동,경상사고,0,0,1,0,차대차 - 추돌,안전운전불이행,건조,맑음,교차로 - 교차로부근,승용,여,62세,상해없음,이륜,남,57세,경상
2017101000100400,2017년 10월 10일 17시,화요일,강원도 원주시 행구동,경상사고,0,0,1,0,차대사람 - 기타,안전운전불이행,건조,맑음,교차로 - 교차로부근,화물,남,52세,상해없음,보행자,남,15세,경상
2017101000100401,2017년 10월 10일 17시,화요일,강원도 철원군 동송읍,중상사고,0,1,1,0,차대차 - 측면충돌,교차로운행방법위반,건조,맑음,교차로 - 교차로안,화물,남,63세,상해없음,승용,남,65세,중상
2017101000100434,2017년 10월 10일 18시,화요일,강원도 춘천시 남산면,경상사고,0,0,1,0,차대차 - 측면충돌,교차로운행방법위반,건조,맑음,교차로 - 교차로안,승합,남,63세,상해없음,자전거,남,72세,경상
2017101000100435,2017년 10월 10일 18시,화요일,강원도 춘천시 석사동,경상사고,0,0,1,0,차대사람 - 횡단중,보행자보호의무위반,건조,맑음,교차로 - 교차로부근,승합,남,76세,상해없음,보행자,남,67세,경상
2017101000100436,2017년 10월 10일 18시,화요일,강원도 춘천시 신동면,중상사고,0,1,0,0,차대사람 - 횡단중,보행자보호의무위반,건조,맑음,단일로 - 기타,승용,남,38세,상해없음,보행자,여,84세,중상
2017101000100488,2017년 10월 10일 19시,화요일,강원도 강릉시 주문진읍,중상사고,0,1,0,0,차대차 - 기타,안전운전불이행,건조,맑음,단일로 - 기타,승용,여,53세,상해없음,자전거,여,62세,중상
2017101000100489,2017년 10월 10일 19시,화요일,강원도 강릉시 교동,중상사고,0,1,0,0,차량단독 - 기타,안전운전불이행,건조,맑음,단일로 - 기타,승합,남,54세,상해없음,,,,
2017101000100490,2017년 10월 10일 19시,화요일,강원도 원주시 개운동,경상사고,0,0,1,0,차대차 - 추돌,안전운전불이행,건조,맑음,단일로 - 기타,승용,남,34세,상해없음,화물,남,35세,경상
2017101000100549,2017년 10월 10일 21시,화요일,강원도 홍천군 홍천읍,중상사고,0,1,0,0,차대사람 - 횡단중,안전운전불이행,건조,맑음,단일로 - 기타,승용,남,33세,상해없음,보행자,여,62세,중상
2017101000100593,2017년 10월 10일 23시,화요일,강원도 강릉시 임당동,경상사고,0,0,1,0,차대차 - 기타,안전운전불이행,건조,맑음,단일로 - 기타,승용,남,41세,상해없음,이륜,남,48세,경상
2017101100100111,2017년 10월 11일 07시,수요일,강원도 춘천시 석사동,경상사고,0,0,1,0,차대차 - 측면충돌,안전운전불이행,젖음/습기,비,단일로 - 기타,승용,남,63세,기타불명,승용,남,56세,경상
2017101100100112,2017년 10월 11일 07시,수요일,강원도 춘천시 석사동,경상사고,0,0,1,0,차대차 - 추돌,안전거리미확보,건조,맑음,단일로 - 기타,승용,남,30세,상해없음,승용,남,53세,경상
2017101100100143,2017년 10월 11일 08시,수요일,강원도 원주시 문막읍,경상사고,0,0,1,0,차대차 - 추돌,안전운전불이행,건조,맑음,교차로 - 교차로부근,승용,여,51세,상해없음,승용,남,50세,상해없음
2017101100100144,2017년 10월 11일 08시,수요일,강원도 원주시 우산동,경상사고,0,0,1,0,차대사람 - 횡단중,보행자보호의무위반,젖음/습기,비,단일로 - 기타,승용,여,37세,상해없음,보행자,여,27세,경상
2017101100100145,2017년 10월 11일 08시,수요일,강원도 정선군 정선읍,경상사고,0,0,1,0,차대차 - 측면충돌,신호위반,젖음/습기,비,교차로 - 교차로안,승용,남,61세,상해없음,승용,남,53세,경상
2017101100100146,2017년 10월 11일 08시,수요일,강원도 동해시 효가동,부상신고사고,0,0,0,1,차대차 - 측면충돌,교차로운행방법위반,건조,맑음,교차로 - 교차로안,승용,여,63세,부상신고,승용,여,48세,상해없음
2017101100100184,2017년 10월 11일 09시,수요일,강원도 원주시 우산동,경상사고,0,0,2,0,차대차 - 측면충돌,안전운전불이행,건조,맑음,단일로 - 기타,승용,남,71세,상해없음,승용,남,26세,경상
2017101100100185,2017년 10월 11일 09시,수요일,강원도 속초시 도문동,경상사고,0,0,1,0,차대차 - 기타,안전운전불이행,젖음/습기,비,단일로 - 기타,승용,여,58세,상해없음,승용,여,32세,경상
2017101100100242,2017년 10월 11일 11시,수요일,강원도 강릉시 교동,경상사고,0,0,1,0,차대차 - 측면충돌,안전운전불이행,건조,맑음,교차로 - 교차로안,화물,남,39세,상해없음,승용,여,35세,경상
2017101100100243,2017년 10월 11일 11시,수요일,강원도 원주시 명륜동,중상사고,0,2,0,0,차대사람 - 횡단중,보행자보호의무위반,젖음/습기,비,단일로 - 기타,승용,남,65세,상해없음,보행자,남,62세,중상
2017101100100244,2017년 10월 11일 11시,수요일,강원도 속초시 노학동,경상사고,0,0,1,0,차대차 - 측면충돌,직진우회전진행방해,건조,맑음,교차로 - 교차로안,승용,남,33세,상해없음,화물,남,68세,상해없음
2017101100100322,2017년 10월 11일 14시,수요일,강원도 양양군 강현면,중상사고,0,2,1,0,차대차 - 측면충돌,직진우회전진행방해,건조,맑음,교차로 - 교차로안,건설기계,남,41세,상해없음,승용,남,69세,중상
2017101100100351,2017년 10월 11일 15시,수요일,강원도 평창군 평창읍,중상사고,0,1,0,0,차대차 - 측면충돌,안전운전불이행,건조,맑음,단일로 - 기타,자전거,남,13세,중상,승용,여,52세,상해없음
2017101100100414,2017년 10월 11일 17시,수요일,강원도 춘천시 퇴계동,경상사고,0,0,1,0,차대차 - 측면충돌,교차로운행방법위반,건조,맑음,교차로 - 교차로안,승용,여,69세,상해없음,승용,남,47세,경상
2017101100100415,2017년 10월 11일 17시,수요일,강원도 원주시 단계동,경상사고,0,0,3,0,차대차 - 측면충돌,신호위반,건조,맑음,교차로 - 교차로부근,승용,여,47세,경상,승용,남,61세,경상
2017101100100445,2017년 10월 11일 18시,수요일,강원도 춘천시 후평동,경상사고,0,0,1,0,차대차 - 측면충돌,교차로운행방법위반,건조,맑음,교차로 - 교차로안,승용,남,58세,상해없음,승용,여,29세,경상
2017101100100446,2017년 10월 11일 18시,수요일,강원도 원주시 흥업면,경상사고,0,0,1,0,차대차 - 측면충돌,안전거리미확보,건조,맑음,단일로 - 기타,승용,여,50세,상해없음,승용,여,60세,경상
2017101100100533,2017년 10월 11일 20시,수요일,강원도 춘천시 효자동,경상사고,0,0,1,0,차대사람 - 횡단중,안전운전불이행,건조,맑음,교차로 - 교차로횡단보도내,이륜,남,24세,상해없음,보행자,여,21세,경상
2017101100100561,2017년 10월 11일 21시,수요일,강원도 동해시 묵호진동,중상사고,0,1,0,0,차대차 - 기타,안전운전불이행,건조,맑음,단일로 - 기타,이륜,남,59세,중상,승용,남,69세,상해없음
2017101100100606,2017년 10월 11일 23시,수요일,강원도 강릉시 교동,경상사고,0,0,2,0,차대차 - 측면충돌,신호위반,건조,맑음,교차로 - 교차로안,승용,남,28세,상해없음,승용,남,57세,경상
2017101200100038,2017년 10월 12일 01시,목요일,강원도 원주시 단계동,경상사고,0,0,1,0,차대차 - 측면충돌,신호위반,건조,맑음,교차로 - 교차로안,승용,남,56세,상해없음,승용,남,56세,경상
2017101200100063,2017년 10월 12일 04시,목요일,강원도 원주시 단계동,중상사고,0,1,0,0,차대차 - 기타,안전운전불이행,건조,맑음,교차로 - 교차로부근,승용,여,31세,상해없음,승용,남,47세,중상
2017101200100071,2017년 10월 12일 05시,목요일,강원도 삼척시 도계읍,중상사고,0,1,0,0,차량단독 - 공작물충돌,기타,건조,맑음,단일로 - 기타,승합,남,55세,중상,,,,
2017101200100122,2017년 10월 12일 08시,목요일,강원도 원주시 무실동,경상사고,0,0,1,0,차대차 - 측면충돌,안전운전불이행,건조,맑음,단일로 - 기타,승용,여,45세,상해없음,승용,남,57세,경상
2017101200100190,2017년 10월 12일 10시,목요일,강원도 원주시 중앙동,경상사고,0,0,1,0,차대차 - 기타,안전운전불이행,건조,맑음,교차로 - 교차로부근,화물,남,37세,상해없음,화물,남,48세,경상
2017101200100206,2017년 10월 12일 11시,목요일,강원도 춘천시 온의동,경상사고,0,0,1,0,차대차 - 후진중충돌,안전운전불이행,건조,맑음,단일로 - 기타,승용,남,84세,상해없음,승용,여,72세,경상
2017101200100207,2017년 10월 12일 11시,목요일,강원도 동해시 천곡동,경상사고,0,0,1,0,차대차 - 측면충돌,중앙선침범,건조,맑음,교차로 - 교차로안,승용,여,43세,상해없음,승용,남,54세,상해없음
2017101200100242,2017년 10월 12일 12시,목요일,강원도 춘천시 온의동,중상사고,0,1,0,0,차대차 - 측면충돌,신호위반,건조,맑음,교차로 - 교차로안,승용,여,32세,상해없음,승용,남,47세,중상
2017101200100243,2017년 10월 12일 12시,목요일,강원도 정선군 임계면,경상사고,0,0,1,0,차대차 - 추돌,안전운전불이행,젖음/습기,비,단일로 - 기타,승용,남,30세,상해없음,화물,남,62세,상해없음
2017101200100244,2017년 10월 12일 12시,목요일,강원도 횡성군 횡성읍,중상사고,0,1,0,0,차대사람 - 횡단중,중앙선침범,젖음/습기,비,단일로 - 기타,승용,여,53세,상해없음,보행자,여,71세,중상
2017101200100265,2017년 10월 12일 13시,목요일,강원도 춘천시 신북읍,경상사고,0,0,1,0,차대차 - 측면충돌,안전운전불이행,건조,맑음,교차로 - 교차로안,승용,남,70세,상해없음,화물,남,56세,경상
2017101200100266,2017년 10월 12일 13시,목요일,강원도 양구군 동면,사망사고,1,0,0,0,차량단독 - 전도전복,안전운전불이행,건조,맑음,기타 - 기타,이륜,남,43세,사망,미분류,미분류,미분류,미분류
2017101200100338,2017년 10월 12일 15시,목요일,강원도 춘천시 운교동,경상사고,0,0,1,0,차대차 - 측면충돌,교차로운행방법위반,건조,맑음,교차로 - 교차로안,화물,남,74세,상해없음,승용,여,40세,경상
2017101200100367,2017년 10월 12일 16시,목요일,강원도 인제군 기린면,중상사고,0,1,0,0,차대차 - 측면충돌,중앙선침범,건조,맑음,단일로 - 기타,화물,남,71세,상해없음,화물,남,57세,중상
2017101200100407,2017년 10월 12일 17시,목요일,강원도 원주시 단구동,경상사고,0,0,2,0,차대차 - 측면충돌,안전운전불이행,건조,맑음,교차로 - 교차로안,화물,남,60세,상해없음,화물,남,40세,상해없음
2017101200100449,2017년 10월 12일 18시,목요일,강원도 강릉시 연곡면,경상사고,0,0,1,0,차대차 - 추돌,안전운전불이행,건조,흐림,교차로 - 교차로안,화물,남,53세,상해없음,승용,남,65세,경상
2017101200100450,2017년 10월 12일 18시,목요일,강원도 원주시 학성동,경상사고,0,0,3,0,차대차 - 추돌,안전운전불이행,건조,맑음,단일로 - 기타,승용,남,24세,상해없음,승용,남,61세,경상
2017101200100505,2017년 10월 12일 19시,목요일,강원도 춘천시 동내면,경상사고,0,0,1,0,차대차 - 측면충돌,안전운전불이행,건조,흐림,교차로 - 교차로부근,승용,남,22세,상해없음,화물,남,56세,경상
2017101200100506,2017년 10월 12일 19시,목요일,강원도 원주시 소초면,경상사고,0,0,1,0,차대차 - 추돌,안전운전불이행,건조,맑음,교차로 - 교차로부근,화물,남,64세,상해없음,승용,남,24세,경상
2017101200100544,2017년 10월 12일 20시,목요일,강원도 춘천시 동면,경상사고,0,0,4,0,차대차 - 측면충돌,중앙선침범,건조,맑음,단일로 - 기타,승용,여,47세,상해없음,승용,남,53세,경상
2017101200100545,2017년 10월 12일 20시,목요일,강원도 속초시 청학동,중상사고,0,5,1,0,차대차 - 측면충돌,교차로운행방법위반,건조,맑음,교차로 - 교차로안,승용,여,59세,중상,승용,남,36세,중상
2017101200100565,2017년 10월 12일 21시,목요일,강원도 철원군 갈말읍,중상사고,0,1,0,0,차대차 - 추돌,안전운전불이행,건조,맑음,단일로 - 기타,승용,남,51세,상해없음,농기계,남,33세,중상