사고번호,사고일시,요일,시군구,사고내용,사망자수,중상자수,경상자수,부상신고자수,사고유형,법규위반,노면상태,기상상태,도로형태,가해운전자 차종,가해운전자 성별,가해운전자 연령,가해운전자 상해정도,피해운전자 차종,피해운전자 성별,피해운전자 연령,피해운전자 상해정도
2017101700100499,2017년 10월 17일 18시,화요일,강원도 강릉시 포남동,경상사고,0,0,3,0,차대차 - 측면충돌,안전운전불이행,건조,맑음,단일로 - 기타,승용,남,56세,상해없음,승용,남,23세,경상
2017101700100500,2017년 10월 17일 18시,화요일,강원도 원주시 명륜동,경상사고,0,0,1,0,차대차 - 측면충돌,안전운전불이행,건조,맑음,단일로 - 기타,승용,여,41세,상해없음,승용,남,37세,상해없음
2017101700100501,2017년 10월 17일 18시,화요일,강원도 양양군 강현면,중상사고,0,1,0,0,차대사람 - 차도통행중,안전운전불이행,건조,맑음,단일로 - 기타,승용,남,37세,상해없음,보행자,남,60세,중상
2017101700100502,2017년 10월 17일 18시,화요일,강원도 원주시 문막읍,중상사고,0,2,0,0,차대차 - 측면충돌,차로위반,건조,맑음,단일로 - 기타,화물,남,46세,상해없음,승용,남,53세,중상
2017101700100569,2017년 10월 17일 19시,화요일,강원도 원주시 단계동,부상신고사고,0,0,0,1,차대차 - 측면충돌,교차로운행방법위반,건조,맑음,교차로 - 교차로안,승용,여,55세,기타불명,승용,여,54세,부상신고
2017101700100591,2017년 10월 17일 20시,화요일,강원도 춘천시 석사동,경상사고,0,0,2,0,차대차 - 기타,기타,건조,맑음,교차로 - 교차로안,승용,남,41세,상해없음,승용,남,36세,경상
2017101700100623,2017년 10월 17일 21시,화요일,강원도 원주시 반곡동,부상신고사고,0,0,0,1,차대차 - 기타,안전운전불이행,건조,맑음,단일로 - 기타,승용,남,40세,상해없음,자전거,남,40세,부상신고
2017101800100138,2017년 10월 18일 08시,수요일,강원도 원주시 무실동,경상사고,0,0,3,0,차대차 - 측면충돌,안전운전불이행,건조,맑음,단일로 - 기타,승용,여,50세,상해없음,승용,남,37세,경상
2017101800100139,2017년 10월 18일 08시,수요일,강원도 속초시 청호동,중상사고,0,1,0,0,차대차 - 측면충돌,직진우회전진행방해,건조,맑음,교차로 - 교차로안,승용,남,69세,상해없음,승용,여,24세,중상
2017101800100140,2017년 10월 18일 08시,수요일,강원도 양양군 서면,중상사고,0,1,0,0,차대차 - 측면충돌,안전운전불이행,건조,맑음,단일로 - 기타,승용,남,47세,상해없음,자전거,남,73세,중상
2017101800100177,2017년 10월 18일 09시,수요일,강원도 동해시 송정동,사망사고,1,0,0,0,차대사람 - 기타,안전운전불이행,젖음/습기,흐림,단일로 - 기타,승합,남,35세,상해없음,보행자,여,64세,사망
2017101800100194,2017년 10월 18일 10시,수요일,강원도 춘천시 신동,경상사고,0,0,2,0,차대차 - 측면충돌,안전운전불이행,건조,맑음,교차로 - 교차로안,승용,남,63세,경상,승용,여,49세,경상
2017101800100195,2017년 10월 18일 10시,수요일,강원도 동해시 천곡동,경상사고,0,0,1,0,차대차 - 측면충돌,교차로운행방법위반,건조,맑음,교차로 - 교차로안,승용,남,61세,상해없음,자전거,여,70세,경상
2017101800100224,2017년 10월 18일 11시,수요일,강원도 원주시 흥업면,중상사고,0,1,0,0,차량단독 - 전도전복,안전운전불이행,건조,맑음,단일로 - 기타,승용,남,65세,상해없음,미분류,미분류,미분류,미분류
2017101800100225,2017년 10월 18일 11시,수요일,강원도 삼척시 남양동,경상사고,0,0,1,0,차대차 - 측면충돌,안전운전불이행,건조,맑음,단일로 - 기타,승용,남,62세,상해없음,자전거,남,62세,경상
2017101800100249,2017년 10월 18일 12시,수요일,강원도 홍천군 홍천읍,중상사고,0,1,1,0,차대차 - 기타,차로위반,건조,맑음,교차로 - 교차로안,승용,남,72세,상해없음,승용,남,73세,경상
2017101800100250,2017년 10월 18일 12시,수요일,강원도 동해시 천곡동,경상사고,0,0,1,0,차대차 - 측면충돌,안전운전불이행,건조,맑음,교차로 - 교차로안,승용,남,50세,상해없음,이륜,남,55세,경상
2017101800100306,2017년 10월 18일 14시,수요일,강원도 속초시 교동,경상사고,0,0,1,0,차대차 - 측면충돌,차로위반,건조,맑음,기타 - 기타,승용,남,42세,상해없음,이륜,남,24세,경상
2017101800100307,2017년 10월 18일 14시,수요일,강원도 동해시 평릉동,중상사고,0,1,0,0,차대차 - 측면충돌,안전운전불이행,건조,맑음,단일로 - 기타,자전거,남,78세,중상,승합,남,46세,상해없음
2017101800100335,2017년 10월 18일 15시,수요일,강원도 춘천시 신북읍,경상사고,0,0,2,0,차대차 - 측면충돌,기타,건조,맑음,교차로 - 교차로안,화물,남,54세,상해없음,승용,남,82세,경상
2017101800100388,2017년 10월 18일 17시,수요일,강원도 원주시 소초면,중상사고,0,2,0,0,차대차 - 측면충돌,교차로운행방법위반,건조,맑음,교차로 - 교차로부근,승용,여,39세,상해없음,승용,여,51세,중상
2017101800100440,2017년 10월 18일 18시,수요일,강원도 춘천시 석사동,경상사고,0,0,1,0,차대차 - 측면충돌,신호위반,건조,맑음,교차로 - 교차로안,승용,여,46세,상해없음,이륜,남,31세,경상
2017101800100441,2017년 10월 18일 18시,수요일,강원도 강릉시 성산면,경상사고,0,0,2,0,차대차 - 정면충돌,중앙선침범,젖음/습기,비,기타 - 기타,승용,남,60세,상해없음,승용,남,38세,경상
2017101800100498,2017년 10월 18일 19시,수요일,강원도 삼척시 남양동,중상사고,0,1,0,0,차대사람 - 보도통행중,신호위반,젖음/습기,비,교차로 - 교차로횡단보도내,승용,남,77세,상해없음,보행자,여,69세,중상
2017101800100499,2017년 10월 18일 19시,수요일,강원도 횡성군 횡성읍,중상사고,0,1,0,0,차대사람 - 횡단중,보행자보호의무위반,젖음/습기,비,교차로 - 교차로횡단보도내,승용,남,43세,상해없음,보행자,남,71세,중상
2017101800100534,2017년 10월 18일 20시,수요일,강원도 춘천시 석사동,경상사고,0,0,1,0,차대차 - 측면충돌,안전운전불이행,젖음/습기,비,교차로 - 교차로부근,승용,남,61세,상해없음,승용,남,29세,경상
2017101800100535,2017년 10월 18일 20시,수요일,강원도 춘천시 효자동,경상사고,0,0,1,0,차대사람 - 횡단중,보행자보호의무위반,젖음/습기,비,단일로 - 기타,이륜,남,50세,상해없음,보행자,남,22세,경상
2017101800100536,2017년 10월 18일 20시,수요일,강원도 춘천시 퇴계동,경상사고,0,0,1,0,차대사람 - 기타,중앙선침범,젖음/습기,비,단일로 - 기타,승용,남,52세,상해없음,보행자,남,49세,경상
2017101800100537,2017년 10월 18일 20시,수요일,강원도 속초시 동명동,경상사고,0,0,1,0,차대차 - 측면충돌,안전운전불이행,건조,맑음,주차장 - 주차장,승합,남,73세,상해없음,승용,남,28세,경상
2017101800100573,2017년 10월 18일 21시,수요일,강원도 춘천시 소양로1가,경상사고,0,0,3,1,차대차 - 추돌,안전운전불이행,건조,맑음,단일로 - 기타,승용,남,46세,상해없음,승용,남,76세,부상신고
2017101800100574,2017년 10월 18일 21시,수요일,강원도 홍천군 홍천읍,중상사고,0,1,0,0,차대차 - 추돌,안전운전불이행,젖음/습기,비,교차로 - 교차로부근,화물,남,46세,상해없음,승용,남,43세,중상
2017101800100600,2017년 10월 18일 22시,수요일,강원도 춘천시 후평동,경상사고,0,0,1,1,차대차 - 측면충돌,안전운전불이행,젖음/습기,비,교차로 - 교차로안,승용,남,50세,부상신고,승용,남,57세,경상
2017101900100027,2017년 10월 19일 00시,목요일,강원도 춘천시 석사동,경상사고,0,0,3,0,차대차 - 기타,교차로운행방법위반,건조,맑음,교차로 - 교차로안,승용,여,46세,상해없음,승용,남,40세,경상
2017101900100146,2017년 10월 19일 08시,목요일,강원도 춘천시 우두동,경상사고,0,0,1,0,차대차 - 측면충돌,안전운전불이행,건조,맑음,교차로 - 교차로횡단보도내,승용,남,72세,상해없음,자전거,남,12세,경상
2017101900100147,2017년 10월 19일 08시,목요일,강원도 평창군 대관령면,경상사고,0,0,1,0,차대차 - 측면충돌,안전운전불이행,건조,맑음,단일로 - 기타,승용,남,57세,상해없음,화물,남,48세,경상
2017101900100200,2017년 10월 19일 09시,목요일,강원도 속초시 조양동,중상사고,0,1,0,0,차대차 - 측면충돌,안전운전불이행,건조,맑음,교차로 - 교차로안,화물,남,41세,상해없음,자전거,여,48세,중상
2017101900100232,2017년 10월 19일 10시,목요일,강원도 강릉시 연곡면,경상사고,0,0,2,0,차대차 - 추돌,안전운전불이행,건조,맑음,단일로 - 기타,승용,남,40세,상해없음,승용,남,29세,경상
2017101900100233,2017년 10월 19일 10시,목요일,강원도 강릉시 노암동,경상사고,0,0,1,0,차대차 - 후진중충돌,안전운전불이행,건조,맑음,단일로 - 기타,건설기계,남,50세,상해없음,승용,여,53세,경상
2017101900100262,2017년 10월 19일 11시,목요일,강원도 동해시 효가동,경상사고,0,0,1,0,차대사람 - 기타,기타,건조,맑음,단일로 - 기타,승합,남,58세,상해없음,보행자,남,57세,경상
2017101900100279,2017년 10월 19일 12시,목요일,강원도 춘천시 중앙로2가,경상사고,0,0,1,0,차대차 - 추돌,안전운전불이행,건조,맑음,교차로 - 교차로부근,승용,남,51세,상해없음,승합,남,56세,경상
2017101900100280,2017년 10월 19일 12시,목요일,강원도 양양군 강현면,경상사고,0,0,1,0,차대차 - 측면충돌,안전운전불이행,건조,맑음,교차로 - 교차로안,승용,남,74세,상해없음,승합,남,47세,상해없음
2017101900100299,2017년 10월 19일 13시,목요일,강원도 삼척시 정상동,경상사고,0,0,1,0,차대차 - 정면충돌,신호위반,건조,맑음,교차로 - 교차로안,승용,남,31세,상해없음,승용,남,41세,경상
2017101900100320,2017년 10월 19일 14시,목요일,강원도 강릉시 강동면,경상사고,0,0,1,0,차대사람 - 기타,안전운전불이행,건조,맑음,단일로 - 기타,승용,남,37세,상해없음,보행자,여,62세,경상
2017101900100358,2017년 10월 19일 15시,목요일,강원도 삼척시 교동,경상사고,0,0,1,0,차대차 - 측면충돌,안전거리미확보,건조,맑음,교차로 - 교차로부근,승용,남,83세,상해없음,승용,남,63세,경상
2017101900100405,2017년 10월 19일 16시,목요일,강원도 춘천시 후평동,경상사고,0,0,1,0,차대차 - 기타,기타,건조,맑음,단일로 - 기타,화물,남,57세,상해없음,자전거,남,25세,경상
2017101900100406,2017년 10월 19일 16시,목요일,강원도 강릉시 송정동,경상사고,0,0,1,0,차대차 - 추돌,안전운전불이행,건조,맑음,단일로 - 기타,승용,여,45세,상해없음,자전거,남,12세,경상
2017101900100407,2017년 10월 19일 16시,목요일,강원도 원주시 명륜동,경상사고,0,0,1,0,차대차 - 측면충돌,안전운전불이행,건조,맑음,교차로 - 교차로안,승용,여,55세,상해없음,이륜,남,26세,경상
2017101900100443,2017년 10월 19일 17시,목요일,강원도 춘천시 사농동,중상사고,0,1,0,0,차대사람 - 횡단중,안전운전불이행,건조,맑음,기타 - 기타,자전거,남,11세,상해없음,보행자,남,54세,중상
2017101900100444,2017년 10월 19일 17시,목요일,강원도 원주시 개운동,중상사고,0,1,0,0,차대사람 - 횡단중,안전운전불이행,건조,맑음,단일로 - 기타,승용,여,34세,상해없음,보행자,여,58세,중상
2017101900100445,2017년 10월 19일 17시,목요일,강원도 홍천군 내면,중상사고,0,1,0,0,차대차 - 측면충돌,안전운전불이행,건조,맑음,단일로 - 기타,화물,남,44세,상해없음,이륜,남,84세,중상
2017101900100483,2017년 10월 19일 18시,목요일,강원도 춘천시 온의동,경상사고,0,0,2,0,차대차 - 측면충돌,안전운전불이행,건조,맑음,단일로 - 기타,승용,남,46세,상해없음,승용,남,62세,경상
2017101900100484,2017년 10월 19일 18시,목요일,강원도 홍천군 동면,경상사고,0,0,1,0,차대사람 - 기타,안전운전불이행,건조,맑음,단일로 - 기타,화물,남,54세,상해없음,보행자,남,82세,경상
2017101900100485,2017년 10월 19일 18시,목요일,강원도 철원군 철원읍,중상사고,0,1,1,0,차대차 - 추돌,안전운전불이행,건조,맑음,단일로 - 기타,원동기,남,19세,경상,승용,남,42세,중상
2017101900100550,2017년 10월 19일 19시,목요일,강원도 철원군 김화읍,중상사고,0,1,0,0,차대차 - 측면충돌,직진우회전진행방해,건조,맑음,교차로 - 교차로안,승용,여,22세,상해없음,승용,남,30세,중상
2017101900100579,2017년 10월 19일 20시,목요일,강원도 평창군 대관령면,중상사고,0,5,0,0,차대차 - 추돌,안전운전불이행,건조,맑음,단일로 - 기타,승용,남,52세,상해없음,승용,남,73세,중상
2017101900100604,2017년 10월 19일 21시,목요일,강원도 춘천시 동면,경상사고,0,0,1,0,차대차 - 측면충돌,신호위반,건조,맑음,교차로 - 교차로안,승용,남,45세,상해없음,화물,남,40세,상해없음
2017101900100605,2017년 10월 19일 21시,목요일,강원도 홍천군 홍천읍,중상사고,0,2,2,0,차대차 - 기타,안전운전불이행,건조,맑음,단일로 - 기타,화물,남,65세,상해없음,승용,남,70세,경상
2017101900100635,2017년 10월 19일 22시,목요일,강원도 춘천시 퇴계동,경상사고,0,0,1,0,차량단독 - 기타,안전운전불이행,건조,맑음,단일로 - 기타,승용,남,38세,상해없음,,,,
2017101900100636,2017년 10월 19일 22시,목요일,강원도 강릉시 회산동,경상사고,0,0,4,0,차대차 - 추돌,안전운전불이행,건조,맑음,교차로 - 교차로부근,화물,남,40세,상해없음,승용,남,40세,경상
2017101900100661,2017년 10월 19일 23시,목요일,강원도 원주시 단계동,경상사고,0,0,1,0,차대사람 - 기타,안전운전불이행,건조,맑음,교차로 - 교차로안,승용,남,37세,상해없음,보행자,남,20세,경상
2017102000100032,2017년 10월 20일 00시,금요일,강원도 원주시 개운동,경상사고,0,0,1,0,차대차 - 측면충돌,신호위반,건조,맑음,교차로 - 교차로안,승용,남,30세,상해없음,승용,남,44세,경상
2017102000100047,2017년 10월 20일 01시,금요일,강원도 춘천시 석사동,경상사고,0,0,1,1,차대차 - 추돌,안전운전불이행,건조,맑음,단일로 - 기타,승용,남,28세,부상신고,화물,남,53세,경상
2017102000100065,2017년 10월 20일 04시,금요일,강원도 속초시 교동,중상사고,0,1,0,0,차대사람 - 횡단중,안전운전불이행,건조,맑음,교차로 - 교차로부근,승용,남,77세,상해없음,보행자,여,63세,중상
2017102000100110,2017년 10월 20일 07시,금요일,강원도 원주시 원동,경상사고,0,0,2,0,차대차 - 측면충돌,신호위반,건조,맑음,교차로 - 교차로안,승용,여,69세,기타불명,승용,남,55세,경상
2017102000100149,2017년 10월 20일 08시,금요일,강원도 원주시 명륜동,경상사고,0,0,1,0,차대사람 - 횡단중,보행자보호의무위반,건조,맑음,교차로 - 교차로횡단보도내,승용,남,62세,상해없음,보행자,여,49세,경상
2017102000100150,2017년 10월 20일 08시,금요일,강원도 속초시 교동,경상사고,0,0,1,0,차대사람 - 횡단중,안전운전불이행,건조,맑음,단일로 - 기타,승용,여,45세,상해없음,보행자,남,9세,경상
2017102000100151,2017년 10월 20일 08시,금요일,강원도 동해시 이로동,중상사고,0,1,0,0,차대사람 - 횡단중,안전운전불이행,건조,맑음,교차로 - 교차로부근,승합,남,72세,상해없음,보행자,여,39세,중상
2017102000100228,2017년 10월 20일 10시,금요일,강원도 횡성군 횡성읍,중상사고,0,1,1,0,차대차 - 기타,안전운전불이행,건조,맑음,단일로 - 기타,화물,남,74세,상해없음,원동기,남,73세,경상
2017102000100265,2017년 10월 20일 11시,금요일,강원도 춘천시 동면,경상사고,0,0,1,0,차대차 - 추돌,안전거리미확보,건조,맑음,교차로 - 교차로부근,승용,남,53세,상해없음,승용,남,71세,경상
2017102000100266,2017년 10월 20일 11시,금요일,강원도 원주시 학성동,경상사고,0,0,1,0,차대차 - 측면충돌,안전운전불이행,건조,맑음,교차로 - 교차로안,화물,남,54세,상해없음,자전거,남,26세,경상
2017102000100267,2017년 10월 20일 11시,금요일,강원도 영월군 남면,경상사고,0,0,1,0,차대차 - 추돌,안전거리미확보,건조,맑음,단일로 - 기타,승합,남,54세,상해없음,승용,남,36세,경상
2017102000100268,2017년 10월 20일 11시,금요일,강원도 정선군 고한읍,경상사고,0,0,1,0,차대차 - 정면충돌,중앙선침범,건조,맑음,단일로 - 기타,승용,여,42세,상해없음,승용,남,22세,경상
2017102000100306,2017년 10월 20일 12시,금요일,강원도 원주시 개운동,경상사고,0,0,1,0,차대차 - 측면충돌,교차로운행방법위반,건조,맑음,교차로 - 교차로안,화물,남,58세,상해없음,승용,여,50세,경상
2017102000100307,2017년 10월 20일 12시,금요일,강원도 홍천군 두촌면,경상사고,0,0,1,0,차대차 - 기타,안전거리미확보,건조,맑음,교차로 - 교차로부근,화물,남,63세,상해없음,승용,남,40세,경상
2017102000100384,2017년 10월 20일 14시,금요일,강원도 원주시 흥업면,경상사고,0,0,1,0,차대차 - 추돌,안전운전불이행,건조,맑음,단일로 - 기타,승용,남,53세,상해없음,승용,남,43세,경상
2017102000100385,2017년 10월 20일 14시,금요일,강원도 원주시 문막읍,중상사고,0,1,1,0,차대차 - 측면충돌,안전운전불이행,건조,맑음,단일로 - 기타,특수,남,53세,상해없음,승용,남,21세,중상
2017102000100522,2017년 10월 20일 17시,금요일,강원도 춘천시 동면,경상사고,0,0,1,0,차대차 - 추돌,안전거리미확보,건조,맑음,단일로 - 기타,승용,남,29세,상해없음,승용,여,52세,경상
2017102000100523,2017년 10월 20일 17시,금요일,강원도 철원군 근남면,경상사고,0,0,1,0,차대차 - 측면충돌,안전운전불이행,건조,맑음,교차로 - 교차로안,농기계,남,59세,상해없음,승용,남,40세,경상
2017102000100579,2017년 10월 20일 18시,금요일,강원도 춘천시 소양로1가,경상사고,0,0,1,0,차대차 - 추돌,안전운전불이행,건조,맑음,교차로 - 교차로부근,승합,남,67세,상해없음,이륜,남,33세,경상
2017102000100580,2017년 10월 20일 18시,금요일,강원도 춘천시 동내면,중상사고,0,1,0,0,차대차 - 측면충돌,안전거리미확보,건조,맑음,교차로 - 교차로부근,승용,여,44세,상해없음,승용,여,49세,중상
2017102000100581,2017년 10월 20일 18시,금요일,강원도 강릉시 포남동,경상사고,0,0,3,0,차대차 - 측면충돌,중앙선침범,건조,맑음,단일로 - 기타,화물,남,59세,상해없음,승용,여,45세,경상
2017102000100647,2017년 10월 20일 19시,금요일,강원도 원주시 봉산동,경상사고,0,0,1,0,차대사람 - 길가장자리구역통행중,안전운전불이행,건조,맑음,단일로 - 기타,승용,남,59세,상해없음,보행자,남,60세,경상
2017102000100648,2017년 10월 20일 19시,금요일,강원도 홍천군 서석면,중상사고,0,1,0,0,차대사람 - 차도통행중,안전운전불이행,건조,맑음,단일로 - 기타,화물,남,47세,상해없음,보행자,남,62세,중상
2017102000100649,2017년 10월 20일 19시,금요일,강원도 횡성군 안흥면,사망사고,1,0,0,0,차대사람 - 차도통행중,안전운전불이행,건조,맑음,단일로 - 기타,승용,남,58세,상해없음,보행자,여,76세,사망
2017102000100730,2017년 10월 20일 21시,금요일,강원도 춘천시 석사동,부상신고사고,0,0,0,1,차대차 - 측면충돌,안전운전불이행,건조,맑음,교차로 - 교차로횡단보도내,승용,남,60세,상해없음,이륜,남,52세,부상신고
2017102000100802,2017년 10월 20일 23시,금요일,강원도 강릉시 견소동,부상신고사고,0,0,0,1,차대사람 - 횡단중,안전운전불이행,건조,맑음,교차로 - 교차로부근,승용,남,21세,상해없음,보행자,남,26세,부상신고
2017102100100050,2017년 10월 21일 01시,토요일,강원도 동해시 천곡동,중상사고,0,1,2,0,차대사람 - 기타,안전운전불이행,건조,맑음,단일로 - 기타,승용,남,22세,상해없음,보행자,여,25세,경상
2017102100100107,2017년 10월 21일 04시,토요일,강원도 철원군 철원읍,중상사고,0,1,0,0,차대사람 - 횡단중,보행자보호의무위반,건조,맑음,단일로 - 기타,승용,남,49세,상해없음,보행자,여,78세,중상
2017102100100300,2017년 10월 21일 11시,토요일,강원도 춘천시 퇴계동,중상사고,0,1,0,0,차대차 - 기타,중앙선침범,건조,맑음,단일로 - 기타,승용,여,40세,상해없음,이륜,남,52세,중상
2017102100100301,2017년 10월 21일 11시,토요일,강원도 삼척시 남양동,중상사고,0,1,0,0,차대차 - 측면충돌,직진우회전진행방해,건조,맑음,교차로 - 교차로안,자전거,남,84세,중상,승용,여,57세,상해없음
2017102100100338,2017년 10월 21일 12시,토요일,강원도 춘천시 퇴계동,경상사고,0,0,1,3,차대차 - 측면충돌,안전운전불이행,건조,맑음,교차로 - 교차로부근,승용,남,43세,부상신고,이륜,남,28세,경상
2017102100100339,2017년 10월 21일 12시,토요일,강원도 원주시 흥업면,경상사고,0,0,4,0,차대차 - 추돌,안전거리미확보,건조,맑음,교차로 - 교차로부근,승용,남,69세,상해없음,승용,남,71세,경상
2017102100100340,2017년 10월 21일 12시,토요일,강원도 삼척시 남양동,중상사고,0,2,0,0,차대차 - 측면충돌,기타,건조,맑음,교차로 - 교차로안,승용,여,65세,상해없음,승용,여,37세,중상
2017102100100377,2017년 10월 21일 13시,토요일,강원도 원주시 단계동,부상신고사고,0,0,0,1,차대차 - 측면충돌,교차로운행방법위반,건조,맑음,교차로 - 교차로안,승용,남,29세,상해없음,승용,남,55세,상해없음
2017102100100416,2017년 10월 21일 14시,토요일,강원도 춘천시 효자동,경상사고,0,0,1,0,차대차 - 기타,교차로운행방법위반,건조,맑음,교차로 - 교차로안,승용,남,29세,상해없음,자전거,여,24세,경상
2017102100100417,2017년 10월 21일 14시,토요일,강원도 홍천군 내면,중상사고,0,1,0,0,차대사람 - 기타,안전운전불이행,건조,맑음,단일로 - 기타,승용,여,34세,상해없음,보행자,여,27세,중상
2017102100100418,2017년 10월 21일 14시,토요일,강원도 인제군 인제읍,경상사고,0,0,1,0,차대차 - 후진중충돌,불법유턴,건조,맑음,단일로 - 기타,승용,여,46세,상해없음,승용,남,35세,상해없음
2017102100100543,2017년 10월 21일 17시,토요일,강원도 원주시 중앙동,경상사고,0,0,2,0,차대차 - 추돌,신호위반,건조,맑음,교차로 - 교차로안,승용,남,43세,상해없음,승용,남,61세,경상
2017102100100544,2017년 10월 21일 17시,토요일,강원도 원주시 소초면,중상사고,0,2,0,0,차대차 - 측면충돌,직진우회전진행방해,건조,맑음,교차로 - 교차로안,승용,남,80세,상해없음,승용,여,50세,중상
2017102100100545,2017년 10월 21일 17시,토요일,강원도 원주시 판부면,중상사고,0,1,0,1,차대차 - 추돌,중앙선침범,건조,맑음,단일로 - 기타,승용,여,45세,상해없음,화물,남,46세,중상
2017102100100546,2017년 10월 21일 17시,토요일,강원도 고성군 죽왕면,중상사고,0,1,0,0,차대차 - 추돌,안전운전불이행,건조,맑음,단일로 - 기타,승합,남,56세,상해없음,승용,남,49세,상해없음
2017102100100594,2017년 10월 21일 18시,토요일,강원도 강릉시 주문진읍,경상사고,0,0,1,0,차대차 - 측면충돌,안전운전불이행,건조,맑음,교차로 - 교차로안,승용,여,42세,상해없음,승용,여,43세,경상
2017102100100595,2017년 10월 21일 18시,토요일,강원도 원주시 명륜동,경상사고,0,0,5,0,차대차 - 추돌,안전운전불이행,건조,맑음,단일로 - 기타,승용,남,56세,상해없음,승용,남,50세,경상
2017102100100685,2017년 10월 21일 20시,토요일,강원도 춘천시 남면,중상사고,0,12,46,0,차대차 - 추돌,안전거리미확보,건조,맑음,단일로 - 기타,승합,남,62세,상해없음,승합,남,54세,경상
2017102100100703,2017년 10월 21일 21시,토요일,강원도 원주시 소초면,경상사고,0,0,2,0,차대차 - 추돌,안전운전불이행,건조,맑음,단일로 - 기타,승용,남,53세,상해없음,승용,남,51세,경상
2017102200100036,2017년 10월 22일 00시,일요일,강원도 춘천시 후평동,경상사고,0,0,1,0,차량단독 - 공작물충돌,안전운전불이행,건조,맑음,교차로 - 교차로안,승용,남,16세,상해없음,,,,
2017102200100037,2017년 10월 22일 00시,일요일,강원도 춘천시 우두동,경상사고,0,0,2,0,차량단독 - 공작물충돌,안전운전불이행,건조,맑음,단일로 - 기타,승용,여,53세,상해없음,,,,
2017102200100038,2017년 10월 22일 00시,일요일,강원도 원주시 단계동,경상사고,0,0,1,0,차대차 - 정면충돌,중앙선침범,건조,맑음,교차로 - 교차로부근,승용,남,47세,상해없음,승용,남,40세,경상
2017102200100088,2017년 10월 22일 04시,일요일,강원도 속초시 조양동,경상사고,0,0,1,0,차대사람 - 길가장자리구역통행중,안전운전불이행,건조,맑음,단일로 - 기타,승용,남,30세,상해없음,보행자,남,44세,경상
2017102200100100,2017년 10월 22일 05시,일요일,강원도 강릉시 옥천동,중상사고,0,1,0,0,차대차 - 기타,안전운전불이행,건조,맑음,교차로 - 교차로안,승용,남,71세,상해없음,이륜,남,23세,중상
2017102200100107,2017년 10월 22일 06시,일요일,강원도 양양군 양양읍,경상사고,0,0,1,0,차대사람 - 횡단중,안전운전불이행,건조,맑음,교차로 - 교차로부근,승용,남,44세,상해없음,보행자,남,61세,경상
2017102200100134,2017년 10월 22일 08시,일요일,강원도 횡성군 공근면,중상사고,0,1,0,0,차대차 - 기타,직진우회전진행방해,건조,맑음,교차로 - 교차로안,화물,남,49세,상해없음,자전거,남,74세,중상
2017102200100135,2017년 10월 22일 08시,일요일,강원도 원주시 문막읍,경상사고,0,0,1,0,차대차 - 후진중충돌,안전운전불이행,건조,맑음,기타 - 기타,승용,남,56세,상해없음,승용,여,61세,경상
2017102200100154,2017년 10월 22일 09시,일요일,강원도 철원군 동송읍,중상사고,0,1,1,0,차대차 - 측면충돌,기타,건조,맑음,교차로 - 교차로안,승합,여,50세,중상,화물,남,45세,경상
2017102200100175,2017년 10월 22일 10시,일요일,강원도 횡성군 횡성읍,중상사고,0,2,0,0,차량단독 - 전도전복,안전운전불이행,건조,맑음,단일로 - 기타,승용,남,64세,중상,미분류,미분류,미분류,미분류
2017102200100176,2017년 10월 22일 10시,일요일,강원도 인제군 인제읍,중상사고,0,1,0,0,차대차 - 추돌,안전운전불이행,건조,맑음,단일로 - 터널,승용,남,73세,상해없음,자전거,남,57세,중상
2017102200100199,2017년 10월 22일 11시,일요일,강원도 철원군 철원읍,경상사고,0,0,1,0,차대차 - 측면충돌,직진우회전진행방해,건조,맑음,교차로 - 교차로안,승용,남,76세,상해없음,승용,남,56세,경상
2017102200100224,2017년 10월 22일 12시,일요일,강원도 속초시 조양동,경상사고,0,0,4,0,차대차 - 측면충돌,안전운전불이행,건조,맑음,기타 - 기타,화물,남,83세,상해없음,승용,남,74세,상해없음
2017102200100249,2017년 10월 22일 13시,일요일,강원도 양양군 현북면,중상사고,0,1,0,0,차대사람 - 횡단중,안전운전불이행,건조,맑음,단일로 - 터널,승용,여,56세,상해없음,보행자,여,61세,중상
2017102200100250,2017년 10월 22일 13시,일요일,강원도 평창군 평창읍,중상사고,0,1,0,0,차대차 - 측면충돌,안전운전불이행,건조,맑음,단일로 - 기타,화물,남,65세,상해없음,이륜,여,73세,중상
2017102200100251,2017년 10월 22일 13시,일요일,강원도 정선군 임계면,중상사고,0,1,0,0,차량단독 - 기타,안전운전불이행,건조,맑음,단일로 - 기타,승합,남,50세,상해없음,,,,
2017102200100293,2017년 10월 22일 14시,일요일,강원도 강릉시 주문진읍,중상사고,0,3,0,0,차대차 - 측면충돌,안전운전불이행,건조,맑음,단일로 - 기타,승용,남,66세,상해없음,승용,여,63세,중상
2017102200100334,2017년 10월 22일 15시,일요일,강원도 춘천시 석사동,경상사고,0,0,1,0,차대차 - 측면충돌,신호위반,건조,맑음,교차로 - 교차로안,승용,남,58세,상해없음,원동기,남,22세,경상