사고번호,사고일시,요일,시군구,사고내용,사망자수,중상자수,경상자수,부상신고자수,사고유형,법규위반,노면상태,기상상태,도로형태,가해운전자 차종,가해운전자 성별,가해운전자 연령,가해운전자 상해정도,피해운전자 차종,피해운전자 성별,피해운전자 연령,피해운전자 상해정도
2017102200100335,2017년 10월 22일 15시,일요일,강원도 영월군 영월읍,경상사고,0,0,2,0,차대차 - 측면충돌,교차로운행방법위반,건조,맑음,교차로 - 교차로안,승용,남,51세,상해없음,승용,남,30세,경상
2017102200100336,2017년 10월 22일 15시,일요일,강원도 홍천군 동면,중상사고,0,4,7,0,차대차 - 측면충돌,차로위반,건조,맑음,단일로 - 터널,화물,남,50세,상해없음,승합,남,45세,상해없음
2017102200100376,2017년 10월 22일 16시,일요일,강원도 원주시 태장동,중상사고,0,1,0,0,차량단독 - 전도전복,안전운전불이행,건조,맑음,단일로 - 기타,이륜,남,32세,중상,미분류,미분류,미분류,미분류
2017102200100377,2017년 10월 22일 16시,일요일,강원도 홍천군 홍천읍,중상사고,0,1,0,0,차량단독 - 공작물충돌,안전운전불이행,건조,맑음,단일로 - 기타,승합,남,63세,상해없음,,,,
2017102200100378,2017년 10월 22일 16시,일요일,강원도 횡성군 횡성읍,경상사고,0,0,1,0,차대사람 - 기타,안전운전불이행,건조,맑음,단일로 - 기타,승용,남,56세,상해없음,보행자,남,39세,경상
2017102200100408,2017년 10월 22일 17시,일요일,강원도 홍천군 홍천읍,중상사고,0,1,0,0,차량단독 - 기타,기타,건조,맑음,단일로 - 기타,승합,남,49세,상해없음,,,,
2017102200100445,2017년 10월 22일 18시,일요일,강원도 춘천시 석사동,경상사고,0,0,1,0,차대차 - 기타,직진우회전진행방해,건조,맑음,교차로 - 교차로안,승용,남,35세,상해없음,이륜,남,63세,경상
2017102200100446,2017년 10월 22일 18시,일요일,강원도 강릉시 구정면,사망사고,1,0,0,0,차대사람 - 기타,안전운전불이행,건조,흐림,단일로 - 교량,승용,여,44세,상해없음,보행자,여,77세,사망
2017102200100447,2017년 10월 22일 18시,일요일,강원도 강릉시 주문진읍,경상사고,0,0,3,0,차대차 - 추돌,안전운전불이행,건조,맑음,단일로 - 기타,승용,남,58세,상해없음,승용,여,43세,경상
2017102200100448,2017년 10월 22일 18시,일요일,강원도 원주시 단구동,경상사고,0,0,2,0,차대차 - 추돌,안전운전불이행,건조,맑음,교차로 - 교차로부근,승용,남,34세,경상,승용,남,25세,경상
2017102200100449,2017년 10월 22일 18시,일요일,강원도 원주시 태장동,경상사고,0,0,2,0,차대차 - 추돌,안전거리미확보,건조,맑음,단일로 - 기타,승용,남,48세,상해없음,승용,남,41세,경상
2017102200100450,2017년 10월 22일 18시,일요일,강원도 평창군 평창읍,중상사고,0,1,3,0,차대차 - 추돌,안전운전불이행,건조,맑음,단일로 - 기타,승용,남,51세,경상,화물,남,53세,경상
2017102200100571,2017년 10월 22일 22시,일요일,강원도 춘천시 후평동,경상사고,0,0,1,0,차대차 - 측면충돌,중앙선침범,건조,맑음,단일로 - 기타,승용,여,27세,상해없음,승용,여,46세,경상
2017102200100586,2017년 10월 22일 23시,일요일,강원도 춘천시 운교동,경상사고,0,0,1,0,차대차 - 기타,안전운전불이행,건조,맑음,교차로 - 교차로안,이륜,남,22세,상해없음,승용,남,27세,경상
2017102300100024,2017년 10월 23일 00시,월요일,강원도 춘천시 서면,경상사고,0,0,1,0,차대차 - 추돌,과속,건조,맑음,단일로 - 교량,승용,남,29세,상해없음,승용,남,30세,경상
2017102300100129,2017년 10월 23일 08시,월요일,강원도 횡성군 횡성읍,경상사고,0,0,1,0,차대차 - 측면충돌,안전운전불이행,건조,맑음,단일로 - 기타,승용,남,35세,경상,화물,남,67세,상해없음
2017102300100180,2017년 10월 23일 09시,월요일,강원도 원주시 관설동,경상사고,0,0,1,0,차대차 - 측면충돌,안전운전불이행,건조,맑음,교차로 - 교차로안,승용,남,45세,상해없음,승용,여,24세,경상
2017102300100204,2017년 10월 23일 10시,월요일,강원도 횡성군 횡성읍,경상사고,0,0,2,0,차대차 - 기타,직진우회전진행방해,건조,맑음,교차로 - 교차로안,승용,남,65세,경상,승합,남,50세,경상
2017102300100237,2017년 10월 23일 11시,월요일,강원도 영월군 중동면,중상사고,0,1,0,0,차대차 - 측면충돌,교차로운행방법위반,건조,맑음,교차로 - 교차로안,승용,남,60세,상해없음,승용,남,61세,중상
2017102300100238,2017년 10월 23일 11시,월요일,강원도 평창군 대관령면,중상사고,0,1,0,0,차대사람 - 횡단중,안전운전불이행,건조,맑음,교차로 - 교차로안,건설기계,남,43세,상해없음,보행자,여,79세,중상
2017102300100239,2017년 10월 23일 11시,월요일,강원도 인제군 북면,중상사고,0,1,0,0,차대차 - 정면충돌,안전운전불이행,건조,맑음,교차로 - 교차로안,승용,남,27세,상해없음,승용,여,33세,중상
2017102300100268,2017년 10월 23일 12시,월요일,강원도 영월군 영월읍,부상신고사고,0,0,0,2,차대차 - 측면충돌,신호위반,건조,맑음,교차로 - 교차로안,승용,남,67세,상해없음,화물,남,33세,부상신고
2017102300100331,2017년 10월 23일 14시,월요일,강원도 춘천시 후평동,중상사고,0,1,0,0,차대차 - 측면충돌,안전운전불이행,건조,맑음,단일로 - 기타,승용,여,35세,상해없음,자전거,남,73세,중상
2017102300100332,2017년 10월 23일 14시,월요일,강원도 춘천시 석사동,경상사고,0,0,1,0,차대차 - 측면충돌,안전운전불이행,건조,맑음,단일로 - 기타,승용,여,31세,상해없음,자전거,남,72세,경상
2017102300100333,2017년 10월 23일 14시,월요일,강원도 원주시 문막읍,중상사고,0,1,2,0,차대차 - 측면충돌,신호위반,건조,맑음,교차로 - 교차로안,이륜,남,25세,상해없음,승용,남,40세,경상
2017102300100334,2017년 10월 23일 14시,월요일,강원도 속초시 청호동,중상사고,0,1,0,0,차대차 - 측면충돌,교차로운행방법위반,건조,맑음,교차로 - 교차로안,승용,여,27세,상해없음,이륜,남,70세,중상
2017102300100335,2017년 10월 23일 14시,월요일,강원도 동해시 천곡동,중상사고,0,2,0,0,차대차 - 측면충돌,신호위반,건조,맑음,교차로 - 교차로안,승용,여,42세,상해없음,승용,여,43세,중상
2017102300100380,2017년 10월 23일 15시,월요일,강원도 강릉시 강동면,경상사고,0,0,1,0,차대차 - 추돌,안전운전불이행,건조,맑음,단일로 - 기타,건설기계,남,77세,상해없음,건설기계,남,43세,경상
2017102300100381,2017년 10월 23일 15시,월요일,강원도 철원군 서면,중상사고,0,1,1,0,차대차 - 후진중충돌,안전운전불이행,건조,맑음,교차로 - 교차로부근,화물,남,43세,상해없음,승용,여,34세,경상
2017102300100427,2017년 10월 23일 16시,월요일,강원도 동해시 지흥동,경상사고,0,0,2,0,차대차 - 추돌,안전거리미확보,건조,맑음,단일로 - 기타,승용,남,24세,상해없음,승용,여,56세,경상
2017102300100466,2017년 10월 23일 17시,월요일,강원도 평창군 평창읍,중상사고,0,2,2,1,차대차 - 추돌,안전운전불이행,건조,맑음,단일로 - 기타,화물,남,65세,상해없음,승용,남,49세,경상
2017102300100524,2017년 10월 23일 18시,월요일,강원도 원주시 중앙동,경상사고,0,0,2,0,차대차 - 측면충돌,안전운전불이행,건조,맑음,단일로 - 기타,승용,남,64세,상해없음,화물,남,60세,경상
2017102300100586,2017년 10월 23일 19시,월요일,강원도 원주시 태장동,경상사고,0,0,1,1,차대차 - 추돌,안전거리미확보,건조,맑음,단일로 - 기타,승합,남,46세,상해없음,승용,남,50세,부상신고
2017102300100625,2017년 10월 23일 20시,월요일,강원도 원주시 단구동,경상사고,0,0,1,0,차대차 - 추돌,안전운전불이행,건조,맑음,교차로 - 교차로부근,승용,남,55세,상해없음,승용,남,46세,경상
2017102300100660,2017년 10월 23일 21시,월요일,강원도 강릉시 교동,중상사고,0,1,0,0,차대차 - 측면충돌,신호위반,건조,맑음,교차로 - 교차로안,승용,여,53세,상해없음,승용,여,31세,중상
2017102300100661,2017년 10월 23일 21시,월요일,강원도 원주시 단계동,경상사고,0,0,1,0,차대사람 - 기타,안전운전불이행,건조,맑음,기타 - 기타,승용,남,83세,상해없음,보행자,남,69세,경상
2017102300100662,2017년 10월 23일 21시,월요일,강원도 원주시 단계동,경상사고,0,0,1,1,차대사람 - 보도통행중,안전운전불이행,건조,맑음,단일로 - 기타,승용,여,26세,상해없음,보행자,남,44세,부상신고
2017102400100109,2017년 10월 24일 07시,화요일,강원도 원주시 무실동,중상사고,0,1,0,0,차대차 - 추돌,안전운전불이행,건조,맑음,단일로 - 기타,화물,남,50세,상해없음,승용,여,58세,중상
2017102400100146,2017년 10월 24일 08시,화요일,강원도 원주시 반곡동,경상사고,0,0,2,0,차대차 - 측면충돌,안전거리미확보,건조,맑음,단일로 - 기타,화물,남,42세,상해없음,승용,여,39세,경상
2017102400100186,2017년 10월 24일 09시,화요일,강원도 평창군 대화면,중상사고,0,2,0,0,차대차 - 측면충돌,중앙선침범,건조,맑음,교차로 - 교차로안,화물,남,32세,상해없음,화물,남,60세,중상
2017102400100232,2017년 10월 24일 10시,화요일,강원도 원주시 단계동,경상사고,0,0,1,0,차대차 - 추돌,직진우회전진행방해,건조,맑음,교차로 - 교차로안,승용,남,52세,상해없음,승용,여,43세,경상
2017102400100287,2017년 10월 24일 12시,화요일,강원도 철원군 갈말읍,중상사고,0,1,0,0,차대차 - 측면충돌,중앙선침범,건조,맑음,교차로 - 교차로안,승용,여,22세,상해없음,승용,여,34세,중상
2017102400100288,2017년 10월 24일 12시,화요일,강원도 동해시 천곡동,경상사고,0,0,1,0,차대차 - 측면충돌,차로위반,건조,맑음,단일로 - 기타,건설기계,남,46세,상해없음,승용,남,56세,경상
2017102400100327,2017년 10월 24일 13시,화요일,강원도 원주시 중앙동,중상사고,0,1,0,0,차대사람 - 기타,안전운전불이행,건조,맑음,교차로 - 교차로안,화물,남,24세,상해없음,보행자,여,66세,중상
2017102400100358,2017년 10월 24일 14시,화요일,강원도 홍천군 서면,경상사고,0,0,1,0,차대차 - 추돌,안전거리미확보,건조,맑음,단일로 - 교량,승용,남,20세,상해없음,승용,여,29세,경상
2017102400100393,2017년 10월 24일 15시,화요일,강원도 횡성군 둔내면,경상사고,0,0,1,0,차대사람 - 횡단중,안전운전불이행,건조,맑음,단일로 - 기타,승용,남,53세,상해없음,보행자,여,11세,경상
2017102400100421,2017년 10월 24일 16시,화요일,강원도 인제군 상남면,경상사고,0,0,1,0,차대차 - 측면충돌,안전운전불이행,건조,맑음,교차로 - 교차로안,승용,여,44세,상해없음,이륜,남,44세,경상
2017102400100460,2017년 10월 24일 17시,화요일,강원도 춘천시 신북읍,경상사고,0,0,1,0,차대차 - 측면충돌,기타,건조,맑음,단일로 - 기타,승용,여,58세,상해없음,자전거,남,7세,경상
2017102400100461,2017년 10월 24일 17시,화요일,강원도 홍천군 북방면,중상사고,0,1,0,0,차량단독 - 기타,안전운전불이행,건조,맑음,단일로 - 기타,승용,여,51세,상해없음,,,,
2017102400100507,2017년 10월 24일 18시,화요일,강원도 원주시 태장동,경상사고,0,0,2,0,차대차 - 추돌,안전거리미확보,건조,맑음,단일로 - 기타,승용,남,37세,상해없음,승용,여,42세,경상
2017102400100508,2017년 10월 24일 18시,화요일,강원도 원주시 문막읍,부상신고사고,0,0,0,1,차대차 - 측면충돌,안전거리미확보,건조,맑음,교차로 - 교차로안,승용,남,17세,부상신고,승용,남,54세,상해없음
2017102400100509,2017년 10월 24일 18시,화요일,강원도 원주시 중앙동,경상사고,0,0,4,0,차대차 - 측면충돌,안전운전불이행,건조,맑음,단일로 - 기타,승용,남,43세,상해없음,승용,남,20세,경상
2017102400100510,2017년 10월 24일 18시,화요일,강원도 동해시 동회동,중상사고,0,2,1,0,차대차 - 추돌,안전거리미확보,건조,맑음,단일로 - 기타,화물,남,33세,상해없음,승용,여,46세,중상
2017102400100570,2017년 10월 24일 19시,화요일,강원도 춘천시 동내면,사망사고,1,0,0,0,차대사람 - 차도통행중,안전운전불이행,건조,맑음,단일로 - 기타,승합,여,74세,상해없음,보행자,남,82세,사망
2017102400100571,2017년 10월 24일 19시,화요일,강원도 원주시 단구동,경상사고,0,0,1,0,차대차 - 추돌,안전거리미확보,건조,맑음,교차로 - 교차로부근,승용,여,20세,상해없음,승합,여,37세,경상
2017102400100572,2017년 10월 24일 19시,화요일,강원도 정선군 정선읍,경상사고,0,0,2,0,차대사람 - 기타,안전운전불이행,건조,맑음,교차로 - 교차로부근,승용,여,51세,상해없음,보행자,남,58세,경상
2017102400100607,2017년 10월 24일 20시,화요일,강원도 춘천시 퇴계동,경상사고,0,0,5,0,차대차 - 측면충돌,신호위반,건조,맑음,교차로 - 교차로안,승용,여,35세,상해없음,승합,남,73세,경상
2017102400100638,2017년 10월 24일 21시,화요일,강원도 원주시 봉산동,경상사고,0,0,4,0,차대차 - 측면충돌,신호위반,건조,맑음,교차로 - 교차로안,승용,남,33세,경상,승용,남,54세,상해없음
2017102400100673,2017년 10월 24일 22시,화요일,강원도 원주시 단구동,중상사고,0,1,0,0,차대사람 - 보도통행중,안전운전불이행,건조,맑음,단일로 - 기타,승용,여,29세,상해없음,보행자,남,24세,중상
2017102400100704,2017년 10월 24일 23시,화요일,강원도 춘천시 효자동,경상사고,0,0,1,0,차대사람 - 횡단중,안전운전불이행,건조,맑음,단일로 - 기타,승용,남,61세,상해없음,보행자,남,31세,경상
2017102400100705,2017년 10월 24일 23시,화요일,강원도 강릉시 임당동,경상사고,0,0,1,0,차대차 - 기타,안전운전불이행,건조,맑음,단일로 - 기타,승용,남,56세,상해없음,승용,남,60세,상해없음
2017102400100706,2017년 10월 24일 23시,화요일,강원도 원주시 단계동,중상사고,0,1,0,0,차대차 - 측면충돌,중앙선침범,건조,맑음,단일로 - 기타,승용,남,31세,상해없음,승용,남,34세,중상
2017102400100707,2017년 10월 24일 23시,화요일,강원도 원주시 단구동,중상사고,0,1,0,0,차대차 - 정면충돌,중앙선침범,건조,맑음,교차로 - 교차로부근,승용,남,33세,상해없음,승용,남,42세,중상
2017102400100708,2017년 10월 24일 23시,화요일,강원도 원주시 개운동,중상사고,0,1,0,0,차대사람 - 기타,안전운전불이행,건조,맑음,단일로 - 기타,기타불명,기타불명,미분류,기타불명,보행자,남,25세,중상
2017102500100101,2017년 10월 25일 07시,수요일,강원도 태백시 황지동,중상사고,0,1,0,0,차대차 - 측면충돌,안전운전불이행,건조,맑음,교차로 - 교차로안,화물,남,69세,상해없음,승용,남,25세,중상
2017102500100147,2017년 10월 25일 08시,수요일,강원도 춘천시 운교동,경상사고,0,0,1,0,차대차 - 기타,안전운전불이행,건조,맑음,단일로 - 기타,승용,남,39세,상해없음,자전거,남,27세,경상
2017102500100191,2017년 10월 25일 09시,수요일,강원도 강릉시 노암동,경상사고,0,0,1,0,차대차 - 측면충돌,안전운전불이행,건조,맑음,단일로 - 기타,승용,남,76세,상해없음,원동기,남,37세,경상
2017102500100192,2017년 10월 25일 09시,수요일,강원도 강릉시 교동,중상사고,0,1,0,0,차대차 - 측면충돌,안전운전불이행,건조,맑음,교차로 - 교차로부근,승용,남,77세,상해없음,이륜,남,81세,중상
2017102500100232,2017년 10월 25일 10시,수요일,강원도 원주시 단구동,중상사고,0,1,0,0,차대차 - 기타,차로위반,건조,맑음,교차로 - 교차로부근,승합,남,미분류,상해없음,이륜,남,23세,중상
2017102500100265,2017년 10월 25일 11시,수요일,강원도 원주시 반곡동,경상사고,0,0,1,1,차대차 - 측면충돌,중앙선침범,건조,맑음,교차로 - 교차로안,승용,여,49세,상해없음,승용,남,57세,경상
2017102500100266,2017년 10월 25일 11시,수요일,강원도 속초시 교동,경상사고,0,0,1,0,차대차 - 측면충돌,안전운전불이행,건조,맑음,단일로 - 기타,승합,남,65세,상해없음,승용,남,42세,경상
2017102500100304,2017년 10월 25일 12시,수요일,강원도 춘천시 사농동,중상사고,0,1,0,0,차대차 - 측면충돌,차로위반,건조,맑음,단일로 - 기타,승용,남,50세,상해없음,승용,남,71세,중상
2017102500100403,2017년 10월 25일 15시,수요일,강원도 양양군 현북면,경상사고,0,0,2,0,차대차 - 측면충돌,중앙선침범,건조,맑음,교차로 - 교차로안,승용,여,53세,상해없음,승용,남,37세,경상
2017102500100441,2017년 10월 25일 16시,수요일,강원도 홍천군 북방면,경상사고,0,0,1,0,차대차 - 기타,교차로운행방법위반,건조,맑음,교차로 - 교차로안,승용,남,22세,상해없음,승용,남,62세,경상
2017102500100486,2017년 10월 25일 17시,수요일,강원도 양양군 양양읍,경상사고,0,0,1,0,차대차 - 측면충돌,신호위반,건조,맑음,교차로 - 교차로안,화물,남,71세,상해없음,승용,여,67세,경상
2017102500100487,2017년 10월 25일 17시,수요일,강원도 영월군 영월읍,중상사고,0,2,0,2,차대차 - 측면충돌,교차로운행방법위반,건조,맑음,교차로 - 교차로안,화물,남,40세,상해없음,승용,여,51세,중상
2017102500100547,2017년 10월 25일 18시,수요일,강원도 원주시 개운동,경상사고,0,0,1,0,차대차 - 추돌,직진우회전진행방해,건조,맑음,교차로 - 교차로안,승용,남,57세,상해없음,이륜,남,37세,경상
2017102500100607,2017년 10월 25일 19시,수요일,강원도 평창군 용평면,사망사고,1,0,0,0,차량단독 - 공작물충돌,안전운전불이행,건조,맑음,단일로 - 기타,이륜,남,53세,사망,,,,
2017102500100646,2017년 10월 25일 20시,수요일,강원도 동해시 천곡동,중상사고,0,1,0,0,차대사람 - 횡단중,안전운전불이행,건조,맑음,단일로 - 기타,승용,남,23세,상해없음,보행자,여,55세,중상
2017102500100739,2017년 10월 25일 23시,수요일,강원도 원주시 행구동,중상사고,0,1,2,0,차대차 - 측면충돌,신호위반,건조,맑음,교차로 - 교차로안,승용,여,50세,상해없음,승용,남,37세,경상
2017102500100740,2017년 10월 25일 23시,수요일,강원도 평창군 용평면,사망사고,1,1,0,0,차량단독 - 공작물충돌,안전운전불이행,건조,맑음,단일로 - 기타,승용,여,45세,상해없음,,,,
2017102600100019,2017년 10월 26일 00시,목요일,강원도 홍천군 홍천읍,경상사고,0,0,2,0,차대차 - 측면충돌,직진우회전진행방해,건조,맑음,교차로 - 교차로안,화물,남,19세,상해없음,승용,여,45세,경상
2017102600100060,2017년 10월 26일 04시,목요일,강원도 원주시 단계동,경상사고,0,0,1,0,차대차 - 추돌,신호위반,건조,맑음,교차로 - 교차로안,화물,남,69세,상해없음,승용,남,29세,경상
2017102600100061,2017년 10월 26일 04시,목요일,강원도 원주시 단계동,경상사고,0,0,2,0,차대차 - 추돌,안전운전불이행,건조,맑음,단일로 - 기타,화물,남,49세,상해없음,승용,남,56세,경상
2017102600100131,2017년 10월 26일 08시,목요일,강원도 삼척시 도계읍,경상사고,0,0,4,0,차대차 - 측면충돌,직진우회전진행방해,건조,맑음,교차로 - 교차로안,승합,남,40세,상해없음,승용,남,53세,경상
2017102600100163,2017년 10월 26일 09시,목요일,강원도 원주시 무실동,중상사고,0,3,0,0,차대차 - 추돌,안전운전불이행,건조,맑음,단일로 - 기타,승용,남,25세,상해없음,승용,남,58세,중상
2017102600100188,2017년 10월 26일 10시,목요일,강원도 홍천군 내촌면,중상사고,0,1,0,0,차대차 - 기타,교차로운행방법위반,건조,맑음,교차로 - 교차로안,승용,남,62세,상해없음,이륜,남,90세 이상,중상
2017102600100218,2017년 10월 26일 11시,목요일,강원도 태백시 장성동,경상사고,0,0,1,0,차대차 - 측면충돌,안전운전불이행,건조,맑음,교차로 - 교차로부근,승용,여,54세,상해없음,농기계,남,78세,경상
2017102600100243,2017년 10월 26일 12시,목요일,강원도 춘천시 효자동,경상사고,0,0,2,0,차대차 - 측면충돌,안전운전불이행,건조,맑음,교차로 - 교차로안,승용,여,46세,경상,승용,남,76세,경상
2017102600100272,2017년 10월 26일 13시,목요일,강원도 춘천시 근화동,경상사고,0,0,3,0,차대차 - 기타,안전거리미확보,건조,맑음,단일로 - 기타,승용,남,36세,상해없음,승합,남,47세,상해없음
2017102600100273,2017년 10월 26일 13시,목요일,강원도 원주시 단계동,경상사고,0,0,1,0,차대차 - 측면충돌,안전운전불이행,건조,맑음,단일로 - 기타,승용,남,59세,상해없음,화물,남,69세,경상
2017102600100274,2017년 10월 26일 13시,목요일,강원도 원주시 신림면,중상사고,0,1,1,0,차대차 - 측면충돌,안전운전불이행,건조,맑음,교차로 - 교차로안,승용,여,34세,상해없음,승용,남,58세,경상
2017102600100275,2017년 10월 26일 13시,목요일,강원도 영월군 주천면,중상사고,0,1,0,0,차대차 - 측면충돌,과속,건조,맑음,단일로 - 기타,승용,남,78세,상해없음,이륜,남,75세,중상
2017102600100305,2017년 10월 26일 14시,목요일,강원도 춘천시 석사동,경상사고,0,0,6,0,차대차 - 측면충돌,안전운전불이행,건조,맑음,교차로 - 교차로안,승용,여,55세,경상,화물,남,35세,경상
2017102600100306,2017년 10월 26일 14시,목요일,강원도 원주시 우산동,경상사고,0,0,1,0,차대차 - 기타,안전거리미확보,건조,맑음,단일로 - 기타,승용,여,61세,상해없음,승용,남,26세,경상
2017102600100347,2017년 10월 26일 15시,목요일,강원도 원주시 중앙동,경상사고,0,0,1,0,차대차 - 추돌,안전운전불이행,건조,맑음,단일로 - 기타,승용,남,56세,상해없음,승합,남,62세,경상
2017102600100375,2017년 10월 26일 16시,목요일,강원도 강릉시 입암동,경상사고,0,0,1,0,차대사람 - 기타,안전운전불이행,건조,맑음,단일로 - 기타,승용,남,50세,상해없음,보행자,남,68세,경상
2017102600100417,2017년 10월 26일 17시,목요일,강원도 강릉시 포남동,경상사고,0,0,1,0,차대차 - 기타,안전운전불이행,건조,맑음,교차로 - 교차로안,승용,여,55세,상해없음,자전거,남,24세,경상
2017102600100418,2017년 10월 26일 17시,목요일,강원도 원주시 단계동,중상사고,0,1,1,0,차대사람 - 횡단중,보행자보호의무위반,건조,맑음,교차로 - 교차로횡단보도내,승용,남,50세,상해없음,보행자,여,55세,중상
2017102600100462,2017년 10월 26일 18시,목요일,강원도 삼척시 가곡면,경상사고,0,0,7,0,차대차 - 측면충돌,중앙선침범,건조,맑음,단일로 - 기타,승용,남,76세,상해없음,승합,남,59세,상해없음
2017102600100463,2017년 10월 26일 18시,목요일,강원도 화천군 화천읍,경상사고,0,0,1,0,차대차 - 측면충돌,안전운전불이행,건조,맑음,교차로 - 교차로안,화물,남,21세,상해없음,승용,여,49세,경상
2017102600100526,2017년 10월 26일 19시,목요일,강원도 영월군 남면,부상신고사고,0,0,0,1,차대차 - 측면충돌,교차로운행방법위반,건조,맑음,교차로 - 교차로안,이륜,남,65세,부상신고,화물,남,35세,상해없음
2017102600100614,2017년 10월 26일 22시,목요일,강원도 춘천시 석사동,경상사고,0,0,3,0,차대차 - 측면충돌,교차로운행방법위반,건조,맑음,교차로 - 교차로부근,승용,남,59세,상해없음,승용,여,45세,경상
2017102700100067,2017년 10월 27일 05시,금요일,강원도 원주시 인동,경상사고,0,0,1,0,차대차 - 측면충돌,신호위반,건조,맑음,교차로 - 교차로안,승용,남,64세,상해없음,승합,남,24세,경상
2017102700100101,2017년 10월 27일 07시,금요일,강원도 춘천시 동면,경상사고,0,0,1,0,차대사람 - 횡단중,신호위반,건조,맑음,교차로 - 교차로횡단보도내,승합,남,43세,상해없음,보행자,여,17세,경상
2017102700100189,2017년 10월 27일 09시,금요일,강원도 원주시 중앙동,경상사고,0,0,2,0,차대차 - 측면충돌,차로위반,건조,맑음,단일로 - 기타,승용,여,48세,상해없음,승용,남,65세,경상
2017102700100190,2017년 10월 27일 09시,금요일,강원도 태백시 황지동,경상사고,0,0,1,0,차대차 - 측면충돌,안전운전불이행,건조,맑음,단일로 - 기타,승용,여,24세,상해없음,승용,남,75세,경상
2017102700100222,2017년 10월 27일 10시,금요일,강원도 홍천군 북방면,경상사고,0,0,3,0,차대차 - 기타,안전운전불이행,건조,맑음,단일로 - 기타,승용,남,53세,상해없음,화물,남,65세,상해없음
2017102700100266,2017년 10월 27일 11시,금요일,강원도 춘천시 근화동,경상사고,0,0,1,0,차대차 - 측면충돌,신호위반,건조,맑음,교차로 - 교차로안,승용,남,46세,상해없음,승용,여,41세,경상
2017102700100267,2017년 10월 27일 11시,금요일,강원도 원주시 평원동,경상사고,0,0,1,0,차대차 - 후진중충돌,안전운전불이행,건조,맑음,교차로 - 교차로부근,기타불명,기타불명,미분류,기타불명,자전거,남,82세,경상
2017102700100293,2017년 10월 27일 12시,금요일,강원도 춘천시 근화동,중상사고,0,1,0,0,차대차 - 측면충돌,과속,건조,맑음,단일로 - 기타,화물,남,51세,상해없음,자전거,남,27세,중상
2017102700100294,2017년 10월 27일 12시,금요일,강원도 춘천시 교동,중상사고,0,1,0,0,차대사람 - 횡단중,보행자보호의무위반,건조,맑음,단일로 - 기타,승용,남,66세,상해없음,보행자,여,67세,중상
2017102700100295,2017년 10월 27일 12시,금요일,강원도 원주시 명륜동,중상사고,0,1,0,0,차대차 - 측면충돌,안전운전불이행,건조,맑음,단일로 - 기타,승용,여,58세,기타불명,승용,여,49세,중상
2017102700100296,2017년 10월 27일 12시,금요일,강원도 양구군 양구읍,경상사고,0,0,1,0,차대차 - 측면충돌,안전운전불이행,건조,맑음,교차로 - 교차로부근,자전거,여,35세,경상,승용,여,73세,상해없음
2017102700100330,2017년 10월 27일 13시,금요일,강원도 원주시 관설동,경상사고,0,0,2,0,차대차 - 측면충돌,신호위반,건조,맑음,교차로 - 교차로안,승용,여,55세,상해없음,승용,남,69세,경상
2017102700100331,2017년 10월 27일 13시,금요일,강원도 홍천군 내면,중상사고,0,2,0,0,차대차 - 측면충돌,안전운전불이행,건조,맑음,단일로 - 기타,화물,여,49세,상해없음,이륜,남,77세,중상
2017102700100448,2017년 10월 27일 16시,금요일,강원도 양양군 서면,사망사고,1,0,0,0,차대차 - 측면충돌,안전운전불이행,건조,맑음,기타 - 기타,화물,남,74세,사망,승용,남,58세,상해없음
2017102700100449,2017년 10월 27일 16시,금요일,강원도 춘천시 남면,중상사고,0,1,2,0,차대차 - 추돌,안전거리미확보,건조,맑음,단일로 - 기타,승용,남,26세,상해없음,승용,남,27세,경상
2017102700100493,2017년 10월 27일 17시,금요일,강원도 강릉시 내곡동,경상사고,0,0,1,0,차대차 - 측면충돌,안전운전불이행,건조,맑음,교차로 - 교차로안,승용,여,21세,상해없음,화물,남,60세,경상
2017102700100547,2017년 10월 27일 18시,금요일,강원도 춘천시 온의동,중상사고,0,1,2,0,차대차 - 추돌,안전거리미확보,건조,맑음,교차로 - 교차로부근,화물,남,60세,상해없음,승용,남,68세,경상
2017102700100548,2017년 10월 27일 18시,금요일,강원도 춘천시 근화동,중상사고,0,1,0,0,차량단독 - 기타,안전운전불이행,건조,맑음,단일로 - 기타,승합,남,51세,상해없음,,,,
2017102700100549,2017년 10월 27일 18시,금요일,강원도 원주시 지정면,중상사고,0,1,0,0,차대차 - 측면충돌,안전운전불이행,건조,맑음,교차로 - 교차로부근,승용,남,28세,상해없음,승용,여,43세,중상
2017102700100680,2017년 10월 27일 20시,금요일,강원도 춘천시 동면,중상사고,0,1,0,1,차대차 - 측면충돌,신호위반,건조,맑음,교차로 - 교차로안,승용,남,37세,부상신고,이륜,남,38세,중상
2017102700100681,2017년 10월 27일 20시,금요일,강원도 강릉시 입암동,중상사고,0,1,0,0,차량단독 - 전도전복 - 전도,안전운전불이행,건조,맑음,교차로 - 교차로부근,원동기,남,17세,상해없음,,,,