사고번호,사고일시,요일,시군구,사고내용,사망자수,중상자수,경상자수,부상신고자수,사고유형,법규위반,노면상태,기상상태,도로형태,가해운전자 차종,가해운전자 성별,가해운전자 연령,가해운전자 상해정도,피해운전자 차종,피해운전자 성별,피해운전자 연령,피해운전자 상해정도
2017102700100718,2017년 10월 27일 21시,금요일,강원도 속초시 노학동,경상사고,0,0,1,0,차대차 - 후진중충돌,안전운전불이행,건조,맑음,교차로 - 교차로부근,승합,남,63세,상해없음,승용,남,57세,경상
2017102700100759,2017년 10월 27일 22시,금요일,강원도 원주시 단계동,경상사고,0,0,2,0,차대차 - 기타,안전운전불이행,건조,맑음,교차로 - 교차로안,승용,여,51세,상해없음,승용,남,61세,경상
2017102700100789,2017년 10월 27일 23시,금요일,강원도 춘천시 석사동,경상사고,0,0,3,0,차대차 - 추돌,안전운전불이행,건조,맑음,단일로 - 기타,승용,남,25세,상해없음,승용,남,56세,경상
2017102700100790,2017년 10월 27일 23시,금요일,강원도 원주시 반곡동,중상사고,0,1,0,0,차대차 - 측면충돌,안전운전불이행,건조,맑음,단일로 - 기타,승용,남,31세,상해없음,이륜,남,44세,중상
2017102700100791,2017년 10월 27일 23시,금요일,강원도 양구군 양구읍,경상사고,0,0,1,0,차대차 - 추돌,안전운전불이행,건조,맑음,단일로 - 기타,승용,남,28세,상해없음,승용,남,48세,경상
2017102800100140,2017년 10월 28일 07시,토요일,강원도 강릉시 노암동,중상사고,0,1,0,0,차대차 - 측면충돌,신호위반,건조,맑음,교차로 - 교차로안,승용,남,65세,상해없음,이륜,남,86세,중상
2017102800100233,2017년 10월 28일 10시,토요일,강원도 춘천시 효자동,경상사고,0,0,1,0,차대차 - 측면충돌,안전거리미확보,건조,맑음,단일로 - 기타,승용,여,19세,상해없음,승용,남,62세,상해없음
2017102800100234,2017년 10월 28일 10시,토요일,강원도 원주시 지정면,경상사고,0,0,3,0,차대차 - 측면충돌,신호위반,건조,맑음,교차로 - 교차로안,승용,남,64세,상해없음,승용,남,54세,경상
2017102800100277,2017년 10월 28일 11시,토요일,강원도 강릉시 송정동,경상사고,0,0,2,0,차대차 - 측면충돌,신호위반,건조,맑음,교차로 - 교차로안,승용,남,24세,상해없음,화물,남,58세,경상
2017102800100353,2017년 10월 28일 13시,토요일,강원도 원주시 반곡동,경상사고,0,0,1,0,차대사람 - 횡단중,보행자보호의무위반,건조,맑음,교차로 - 교차로횡단보도내,승합,남,53세,상해없음,보행자,여,10세,경상
2017102800100354,2017년 10월 28일 13시,토요일,강원도 원주시 태장동,중상사고,0,1,0,0,차대차 - 측면충돌,안전운전불이행,건조,맑음,단일로 - 기타,화물,남,55세,상해없음,승용,여,56세,중상
2017102800100394,2017년 10월 28일 14시,토요일,강원도 강릉시 입암동,경상사고,0,0,1,0,차대사람 - 횡단중,안전운전불이행,건조,맑음,단일로 - 기타,기타불명,기타불명,미분류,기타불명,보행자,여,32세,경상
2017102800100446,2017년 10월 28일 15시,토요일,강원도 강릉시 포남동,중상사고,0,1,0,0,차량단독 - 공작물충돌,안전운전불이행,건조,맑음,단일로 - 기타,이륜,남,18세,중상,,,,
2017102800100447,2017년 10월 28일 15시,토요일,강원도 양양군 손양면,사망사고,1,0,0,0,차량단독 - 전도전복 - 전도,안전운전불이행,건조,맑음,단일로 - 기타,이륜,남,51세,사망,,,,
2017102800100448,2017년 10월 28일 15시,토요일,강원도 삼척시 하장면,경상사고,0,0,1,0,차량단독 - 공작물충돌,안전운전불이행,건조,맑음,단일로 - 기타,승용,남,82세,경상,,,,
2017102800100495,2017년 10월 28일 16시,토요일,강원도 춘천시 퇴계동,부상신고사고,0,0,0,1,차대차 - 측면충돌,안전운전불이행,건조,맑음,교차로 - 교차로횡단보도내,승용,남,39세,상해없음,자전거,여,10세,부상신고
2017102800100496,2017년 10월 28일 16시,토요일,강원도 춘천시 온의동,중상사고,0,1,0,0,차대차 - 기타,직진우회전진행방해,건조,맑음,교차로 - 교차로안,승용,남,47세,상해없음,자전거,남,90세 이상,중상
2017102800100541,2017년 10월 28일 17시,토요일,강원도 원주시 호저면,중상사고,0,1,0,0,차대사람 - 기타,안전운전불이행,건조,맑음,기타 - 기타,건설기계,남,44세,상해없음,보행자,남,31세,중상
2017102800100542,2017년 10월 28일 17시,토요일,강원도 원주시 흥업면,중상사고,0,1,1,0,차대사람 - 횡단중,신호위반,건조,맑음,교차로 - 교차로횡단보도내,화물,여,60세,상해없음,보행자,남,13세,경상
2017102800100543,2017년 10월 28일 17시,토요일,강원도 동해시 발한동,경상사고,0,0,1,0,차대사람 - 횡단중,보행자보호의무위반,건조,맑음,교차로 - 교차로안,화물,남,27세,상해없음,보행자,여,67세,경상
2017102800100659,2017년 10월 28일 19시,토요일,강원도 강릉시 포남동,경상사고,0,0,1,0,차대사람 - 차도통행중,안전운전불이행,건조,맑음,교차로 - 교차로부근,승용,남,51세,상해없음,보행자,남,49세,경상
2017102800100660,2017년 10월 28일 19시,토요일,강원도 강릉시 초당동,경상사고,0,0,4,0,차대차 - 측면충돌,신호위반,건조,맑음,교차로 - 교차로안,승용,남,32세,상해없음,승용,남,40세,경상
2017102800100700,2017년 10월 28일 20시,토요일,강원도 원주시 반곡동,경상사고,0,0,2,0,차대차 - 측면충돌,안전운전불이행,건조,맑음,단일로 - 기타,승용,남,54세,상해없음,승용,여,36세,경상
2017102800100701,2017년 10월 28일 20시,토요일,강원도 속초시 영랑동,중상사고,0,1,0,0,차대사람 - 횡단중,보행자보호의무위반,건조,맑음,단일로 - 기타,승용,남,58세,상해없음,보행자,남,75세,중상
2017102800100702,2017년 10월 28일 20시,토요일,강원도 평창군 봉평면,경상사고,0,0,1,0,차대사람 - 횡단중,안전운전불이행,건조,맑음,교차로 - 교차로안,승용,여,54세,상해없음,보행자,남,52세,경상
2017102800100703,2017년 10월 28일 20시,토요일,강원도 철원군 서면,중상사고,0,2,0,0,차대차 - 측면충돌,직진우회전진행방해,건조,맑음,교차로 - 교차로안,원동기,남,17세,중상,승용,남,21세,상해없음
2017102800100740,2017년 10월 28일 21시,토요일,강원도 원주시 단구동,경상사고,0,0,1,0,차대차 - 추돌,안전운전불이행,건조,맑음,단일로 - 기타,승용,남,49세,상해없음,승용,남,42세,경상
2017102900100088,2017년 10월 29일 05시,일요일,강원도 원주시 단구동,중상사고,0,1,0,0,차대차 - 정면충돌,안전운전불이행,건조,맑음,단일로 - 기타,승용,남,38세,상해없음,승용,남,75세,중상
2017102900100101,2017년 10월 29일 06시,일요일,강원도 평창군 진부면,중상사고,0,1,0,0,차량단독 - 공작물충돌,안전운전불이행,건조,맑음,단일로 - 기타,승용,남,27세,중상,,,,
2017102900100119,2017년 10월 29일 08시,일요일,강원도 강릉시 교동,경상사고,0,0,5,0,차대차 - 기타,신호위반,건조,맑음,교차로 - 교차로안,승용,남,31세,상해없음,승용,남,48세,경상
2017102900100153,2017년 10월 29일 10시,일요일,강원도 춘천시 삼천동,부상신고사고,0,0,0,1,차대사람 - 길가장자리구역통행중,안전운전불이행,건조,맑음,단일로 - 기타,승용,남,73세,상해없음,보행자,여,58세,부상신고
2017102900100196,2017년 10월 29일 12시,일요일,강원도 춘천시 퇴계동,경상사고,0,0,1,0,차대차 - 기타,차로위반,건조,맑음,단일로 - 기타,승용,남,28세,상해없음,이륜,남,54세,경상
2017102900100197,2017년 10월 29일 12시,일요일,강원도 양양군 서면,중상사고,0,1,0,0,차대차 - 측면충돌,직진우회전진행방해,건조,맑음,교차로 - 교차로안,승용,여,53세,상해없음,자전거,남,38세,중상
2017102900100198,2017년 10월 29일 12시,일요일,강원도 속초시 동명동,경상사고,0,0,3,0,차대차 - 측면충돌,교차로운행방법위반,건조,맑음,교차로 - 교차로안,화물,남,70세,상해없음,승용,남,59세,경상
2017102900100199,2017년 10월 29일 12시,일요일,강원도 춘천시 남산면,경상사고,0,0,2,0,차대차 - 추돌,안전거리미확보,건조,맑음,단일로 - 기타,승용,남,27세,상해없음,승용,남,25세,경상
2017102900100228,2017년 10월 29일 13시,일요일,강원도 속초시 조양동,중상사고,0,1,0,0,차대사람 - 기타,안전운전불이행,건조,맑음,단일로 - 기타,화물,남,30세,상해없음,보행자,남,56세,중상
2017102900100256,2017년 10월 29일 14시,일요일,강원도 춘천시 근화동,중상사고,0,1,0,0,차대차 - 측면충돌,중앙선침범,건조,맑음,단일로 - 기타,승용,여,36세,상해없음,승용,남,53세,중상
2017102900100257,2017년 10월 29일 14시,일요일,강원도 평창군 진부면,중상사고,0,1,0,0,차대차 - 측면충돌,안전운전불이행,건조,맑음,교차로 - 교차로안,승합,남,48세,상해없음,화물,남,49세,중상
2017102900100288,2017년 10월 29일 15시,일요일,강원도 춘천시 소양로1가,경상사고,0,0,1,0,차대차 - 기타,안전운전불이행,건조,맑음,단일로 - 기타,승합,남,58세,상해없음,승용,남,57세,경상
2017102900100289,2017년 10월 29일 15시,일요일,강원도 춘천시 남산면,경상사고,0,0,1,0,차대차 - 기타,중앙선침범,건조,맑음,단일로 - 기타,승용,남,39세,상해없음,자전거,여,34세,경상
2017102900100362,2017년 10월 29일 17시,일요일,강원도 원주시 반곡동,경상사고,0,0,1,0,차대차 - 측면충돌,신호위반,건조,맑음,교차로 - 교차로안,승용,남,26세,상해없음,승용,남,28세,경상
2017102900100405,2017년 10월 29일 18시,일요일,강원도 춘천시 후평동,경상사고,0,0,1,0,차대차 - 측면충돌,직진우회전진행방해,건조,맑음,교차로 - 교차로안,승합,남,53세,상해없음,승용,여,50세,경상
2017102900100406,2017년 10월 29일 18시,일요일,강원도 강릉시 주문진읍,경상사고,0,0,1,0,차대사람 - 횡단중,안전운전불이행,젖음/습기,비,단일로 - 기타,승용,남,65세,상해없음,보행자,남,60세,경상
2017102900100407,2017년 10월 29일 18시,일요일,강원도 원주시 무실동,경상사고,0,0,1,0,차대차 - 추돌,신호위반,건조,맑음,교차로 - 교차로안,승용,여,47세,상해없음,승용,남,35세,경상
2017102900100483,2017년 10월 29일 20시,일요일,강원도 정선군 정선읍,사망사고,1,0,0,0,차대사람 - 차도통행중,안전운전불이행,건조,맑음,단일로 - 기타,화물,남,57세,상해없음,보행자,남,67세,사망
2017102900100529,2017년 10월 29일 22시,일요일,강원도 강릉시 남문동,경상사고,0,0,2,0,차대차 - 추돌,안전운전불이행,젖음/습기,비,교차로 - 교차로부근,승용,남,47세,상해없음,승용,여,28세,경상
2017102900100530,2017년 10월 29일 22시,일요일,강원도 홍천군 홍천읍,중상사고,0,1,0,0,차대차 - 추돌,안전운전불이행,건조,맑음,단일로 - 기타,승용,남,23세,상해없음,승용,남,56세,중상
2017103000100091,2017년 10월 30일 06시,월요일,강원도 속초시 대포동,사망사고,1,0,0,0,차대사람 - 횡단중,안전운전불이행,건조,맑음,단일로 - 기타,승용,여,51세,상해없음,보행자,여,68세,사망
2017103000100161,2017년 10월 30일 08시,월요일,강원도 원주시 판부면,중상사고,0,1,0,0,차대사람 - 횡단중,안전운전불이행,건조,맑음,단일로 - 기타,화물,남,39세,상해없음,보행자,남,37세,중상
2017103000100162,2017년 10월 30일 08시,월요일,강원도 삼척시 사직동,경상사고,0,0,1,0,차대차 - 측면충돌,안전운전불이행,건조,맑음,교차로 - 교차로안,승용,여,58세,상해없음,승용,여,67세,경상
2017103000100163,2017년 10월 30일 08시,월요일,강원도 홍천군 홍천읍,중상사고,0,1,2,0,차대차 - 추돌,안전거리미확보,건조,맑음,교차로 - 교차로안,승합,남,65세,상해없음,승용,여,63세,경상
2017103000100164,2017년 10월 30일 08시,월요일,강원도 홍천군 북방면,경상사고,0,0,1,0,차대차 - 기타,교차로운행방법위반,건조,맑음,교차로 - 교차로안,승용,남,52세,상해없음,승용,여,28세,경상
2017103000100165,2017년 10월 30일 08시,월요일,강원도 동해시 평릉동,경상사고,0,0,1,0,차대사람 - 횡단중,신호위반,건조,맑음,교차로 - 교차로부근,승용,남,63세,상해없음,보행자,남,미분류,경상
2017103000100279,2017년 10월 30일 11시,월요일,강원도 고성군 토성면,중상사고,0,1,0,0,차대차 - 추돌,안전운전불이행,건조,맑음,기타 - 기타,승용,남,75세,상해없음,승용,남,73세,중상
2017103000100312,2017년 10월 30일 12시,월요일,강원도 강릉시 사천면,경상사고,0,0,2,0,차대차 - 추돌,안전운전불이행,건조,맑음,단일로 - 기타,승용,남,65세,상해없음,승용,남,41세,경상
2017103000100385,2017년 10월 30일 14시,월요일,강원도 춘천시 효자동,경상사고,0,0,1,0,차대차 - 측면충돌,신호위반,건조,맑음,교차로 - 교차로안,승용,여,52세,상해없음,승용,남,54세,경상
2017103000100386,2017년 10월 30일 14시,월요일,강원도 원주시 신림면,경상사고,0,0,1,0,차대차 - 측면충돌,불법유턴,건조,맑음,단일로 - 기타,화물,남,81세,상해없음,승용,여,73세,경상
2017103000100387,2017년 10월 30일 14시,월요일,강원도 속초시 영랑동,중상사고,0,1,0,0,차대차 - 측면충돌,중앙선침범,건조,맑음,교차로 - 교차로부근,승용,남,58세,상해없음,이륜,남,56세,중상
2017103000100388,2017년 10월 30일 14시,월요일,강원도 동해시 천곡동,경상사고,0,0,1,0,차대차 - 측면충돌,신호위반,건조,맑음,교차로 - 교차로안,승용,여,32세,상해없음,승용,여,57세,경상
2017103000100389,2017년 10월 30일 14시,월요일,강원도 동해시 단봉동,경상사고,0,0,1,0,차대차 - 측면충돌,교차로운행방법위반,건조,맑음,교차로 - 교차로안,승용,여,69세,상해없음,승용,남,46세,경상
2017103000100424,2017년 10월 30일 15시,월요일,강원도 춘천시 효자동,경상사고,0,0,1,0,차대차 - 측면충돌,교차로운행방법위반,건조,맑음,교차로 - 교차로안,승용,남,63세,상해없음,원동기,남,16세,경상
2017103000100533,2017년 10월 30일 17시,월요일,강원도 강릉시 포남동,경상사고,0,0,1,0,차대차 - 측면충돌,안전운전불이행,건조,맑음,단일로 - 기타,화물,남,41세,상해없음,승용,여,53세,경상
2017103000100534,2017년 10월 30일 17시,월요일,강원도 강릉시 교동,중상사고,0,1,0,0,차대차 - 기타,안전운전불이행,건조,맑음,단일로 - 기타,승용,남,47세,상해없음,승용,여,27세,중상
2017103000100535,2017년 10월 30일 17시,월요일,강원도 원주시 개운동,중상사고,0,1,0,0,차대차 - 측면충돌,안전운전불이행,건조,맑음,교차로 - 교차로안,자전거,남,37세,중상,화물,남,47세,상해없음
2017103000100578,2017년 10월 30일 18시,월요일,강원도 춘천시 신동면,중상사고,0,1,1,0,차대차 - 측면충돌,차로위반,건조,맑음,단일로 - 기타,승용,남,74세,상해없음,승용,여,39세,중상
2017103000100579,2017년 10월 30일 18시,월요일,강원도 강릉시 성남동,경상사고,0,0,1,0,차대사람 - 기타,안전운전불이행,건조,맑음,단일로 - 기타,이륜,남,45세,상해없음,보행자,여,52세,경상
2017103000100580,2017년 10월 30일 18시,월요일,강원도 원주시 우산동,경상사고,0,0,2,0,차대사람 - 길가장자리구역통행중,안전운전불이행,건조,맑음,교차로 - 교차로부근,승용,남,25세,상해없음,보행자,남,18세,경상
2017103000100581,2017년 10월 30일 18시,월요일,강원도 원주시 개운동,경상사고,0,0,4,0,차대차 - 측면충돌,안전운전불이행,건조,맑음,단일로 - 기타,승용,여,46세,상해없음,승용,남,19세,경상
2017103000100582,2017년 10월 30일 18시,월요일,강원도 영월군 영월읍,부상신고사고,0,0,0,1,차대차 - 측면충돌,교차로운행방법위반,건조,맑음,교차로 - 교차로안,승용,남,66세,상해없음,원동기,여,23세,부상신고
2017103000100641,2017년 10월 30일 19시,월요일,강원도 원주시 일산동,경상사고,0,0,1,0,차대사람 - 횡단중,안전운전불이행,건조,맑음,교차로 - 교차로부근,승용,여,53세,상해없음,보행자,남,59세,경상
2017103000100688,2017년 10월 30일 20시,월요일,강원도 원주시 단계동,경상사고,0,0,1,0,차대차 - 측면충돌,교차로운행방법위반,건조,맑음,교차로 - 교차로안,이륜,남,55세,상해없음,이륜,남,18세,경상
2017103000100712,2017년 10월 30일 21시,월요일,강원도 강릉시 교동,경상사고,0,0,1,0,차대차 - 기타,안전운전불이행,건조,맑음,교차로 - 교차로부근,승용,남,56세,상해없음,승용,남,24세,경상
2017103000100755,2017년 10월 30일 23시,월요일,강원도 원주시 단구동,경상사고,0,0,2,0,차대차 - 측면충돌,안전운전불이행,건조,맑음,교차로 - 교차로부근,기타불명,기타불명,미분류,기타불명,승용,여,51세,경상
2017103100100138,2017년 10월 31일 08시,화요일,강원도 춘천시 삼천동,경상사고,0,0,2,0,차대차 - 기타,안전거리미확보,건조,맑음,단일로 - 기타,화물,남,59세,상해없음,승용,여,46세,경상
2017103100100139,2017년 10월 31일 08시,화요일,강원도 원주시 학성동,경상사고,0,0,1,0,차대차 - 추돌,안전거리미확보,건조,맑음,단일로 - 기타,승용,여,42세,상해없음,승용,여,31세,경상
2017103100100200,2017년 10월 31일 09시,화요일,강원도 양양군 양양읍,중상사고,0,3,1,0,차대차 - 추돌,안전거리미확보,건조,맑음,단일로 - 기타,화물,남,52세,상해없음,승용,남,73세,중상
2017103100100269,2017년 10월 31일 11시,화요일,강원도 원주시 우산동,경상사고,0,0,2,0,차대차 - 측면충돌,교차로운행방법위반,건조,맑음,교차로 - 교차로안,승용,여,51세,상해없음,특수,남,37세,경상
2017103100100270,2017년 10월 31일 11시,화요일,강원도 삼척시 도계읍,경상사고,0,0,2,0,차대차 - 측면충돌,직진우회전진행방해,건조,맑음,교차로 - 교차로안,승용,남,65세,상해없음,화물,남,32세,경상
2017103100100338,2017년 10월 31일 13시,화요일,강원도 원주시 단계동,경상사고,0,0,2,0,차대차 - 측면충돌,신호위반,건조,맑음,교차로 - 교차로안,승용,남,24세,상해없음,승용,여,33세,경상
2017103100100385,2017년 10월 31일 14시,화요일,강원도 춘천시 신북읍,경상사고,0,0,1,0,차대차 - 측면충돌,안전운전불이행,건조,맑음,교차로 - 교차로안,승용,여,30세,상해없음,화물,남,56세,경상
2017103100100386,2017년 10월 31일 14시,화요일,강원도 춘천시 동내면,경상사고,0,0,1,0,차대차 - 측면충돌,차로위반,건조,맑음,단일로 - 기타,승용,남,44세,상해없음,승용,남,50세,경상
2017103100100387,2017년 10월 31일 14시,화요일,강원도 평창군 진부면,경상사고,0,0,1,0,차대차 - 측면충돌,안전운전불이행,건조,맑음,교차로 - 교차로부근,건설기계,남,56세,상해없음,화물,남,75세,경상
2017103100100429,2017년 10월 31일 15시,화요일,강원도 춘천시 효자동,중상사고,0,1,0,0,차대차 - 측면충돌,기타,건조,맑음,단일로 - 기타,승용,남,26세,상해없음,승용,남,74세,기타불명
2017103100100430,2017년 10월 31일 15시,화요일,강원도 춘천시 효자동,경상사고,0,0,1,0,차대사람 - 길가장자리구역통행중,안전운전불이행,건조,맑음,단일로 - 기타,승용,남,25세,기타불명,보행자,남,25세,경상
2017103100100474,2017년 10월 31일 16시,화요일,강원도 원주시 반곡동,경상사고,0,0,1,0,차대차 - 측면충돌,신호위반,건조,맑음,단일로 - 기타,승용,남,26세,상해없음,승용,남,40세,경상
2017103100100475,2017년 10월 31일 16시,화요일,강원도 삼척시 교동,경상사고,0,0,1,0,차대차 - 측면충돌,직진우회전진행방해,건조,맑음,교차로 - 교차로안,승용,여,22세,경상,화물,남,83세,상해없음
2017103100100570,2017년 10월 31일 18시,화요일,강원도 원주시 우산동,중상사고,0,1,0,0,차대사람 - 횡단중,안전운전불이행,건조,맑음,단일로 - 기타,이륜,남,42세,상해없음,보행자,여,21세,중상
2017103100100667,2017년 10월 31일 20시,화요일,강원도 원주시 단구동,부상신고사고,0,0,0,3,차대사람 - 보도통행중,보행자보호의무위반,건조,맑음,교차로 - 교차로횡단보도내,승용,남,31세,상해없음,보행자,여,65세,부상신고
2017103100100695,2017년 10월 31일 21시,화요일,강원도 원주시 단구동,경상사고,0,0,2,0,차대차 - 기타,안전운전불이행,건조,맑음,교차로 - 교차로안,승용,남,47세,상해없음,승용,남,24세,경상
2017103100100696,2017년 10월 31일 21시,화요일,강원도 양양군 양양읍,사망사고,1,0,0,0,차대사람 - 차도통행중,안전운전불이행,건조,맑음,단일로 - 기타,화물,남,31세,상해없음,보행자,남,49세,사망
2017103100100697,2017년 10월 31일 21시,화요일,강원도 양구군 남면,중상사고,0,1,0,0,차대차 - 측면충돌,신호위반,건조,맑음,교차로 - 교차로안,승용,남,41세,상해없음,화물,남,41세,중상
2017103100100724,2017년 10월 31일 22시,화요일,강원도 원주시 무실동,경상사고,0,0,1,0,차대차 - 측면충돌,신호위반,건조,맑음,교차로 - 교차로안,승용,남,25세,상해없음,승용,여,34세,경상
2017103100100758,2017년 10월 31일 23시,화요일,강원도 원주시 명륜동,중상사고,0,1,1,0,차대차 - 추돌,안전운전불이행,건조,맑음,교차로 - 교차로부근,승용,남,28세,상해없음,승용,남,67세,경상
2017110100100029,2017년 11월 1일 00시,수요일,강원도 속초시 조양동,경상사고,0,0,2,0,차대차 - 측면충돌,직진우회전진행방해,건조,맑음,교차로 - 교차로안,승용,여,38세,상해없음,승용,남,42세,경상
2017110100100159,2017년 11월 1일 08시,수요일,강원도 원주시 평원동,경상사고,0,0,2,0,차대차 - 기타,안전운전불이행,건조,맑음,단일로 - 기타,승용,남,54세,상해없음,승용,남,62세,경상
2017110100100199,2017년 11월 1일 09시,수요일,강원도 춘천시 소양로3가,경상사고,0,0,1,0,차대사람 - 횡단중,보행자보호의무위반,건조,맑음,단일로 - 기타,승용,남,67세,상해없음,보행자,여,74세,경상
2017110100100200,2017년 11월 1일 09시,수요일,강원도 강릉시 주문진읍,경상사고,0,0,1,0,차대차 - 측면충돌,안전운전불이행,건조,맑음,교차로 - 교차로안,화물,남,56세,상해없음,자전거,남,77세,경상
2017110100100201,2017년 11월 1일 09시,수요일,강원도 강릉시 포남동,경상사고,0,0,2,0,차대차 - 기타,안전운전불이행,건조,맑음,교차로 - 교차로안,승용,여,30세,상해없음,승용,남,54세,상해없음
2017110100100202,2017년 11월 1일 09시,수요일,강원도 홍천군 홍천읍,경상사고,0,0,1,0,차대사람 - 길가장자리구역통행중,신호위반,건조,맑음,단일로 - 기타,승용,남,81세,기타불명,보행자,남,62세,경상
2017110100100254,2017년 11월 1일 11시,수요일,강원도 원주시 일산동,중상사고,0,1,0,0,차량단독 - 기타,기타,건조,맑음,단일로 - 기타,승용,남,52세,상해없음,,,,
2017110100100255,2017년 11월 1일 11시,수요일,강원도 원주시 개운동,경상사고,0,0,1,0,차대차 - 기타,안전운전불이행,건조,맑음,교차로 - 교차로부근,승용,여,54세,상해없음,승용,남,45세,상해없음
2017110100100288,2017년 11월 1일 12시,수요일,강원도 원주시 단구동,중상사고,0,2,0,0,차대차 - 추돌,교차로운행방법위반,건조,맑음,교차로 - 교차로안,화물,남,46세,상해없음,이륜,남,75세,중상
2017110100100289,2017년 11월 1일 12시,수요일,강원도 철원군 갈말읍,중상사고,0,1,1,0,차대차 - 측면충돌,교차로운행방법위반,건조,맑음,교차로 - 교차로안,승용,여,29세,중상,승용,여,37세,상해없음
2017110100100360,2017년 11월 1일 14시,수요일,강원도 춘천시 근화동,경상사고,0,0,2,0,차대차 - 추돌,안전거리미확보,건조,맑음,단일로 - 기타,승용,남,65세,상해없음,화물,남,47세,경상
2017110100100383,2017년 11월 1일 15시,수요일,강원도 강릉시 입암동,경상사고,0,0,1,0,차대차 - 기타,안전운전불이행,건조,맑음,교차로 - 교차로부근,승합,남,58세,상해없음,승용,여,39세,경상
2017110100100384,2017년 11월 1일 15시,수요일,강원도 원주시 단계동,경상사고,0,0,1,1,차대차 - 후진중충돌,불법유턴,건조,맑음,단일로 - 기타,화물,남,45세,상해없음,승합,남,58세,상해없음
2017110100100385,2017년 11월 1일 15시,수요일,강원도 고성군 토성면,경상사고,0,0,1,0,차대차 - 측면충돌,안전거리미확보,건조,맑음,교차로 - 교차로안,승용,남,69세,상해없음,화물,남,55세,경상
2017110100100465,2017년 11월 1일 17시,수요일,강원도 동해시 천곡동,경상사고,0,0,1,0,차대차 - 측면충돌,교차로운행방법위반,건조,맑음,교차로 - 교차로안,승용,남,60세,상해없음,승용,남,55세,경상
2017110100100529,2017년 11월 1일 18시,수요일,강원도 춘천시 조양동,중상사고,0,1,0,0,차대사람 - 횡단중,보행자보호의무위반,건조,흐림,교차로 - 교차로횡단보도내,승용,남,41세,상해없음,보행자,여,81세,중상
2017110100100530,2017년 11월 1일 18시,수요일,강원도 춘천시 근화동,경상사고,0,0,1,0,차대차 - 추돌,안전운전불이행,건조,흐림,단일로 - 기타,화물,남,32세,상해없음,승용,남,65세,경상
2017110100100531,2017년 11월 1일 18시,수요일,강원도 원주시 호저면,경상사고,0,0,1,0,차대차 - 측면충돌,중앙선침범,건조,맑음,교차로 - 교차로부근,승용,남,41세,상해없음,화물,남,49세,경상
2017110100100605,2017년 11월 1일 19시,수요일,강원도 원주시 호저면,중상사고,0,1,2,0,차대차 - 추돌,안전운전불이행,건조,맑음,교차로 - 교차로부근,승용,남,46세,경상,승용,남,19세,경상
2017110100100606,2017년 11월 1일 19시,수요일,강원도 양양군 양양읍,중상사고,0,1,0,0,차대차 - 정면충돌,중앙선침범,건조,맑음,단일로 - 기타,승용,남,26세,상해없음,승용,남,42세,중상
2017110100100607,2017년 11월 1일 19시,수요일,강원도 속초시 조양동,경상사고,0,0,1,0,차대차 - 측면충돌,안전운전불이행,건조,맑음,교차로 - 교차로안,승용,남,47세,상해없음,승용,여,61세,경상
2017110100100651,2017년 11월 1일 20시,수요일,강원도 춘천시 석사동,경상사고,0,0,2,0,차대차 - 정면충돌,중앙선침범,건조,맑음,교차로 - 교차로부근,승용,남,49세,상해없음,승용,남,26세,경상
2017110100100652,2017년 11월 1일 20시,수요일,강원도 강릉시 포남동,경상사고,0,0,3,0,차대차 - 추돌,안전운전불이행,건조,맑음,교차로 - 교차로부근,승용,남,33세,상해없음,승용,남,49세,경상
2017110100100701,2017년 11월 1일 22시,수요일,강원도 원주시 학성동,경상사고,0,0,2,0,차대차 - 추돌,안전운전불이행,건조,맑음,교차로 - 교차로부근,화물,남,51세,상해없음,승용,남,59세,경상
2017110200100103,2017년 11월 2일 07시,목요일,강원도 춘천시 동내면,경상사고,0,0,1,0,차대사람 - 횡단중,보행자보호의무위반,건조,맑음,교차로 - 교차로횡단보도내,승용,여,46세,기타불명,보행자,여,65세,경상
2017110200100120,2017년 11월 2일 08시,목요일,강원도 춘천시 동내면,경상사고,0,0,4,0,차대차 - 측면충돌,안전운전불이행,건조,맑음,교차로 - 교차로부근,승용,여,60세,상해없음,승용,남,22세,경상
2017110200100156,2017년 11월 2일 09시,목요일,강원도 원주시 단구동,경상사고,0,0,1,0,차대사람 - 횡단중,안전운전불이행,건조,흐림,교차로 - 교차로부근,승용,여,52세,상해없음,보행자,여,72세,경상
2017110200100157,2017년 11월 2일 09시,목요일,강원도 속초시 교동,중상사고,0,1,1,0,차대차 - 측면충돌,중앙선침범,건조,맑음,단일로 - 기타,승용,남,71세,상해없음,승용,남,55세,경상
2017110200100190,2017년 11월 2일 10시,목요일,강원도 화천군 상서면,중상사고,0,1,0,0,차대사람 - 기타,안전운전불이행,건조,맑음,단일로 - 기타,승용,남,44세,상해없음,보행자,남,22세,중상
2017110200100261,2017년 11월 2일 13시,목요일,강원도 동해시 북평동,경상사고,0,0,1,0,차대차 - 측면충돌,안전운전불이행,건조,맑음,단일로 - 기타,화물,남,56세,상해없음,승용,남,64세,경상
2017110200100283,2017년 11월 2일 14시,목요일,강원도 춘천시 동면,경상사고,0,0,1,0,차량단독 - 기타,안전운전불이행,건조,맑음,단일로 - 기타,개인형이동수단(PM),남,33세,경상,,,,