사고번호,사고일시,요일,시군구,사고내용,사망자수,중상자수,경상자수,부상신고자수,사고유형,법규위반,노면상태,기상상태,도로형태,가해운전자 차종,가해운전자 성별,가해운전자 연령,가해운전자 상해정도,피해운전자 차종,피해운전자 성별,피해운전자 연령,피해운전자 상해정도
2017110200100284,2017년 11월 2일 14시,목요일,강원도 원주시 우산동,사망사고,1,0,0,0,차대사람 - 기타,안전운전불이행,건조,맑음,단일로 - 기타,승용,여,64세,상해없음,보행자,여,74세,사망
2017110200100285,2017년 11월 2일 14시,목요일,강원도 홍천군 홍천읍,경상사고,0,0,2,0,차대차 - 기타,차로위반,건조,맑음,단일로 - 기타,건설기계,남,69세,상해없음,승용,남,46세,경상
2017110200100314,2017년 11월 2일 15시,목요일,강원도 양구군 남면,중상사고,0,1,0,0,차대차 - 후진중충돌,안전운전불이행,건조,맑음,기타 - 기타,화물,남,62세,상해없음,농기계,남,79세,중상
2017110200100390,2017년 11월 2일 17시,목요일,강원도 춘천시 효자동,경상사고,0,0,1,0,차대차 - 기타,안전운전불이행,건조,맑음,교차로 - 교차로안,이륜,남,45세,상해없음,승용,남,73세,경상
2017110200100391,2017년 11월 2일 17시,목요일,강원도 원주시 단계동,중상사고,0,1,0,0,차대차 - 측면충돌,안전운전불이행,건조,맑음,단일로 - 기타,화물,남,61세,상해없음,승용,남,35세,중상
2017110200100392,2017년 11월 2일 17시,목요일,강원도 인제군 남면,경상사고,0,0,1,0,차대사람 - 길가장자리구역통행중,안전운전불이행,건조,맑음,단일로 - 기타,화물,남,63세,상해없음,보행자,여,78세,경상
2017110200100430,2017년 11월 2일 18시,목요일,강원도 원주시 무실동,중상사고,0,1,0,0,차대차 - 추돌,안전운전불이행,건조,맑음,교차로 - 교차로부근,화물,남,59세,상해없음,화물,여,57세,중상
2017110200100431,2017년 11월 2일 18시,목요일,강원도 삼척시 당저동,경상사고,0,0,1,0,차대사람 - 횡단중,안전운전불이행,건조,맑음,단일로 - 기타,승합,남,35세,상해없음,보행자,남,56세,경상
2017110200100481,2017년 11월 2일 19시,목요일,강원도 춘천시 퇴계동,경상사고,0,0,1,0,차대차 - 기타,교차로운행방법위반,젖음/습기,비,교차로 - 교차로안,화물,남,51세,상해없음,이륜,남,38세,경상
2017110200100515,2017년 11월 2일 20시,목요일,강원도 춘천시 후평동,경상사고,0,0,1,0,차대차 - 추돌,안전운전불이행,젖음/습기,비,단일로 - 기타,승용,남,55세,상해없음,승용,남,32세,경상
2017110200100546,2017년 11월 2일 21시,목요일,강원도 춘천시 칠전동,경상사고,0,0,1,0,차대차 - 정면충돌,안전운전불이행,젖음/습기,비,교차로 - 교차로부근,승용,여,50세,상해없음,승용,남,37세,경상
2017110200100547,2017년 11월 2일 21시,목요일,강원도 정선군 북평면,경상사고,0,0,1,0,차대차 - 측면충돌,직진우회전진행방해,건조,맑음,교차로 - 교차로안,승용,남,27세,기타불명,화물,남,44세,경상
2017110200100548,2017년 11월 2일 21시,목요일,강원도 동해시 효가동,경상사고,0,0,2,0,차대차 - 추돌,안전운전불이행,건조,맑음,교차로 - 교차로부근,승용,남,53세,상해없음,승용,여,23세,경상
2017110200100569,2017년 11월 2일 22시,목요일,강원도 원주시 단구동,중상사고,0,2,1,0,차대차 - 추돌,신호위반,건조,맑음,교차로 - 교차로안,승용,남,41세,경상,승용,남,47세,중상
2017110300100034,2017년 11월 3일 00시,금요일,강원도 양구군 양구읍,중상사고,0,1,0,0,차대사람 - 기타,안전운전불이행,건조,맑음,기타 - 기타,승용,남,31세,상해없음,보행자,남,55세,중상
2017110300100076,2017년 11월 3일 04시,금요일,강원도 원주시 무실동,경상사고,0,0,1,0,차대차 - 측면충돌,신호위반,건조,맑음,교차로 - 교차로안,승용,남,26세,상해없음,화물,남,34세,경상
2017110300100125,2017년 11월 3일 07시,금요일,강원도 춘천시 후평동,경상사고,0,0,1,0,차대차 - 추돌,안전운전불이행,건조,맑음,단일로 - 기타,승용,여,43세,상해없음,승용,남,44세,경상
2017110300100126,2017년 11월 3일 07시,금요일,강원도 평창군 진부면,경상사고,0,0,1,0,차대차 - 추돌,안전운전불이행,건조,맑음,교차로 - 교차로안,화물,남,45세,경상,화물,남,57세,상해없음
2017110300100164,2017년 11월 3일 08시,금요일,강원도 춘천시 소양로1가,경상사고,0,0,1,0,차대차 - 기타,안전운전불이행,젖음/습기,비,단일로 - 기타,승용,여,55세,상해없음,승용,남,27세,경상
2017110300100165,2017년 11월 3일 08시,금요일,강원도 원주시 태장동,경상사고,0,0,1,0,차대차 - 측면충돌,신호위반,건조,맑음,교차로 - 교차로안,승용,여,45세,상해없음,자전거,남,13세,경상
2017110300100166,2017년 11월 3일 08시,금요일,강원도 동해시 평릉동,경상사고,0,0,4,0,차대차 - 측면충돌,교차로운행방법위반,건조,맑음,교차로 - 교차로안,승용,남,44세,상해없음,승용,남,38세,경상
2017110300100240,2017년 11월 3일 10시,금요일,강원도 춘천시 동내면,중상사고,0,2,0,0,차대차 - 측면충돌,안전운전불이행,젖음/습기,비,교차로 - 교차로안,승용,여,24세,상해없음,승용,여,60세,중상
2017110300100241,2017년 11월 3일 10시,금요일,강원도 강릉시 포남동,경상사고,0,0,1,0,차대사람 - 기타,안전운전불이행,건조,맑음,단일로 - 기타,승용,남,75세,상해없음,보행자,남,80세,경상
2017110300100242,2017년 11월 3일 10시,금요일,강원도 속초시 노학동,경상사고,0,0,3,0,차대차 - 측면충돌,안전운전불이행,젖음/습기,흐림,단일로 - 기타,승용,남,54세,상해없음,화물,남,74세,경상
2017110300100243,2017년 11월 3일 10시,금요일,강원도 양구군 남면,중상사고,0,1,1,0,차대차 - 측면충돌,기타,건조,맑음,교차로 - 교차로안,승용,남,70세,중상,승용,남,37세,경상
2017110300100244,2017년 11월 3일 10시,금요일,강원도 동해시 효가동,경상사고,0,0,2,0,차대차 - 측면충돌,안전거리미확보,건조,맑음,단일로 - 기타,건설기계,남,58세,상해없음,승용,남,64세,경상
2017110300100281,2017년 11월 3일 11시,금요일,강원도 춘천시 사북면,중상사고,0,1,0,0,차대사람 - 횡단중,안전운전불이행,건조,맑음,단일로 - 기타,승용,남,50세,상해없음,보행자,여,83세,중상
2017110300100282,2017년 11월 3일 11시,금요일,강원도 동해시 이도동,경상사고,0,0,2,0,차대차 - 기타,차로위반,건조,맑음,단일로 - 교량,건설기계,남,57세,상해없음,승용,여,40세,경상
2017110300100308,2017년 11월 3일 12시,금요일,강원도 춘천시 동내면,부상신고사고,0,0,0,1,차대차 - 추돌,교차로운행방법위반,건조,맑음,교차로 - 교차로부근,건설기계,남,51세,상해없음,승용,남,59세,상해없음
2017110300100309,2017년 11월 3일 12시,금요일,강원도 춘천시 효자동,중상사고,0,1,0,0,차대차 - 측면충돌,안전운전불이행,건조,맑음,교차로 - 교차로안,승용,여,69세,상해없음,이륜,남,47세,중상
2017110300100345,2017년 11월 3일 13시,금요일,강원도 춘천시 후평동,경상사고,0,0,2,0,차대차 - 측면충돌,신호위반,건조,맑음,교차로 - 교차로안,승용,여,58세,상해없음,승용,남,74세,경상
2017110300100346,2017년 11월 3일 13시,금요일,강원도 강릉시 옥천동,경상사고,0,0,1,0,차대차 - 기타,안전운전불이행,건조,맑음,교차로 - 교차로부근,화물,남,33세,상해없음,승용,남,77세,경상
2017110300100347,2017년 11월 3일 13시,금요일,강원도 양양군 현북면,경상사고,0,0,1,0,차대차 - 측면충돌,기타,건조,맑음,교차로 - 교차로안,화물,남,65세,상해없음,승용,여,47세,경상
2017110300100372,2017년 11월 3일 14시,금요일,강원도 원주시 단구동,부상신고사고,0,0,0,1,차대차 - 추돌,안전거리미확보,건조,맑음,교차로 - 교차로부근,승용,남,70세,상해없음,승용,남,34세,부상신고
2017110300100373,2017년 11월 3일 14시,금요일,강원도 원주시 단구동,경상사고,0,0,1,0,차대차 - 후진중충돌,안전운전불이행,건조,맑음,단일로 - 기타,승용,남,19세,상해없음,승용,남,23세,경상
2017110300100374,2017년 11월 3일 14시,금요일,강원도 정선군 정선읍,중상사고,0,1,1,0,차대차 - 측면충돌,중앙선침범,건조,맑음,단일로 - 기타,승용,남,56세,상해없음,승용,남,73세,경상
2017110300100375,2017년 11월 3일 14시,금요일,강원도 고성군 거진읍,경상사고,0,0,1,0,차대차 - 추돌,교차로운행방법위반,건조,맑음,교차로 - 교차로안,승용,남,78세,상해없음,승용,남,28세,경상
2017110300100404,2017년 11월 3일 15시,금요일,강원도 원주시 단구동,경상사고,0,0,1,0,차대사람 - 보도통행중,보행자보호의무위반,건조,맑음,단일로 - 기타,승용,여,46세,상해없음,보행자,여,60세,경상
2017110300100405,2017년 11월 3일 15시,금요일,강원도 영월군 북면,사망사고,1,0,0,0,차량단독 - 전도전복,안전운전불이행,젖음/습기,흐림,단일로 - 기타,화물,남,61세,사망,미분류,미분류,미분류,미분류
2017110300100406,2017년 11월 3일 15시,금요일,강원도 정선군 남면,경상사고,0,0,2,0,차대차 - 측면충돌,중앙선침범,건조,맑음,단일로 - 기타,화물,남,68세,상해없음,승용,남,29세,경상
2017110300100449,2017년 11월 3일 16시,금요일,강원도 춘천시 신북읍,부상신고사고,0,0,0,1,차대사람 - 차도통행중,안전운전불이행,건조,맑음,단일로 - 기타,승용,남,51세,상해없음,보행자,여,13세,부상신고
2017110300100450,2017년 11월 3일 16시,금요일,강원도 춘천시 퇴계동,경상사고,0,0,1,0,차대차 - 추돌,안전운전불이행,건조,맑음,교차로 - 교차로부근,승용,남,64세,상해없음,승용,여,41세,상해없음
2017110300100451,2017년 11월 3일 16시,금요일,강원도 삼척시 정하동,경상사고,0,0,1,0,차대사람 - 차도통행중,안전운전불이행,건조,맑음,단일로 - 기타,승용,남,62세,상해없음,보행자,여,49세,경상
2017110300100486,2017년 11월 3일 17시,금요일,강원도 원주시 개운동,경상사고,0,0,4,1,차대차 - 기타,안전운전불이행,건조,흐림,교차로 - 교차로부근,승용,여,46세,부상신고,승용,남,20세,경상
2017110300100554,2017년 11월 3일 18시,금요일,강원도 춘천시 신동면,경상사고,0,0,3,0,차대차 - 측면충돌,안전운전불이행,건조,맑음,교차로 - 교차로안,승용,남,52세,상해없음,화물,여,57세,경상
2017110300100555,2017년 11월 3일 18시,금요일,강원도 춘천시 남산면,경상사고,0,0,1,0,차대차 - 기타,차로위반,건조,맑음,단일로 - 기타,화물,남,69세,상해없음,화물,남,51세,경상
2017110300100556,2017년 11월 3일 18시,금요일,강원도 원주시 단계동,경상사고,0,0,1,0,차대차 - 추돌,안전운전불이행,건조,맑음,단일로 - 기타,기타불명,기타불명,미분류,기타불명,승용,여,40세,경상
2017110300100557,2017년 11월 3일 18시,금요일,강원도 홍천군 북방면,경상사고,0,0,1,0,차대차 - 기타,안전운전불이행,건조,맑음,교차로 - 교차로안,승용,남,29세,상해없음,화물,남,55세,경상
2017110300100558,2017년 11월 3일 18시,금요일,강원도 동해시 동회동,중상사고,0,1,0,0,차대사람 - 차도통행중,안전운전불이행,건조,맑음,교차로 - 교차로안,승용,남,50세,상해없음,보행자,여,82세,중상
2017110300100615,2017년 11월 3일 19시,금요일,강원도 원주시 개운동,중상사고,0,1,0,0,차대사람 - 횡단중,신호위반,건조,맑음,교차로 - 교차로횡단보도내,이륜,남,16세,상해없음,보행자,여,25세,중상
2017110300100702,2017년 11월 3일 21시,금요일,강원도 원주시 개운동,경상사고,0,0,2,0,차대차 - 측면충돌,안전운전불이행,건조,맑음,교차로 - 교차로부근,승용,여,53세,상해없음,승용,남,32세,경상
2017110300100732,2017년 11월 3일 22시,금요일,강원도 원주시 단구동,경상사고,0,0,4,0,차대차 - 추돌,안전운전불이행,건조,맑음,교차로 - 교차로부근,승용,남,49세,상해없음,승용,남,27세,경상
2017110300100733,2017년 11월 3일 22시,금요일,강원도 원주시 단계동,경상사고,0,0,4,0,차대차 - 측면충돌,중앙선침범,건조,맑음,단일로 - 기타,승합,남,31세,상해없음,승용,남,18세,경상
2017110300100762,2017년 11월 3일 23시,금요일,강원도 강릉시 교동,경상사고,0,0,1,0,차대차 - 측면충돌,안전운전불이행,젖음/습기,비,교차로 - 교차로안,화물,남,31세,상해없음,승용,남,28세,경상
2017110300100763,2017년 11월 3일 23시,금요일,강원도 강릉시 교동,중상사고,0,1,0,0,차대사람 - 차도통행중,보행자보호의무위반,젖음/습기,비,교차로 - 교차로횡단보도내,승용,여,73세,상해없음,보행자,남,60세,중상
2017110300100764,2017년 11월 3일 23시,금요일,강원도 강릉시 안현동,중상사고,0,1,0,0,차대사람 - 차도통행중,안전운전불이행,젖음/습기,비,교차로 - 교차로안,승용,여,20세,상해없음,보행자,남,51세,중상
2017110300100765,2017년 11월 3일 23시,금요일,강원도 강릉시 성산면,경상사고,0,0,4,0,차대차 - 추돌,차로위반,젖음/습기,비,단일로 - 기타,승용,남,43세,경상,승용,남,25세,상해없음
2017110400100082,2017년 11월 4일 04시,토요일,강원도 동해시 천곡동,중상사고,0,1,0,0,차대사람 - 횡단중,신호위반,젖음/습기,비,단일로 - 기타,승용,남,23세,상해없음,보행자,여,19세,중상
2017110400100137,2017년 11월 4일 08시,토요일,강원도 삼척시 미로면,경상사고,0,0,1,0,차량단독 - 전도전복 - 전도,안전운전불이행,젖음/습기,흐림,교차로 - 교차로부근,승합,남,52세,경상,,,,
2017110400100138,2017년 11월 4일 08시,토요일,강원도 홍천군 동면,경상사고,0,0,1,0,차대차 - 정면충돌,중앙선침범,건조,맑음,단일로 - 기타,농기계,남,66세,상해없음,화물,남,50세,경상
2017110400100162,2017년 11월 4일 09시,토요일,강원도 강릉시 주문진읍,중상사고,0,2,2,0,차대차 - 측면충돌,중앙선침범,젖음/습기,흐림,교차로 - 교차로부근,승용,여,34세,상해없음,화물,여,46세,경상
2017110400100163,2017년 11월 4일 09시,토요일,강원도 태백시 장성동,사망사고,1,0,0,0,차량단독 - 공작물충돌,안전운전불이행,젖음/습기,비,단일로 - 기타,화물,남,41세,사망,,,,
2017110400100189,2017년 11월 4일 10시,토요일,강원도 춘천시 효자동,경상사고,0,0,1,0,차대차 - 측면충돌,교차로운행방법위반,건조,맑음,교차로 - 교차로안,승용,남,78세,상해없음,승용,남,35세,경상
2017110400100190,2017년 11월 4일 10시,토요일,강원도 춘천시 남면,중상사고,0,1,2,0,차대차 - 기타,안전거리미확보,건조,맑음,단일로 - 기타,승용,남,19세,상해없음,승용,남,41세,경상
2017110400100219,2017년 11월 4일 11시,토요일,강원도 삼척시 원덕읍,중상사고,0,1,0,0,차대차 - 후진중충돌,안전운전불이행,건조,맑음,단일로 - 기타,승용,남,35세,상해없음,원동기,남,52세,중상
2017110400100289,2017년 11월 4일 13시,토요일,강원도 원주시 문막읍,경상사고,0,0,1,0,차대차 - 측면충돌,차로위반,건조,맑음,단일로 - 기타,승합,남,37세,상해없음,승용,여,56세,경상
2017110400100290,2017년 11월 4일 13시,토요일,강원도 동해시 평릉동,경상사고,0,0,1,0,차대사람 - 횡단중,안전운전불이행,건조,맑음,단일로 - 기타,승용,여,55세,상해없음,보행자,여,52세,경상
2017110400100314,2017년 11월 4일 14시,토요일,강원도 속초시 교동,경상사고,0,0,2,0,차대차 - 측면충돌,안전운전불이행,건조,맑음,단일로 - 기타,이륜,남,20세,상해없음,승용,남,54세,상해없음
2017110400100350,2017년 11월 4일 15시,토요일,강원도 원주시 우산동,경상사고,0,0,1,0,차대차 - 측면충돌,교차로운행방법위반,건조,맑음,교차로 - 교차로안,승용,남,45세,상해없음,승용,남,56세,경상
2017110400100351,2017년 11월 4일 15시,토요일,강원도 속초시 영랑동,중상사고,0,1,0,0,차대차 - 측면충돌,안전운전불이행,건조,맑음,단일로 - 기타,승용,여,30세,상해없음,자전거,남,63세,중상
2017110400100352,2017년 11월 4일 15시,토요일,강원도 철원군 동송읍,중상사고,0,1,0,0,차대차 - 기타,중앙선침범,건조,맑음,단일로 - 기타,자전거,여,76세,중상,승용,남,25세,상해없음
2017110400100390,2017년 11월 4일 16시,토요일,강원도 춘천시 동내면,경상사고,0,0,1,0,차대차 - 추돌,안전운전불이행,건조,맑음,단일로 - 기타,승용,남,42세,상해없음,화물,남,60세,경상
2017110400100391,2017년 11월 4일 16시,토요일,강원도 홍천군 서석면,경상사고,0,0,2,0,차대차 - 기타,안전운전불이행,건조,맑음,단일로 - 기타,농기계,남,61세,상해없음,건설기계,남,39세,경상
2017110400100436,2017년 11월 4일 17시,토요일,강원도 원주시 판부면,경상사고,0,0,2,1,차대차 - 추돌,안전운전불이행,건조,맑음,단일로 - 기타,승용,남,54세,상해없음,승용,남,61세,부상신고
2017110400100475,2017년 11월 4일 18시,토요일,강원도 춘천시 석사동,경상사고,0,0,1,0,차대차 - 측면충돌,신호위반,건조,맑음,교차로 - 교차로안,승용,남,55세,상해없음,이륜,남,31세,경상
2017110400100476,2017년 11월 4일 18시,토요일,강원도 원주시 단계동,경상사고,0,0,1,0,차대차 - 후진중충돌,안전운전불이행,건조,맑음,단일로 - 기타,승용,남,32세,상해없음,원동기,남,28세,경상
2017110400100477,2017년 11월 4일 18시,토요일,강원도 홍천군 서면,중상사고,0,2,2,0,차대차 - 측면충돌,중앙선침범,건조,맑음,단일로 - 기타,승용,남,41세,상해없음,승용,남,39세,중상
2017110400100525,2017년 11월 4일 19시,토요일,강원도 강릉시 교동,경상사고,0,0,1,0,차대차 - 측면충돌,안전운전불이행,건조,맑음,단일로 - 기타,승용,남,29세,기타불명,승용,여,65세,경상
2017110400100587,2017년 11월 4일 21시,토요일,강원도 평창군 봉평면,경상사고,0,0,2,0,차대차 - 후진중충돌,안전운전불이행,건조,맑음,교차로 - 교차로안,승용,남,44세,상해없음,승용,남,29세,경상
2017110400100607,2017년 11월 4일 22시,토요일,강원도 원주시 태장동,경상사고,0,0,2,0,차대차 - 추돌,안전운전불이행,건조,맑음,단일로 - 기타,승용,남,36세,상해없음,승용,남,46세,경상
2017110400100608,2017년 11월 4일 22시,토요일,강원도 영월군 영월읍,중상사고,0,1,0,0,차대사람 - 기타,안전운전불이행,건조,맑음,단일로 - 기타,승용,남,49세,상해없음,보행자,남,49세,중상
2017110400100637,2017년 11월 4일 23시,토요일,강원도 춘천시 석사동,경상사고,0,0,2,1,차대차 - 추돌,안전거리미확보,건조,맑음,교차로 - 교차로부근,승용,여,48세,상해없음,승용,남,60세,경상
2017110400100638,2017년 11월 4일 23시,토요일,강원도 춘천시 퇴계동,경상사고,0,0,2,0,차대차 - 기타,안전운전불이행,건조,맑음,단일로 - 기타,승용,남,40세,상해없음,승용,남,33세,경상
2017110400100639,2017년 11월 4일 23시,토요일,강원도 속초시 조양동,경상사고,0,0,2,0,차대차 - 측면충돌,신호위반,건조,맑음,교차로 - 교차로안,승용,남,53세,상해없음,승합,남,49세,경상
2017110500100020,2017년 11월 5일 00시,일요일,강원도 동해시 평릉동,경상사고,0,0,4,0,차대차 - 기타,직진우회전진행방해,건조,맑음,교차로 - 교차로안,승용,여,18세,상해없음,승용,남,36세,경상
2017110500100081,2017년 11월 5일 05시,일요일,강원도 원주시 문막읍,경상사고,0,0,1,0,차대차 - 추돌,안전거리미확보,건조,맑음,단일로 - 기타,화물,남,44세,상해없음,농기계,남,63세,경상
2017110500100096,2017년 11월 5일 07시,일요일,강원도 속초시 교동,경상사고,0,0,1,0,차대차 - 측면충돌,교차로운행방법위반,건조,맑음,교차로 - 교차로안,승용,남,24세,상해없음,승합,남,48세,경상
2017110500100104,2017년 11월 5일 08시,일요일,강원도 강릉시 주문진읍,경상사고,0,0,1,0,차대차 - 측면충돌,안전운전불이행,건조,맑음,교차로 - 교차로안,승용,남,65세,상해없음,원동기,여,54세,경상
2017110500100105,2017년 11월 5일 08시,일요일,강원도 속초시 교동,중상사고,0,1,0,0,차대사람 - 횡단중,안전운전불이행,건조,맑음,교차로 - 교차로부근,승용,남,47세,상해없음,보행자,남,44세,중상
2017110500100147,2017년 11월 5일 10시,일요일,강원도 춘천시 퇴계동,경상사고,0,0,2,0,차대차 - 측면충돌,기타,건조,맑음,교차로 - 교차로횡단보도내,승용,여,60세,상해없음,자전거,남,63세,경상
2017110500100148,2017년 11월 5일 10시,일요일,강원도 영월군 영월읍,부상신고사고,0,0,0,1,차대차 - 측면충돌,교차로운행방법위반,건조,맑음,교차로 - 교차로안,자전거,남,12세,부상신고,승용,남,31세,상해없음
2017110500100167,2017년 11월 5일 11시,일요일,강원도 춘천시 동면,경상사고,0,0,1,1,차대차 - 측면충돌,직진우회전진행방해,건조,맑음,교차로 - 교차로안,승용,남,52세,상해없음,승용,여,29세,경상
2017110500100168,2017년 11월 5일 11시,일요일,강원도 강릉시 교동,경상사고,0,0,3,0,차대차 - 측면충돌,안전운전불이행,건조,맑음,단일로 - 기타,화물,남,79세,상해없음,승용,남,52세,경상
2017110500100169,2017년 11월 5일 11시,일요일,강원도 속초시 대포동,중상사고,0,2,0,0,차대차 - 측면충돌,신호위반,건조,맑음,교차로 - 교차로안,승용,여,40세,상해없음,승용,남,60세,중상
2017110500100215,2017년 11월 5일 13시,일요일,강원도 강릉시 성산면,중상사고,0,1,1,0,차대차 - 측면충돌,중앙선침범,젖음/습기,눈,단일로 - 기타,이륜,남,24세,상해없음,승용,여,46세,경상
2017110500100216,2017년 11월 5일 13시,일요일,강원도 강릉시 교동,경상사고,0,0,1,0,차대차 - 측면충돌,안전운전불이행,건조,맑음,교차로 - 교차로안,화물,남,70세,상해없음,승용,여,36세,경상
2017110500100217,2017년 11월 5일 13시,일요일,강원도 영월군 영월읍,중상사고,0,1,0,0,차대사람 - 횡단중,안전운전불이행,건조,맑음,단일로 - 기타,승용,남,48세,상해없음,보행자,여,3세,중상
2017110500100246,2017년 11월 5일 14시,일요일,강원도 춘천시 온의동,경상사고,0,0,2,0,차대차 - 측면충돌,직진우회전진행방해,건조,맑음,교차로 - 교차로안,승용,여,41세,상해없음,승용,남,48세,경상
2017110500100282,2017년 11월 5일 15시,일요일,강원도 영월군 영월읍,경상사고,0,0,1,0,차대사람 - 횡단중,안전운전불이행,건조,맑음,단일로 - 기타,승용,남,47세,상해없음,보행자,남,23세,경상
2017110500100283,2017년 11월 5일 15시,일요일,강원도 동해시 발한동,경상사고,0,0,2,0,차대차 - 추돌,안전거리미확보,건조,맑음,단일로 - 기타,승용,남,41세,상해없음,승용,남,68세,경상
2017110500100319,2017년 11월 5일 16시,일요일,강원도 태백시 황지동,경상사고,0,0,4,2,차대차 - 측면충돌,교차로운행방법위반,건조,맑음,교차로 - 교차로안,승용,남,43세,경상,승용,남,60세,경상
2017110500100385,2017년 11월 5일 18시,일요일,강원도 강릉시 사천면,경상사고,0,0,1,0,차대차 - 기타,안전운전불이행,건조,맑음,교차로 - 교차로부근,화물,남,66세,상해없음,승용,남,36세,경상
2017110500100427,2017년 11월 5일 19시,일요일,강원도 춘천시 신동면,경상사고,0,0,1,0,차량단독 - 기타,안전운전불이행,건조,맑음,교차로 - 교차로안,승합,남,57세,상해없음,,,,
2017110500100462,2017년 11월 5일 20시,일요일,강원도 원주시 중앙동,중상사고,0,1,1,0,차대차 - 측면충돌,신호위반,건조,맑음,교차로 - 교차로안,승용,남,53세,경상,승용,여,49세,중상
2017110600100027,2017년 11월 6일 00시,월요일,강원도 속초시 대포동,경상사고,0,0,2,0,차대차 - 추돌,안전운전불이행,건조,맑음,단일로 - 기타,화물,남,63세,상해없음,승용,여,53세,경상
2017110600100043,2017년 11월 6일 02시,월요일,강원도 춘천시 동산면,경상사고,0,0,2,0,차대차 - 추돌,안전운전불이행,건조,맑음,단일로 - 기타,승용,남,34세,상해없음,승용,남,52세,경상
2017110600100088,2017년 11월 6일 07시,월요일,강원도 춘천시 후평동,경상사고,0,0,2,4,차대차 - 측면충돌,안전운전불이행,건조,맑음,교차로 - 교차로안,승용,여,41세,부상신고,승합,남,54세,경상
2017110600100089,2017년 11월 6일 07시,월요일,강원도 홍천군 화촌면,경상사고,0,0,1,0,차대차 - 정면충돌,신호위반,건조,맑음,단일로 - 기타,승용,남,28세,상해없음,화물,남,38세,경상
2017110600100127,2017년 11월 6일 08시,월요일,강원도 정선군 사북읍,경상사고,0,0,1,0,차대차 - 기타,안전운전불이행,건조,맑음,단일로 - 기타,승용,남,44세,경상,승용,남,52세,상해없음
2017110600100167,2017년 11월 6일 09시,월요일,강원도 춘천시 효자동,경상사고,0,0,3,0,차대차 - 측면충돌,교차로운행방법위반,건조,맑음,교차로 - 교차로안,승용,남,78세,기타불명,승용,남,58세,경상
2017110600100226,2017년 11월 6일 11시,월요일,강원도 원주시 학성동,경상사고,0,0,1,0,차대차 - 측면충돌,안전운전불이행,건조,맑음,교차로 - 교차로안,승용,여,43세,상해없음,승용,여,41세,경상
2017110600100227,2017년 11월 6일 11시,월요일,강원도 홍천군 홍천읍,경상사고,0,0,1,0,차대차 - 기타,차로위반,건조,맑음,교차로 - 교차로부근,화물,남,74세,상해없음,승용,남,31세,경상
2017110600100259,2017년 11월 6일 12시,월요일,강원도 원주시 반곡동,중상사고,0,1,3,0,차대차 - 측면충돌,안전운전불이행,건조,맑음,교차로 - 교차로안,화물,남,31세,상해없음,승용,남,79세,경상
2017110600100286,2017년 11월 6일 13시,월요일,강원도 춘천시 후평동,중상사고,0,1,0,0,차대사람 - 차도통행중,안전운전불이행,건조,맑음,단일로 - 기타,승용,여,65세,상해없음,보행자,여,74세,중상
2017110600100287,2017년 11월 6일 13시,월요일,강원도 원주시 무실동,경상사고,0,0,2,0,차대차 - 측면충돌,신호위반,건조,맑음,교차로 - 교차로안,승용,여,59세,상해없음,승용,남,45세,경상
2017110600100288,2017년 11월 6일 13시,월요일,강원도 속초시 동명동,중상사고,0,1,0,0,차대사람 - 횡단중,보행자보호의무위반,건조,맑음,단일로 - 기타,승용,여,44세,상해없음,보행자,남,70세,중상
2017110600100324,2017년 11월 6일 14시,월요일,강원도 강릉시 옥계면,중상사고,0,1,0,0,차대차 - 정면충돌,중앙선침범,건조,맑음,단일로 - 기타,승용,남,63세,상해없음,승용,남,61세,기타불명
2017110600100325,2017년 11월 6일 14시,월요일,강원도 원주시 우산동,경상사고,0,0,3,0,차대차 - 측면충돌,안전운전불이행,건조,맑음,교차로 - 교차로부근,승용,남,77세,상해없음,승용,남,62세,상해없음
2017110600100326,2017년 11월 6일 14시,월요일,강원도 동해시 발한동,경상사고,0,0,1,0,차대사람 - 차도통행중,안전운전불이행,건조,맑음,단일로 - 기타,화물,남,48세,상해없음,보행자,여,37세,경상
2017110600100361,2017년 11월 6일 15시,월요일,강원도 인제군 남면,경상사고,0,0,5,0,차대차 - 추돌,안전운전불이행,건조,맑음,단일로 - 기타,승용,남,65세,상해없음,승용,여,62세,경상
2017110600100395,2017년 11월 6일 16시,월요일,강원도 고성군 거진읍,부상신고사고,0,0,0,1,차대사람 - 기타,안전운전불이행,건조,맑음,기타 - 기타,자전거,남,55세,상해없음,보행자,여,83세,부상신고
2017110600100490,2017년 11월 6일 18시,월요일,강원도 강릉시 성산면,경상사고,0,0,2,0,차대차 - 측면충돌,중앙선침범,건조,맑음,단일로 - 기타,승용,남,49세,상해없음,화물,남,77세,경상
2017110600100491,2017년 11월 6일 18시,월요일,강원도 원주시 단구동,경상사고,0,0,2,0,차대차 - 후진중충돌,불법유턴,건조,맑음,단일로 - 기타,승용,남,45세,경상,승용,여,56세,상해없음
2017110600100492,2017년 11월 6일 18시,월요일,강원도 양양군 양양읍,중상사고,0,1,0,0,차대차 - 측면충돌,안전운전불이행,건조,맑음,단일로 - 기타,특수,남,66세,상해없음,화물,남,57세,상해없음