사고번호,사고일시,요일,시군구,사고내용,사망자수,중상자수,경상자수,부상신고자수,사고유형,법규위반,노면상태,기상상태,도로형태,가해운전자 차종,가해운전자 성별,가해운전자 연령,가해운전자 상해정도,피해운전자 차종,피해운전자 성별,피해운전자 연령,피해운전자 상해정도
2017110600100493,2017년 11월 6일 18시,월요일,강원도 동해시 평릉동,경상사고,0,0,1,0,차대차 - 측면충돌,신호위반,건조,맑음,교차로 - 교차로안,승용,남,63세,상해없음,승용,여,47세,경상
2017110600100557,2017년 11월 6일 19시,월요일,강원도 강릉시 교동,경상사고,0,0,2,0,차대차 - 정면충돌,신호위반,건조,맑음,교차로 - 교차로안,승용,여,27세,상해없음,승용,남,33세,경상
2017110600100586,2017년 11월 6일 20시,월요일,강원도 강릉시 옥천동,경상사고,0,0,1,0,차대차 - 후진중충돌,안전운전불이행,건조,맑음,교차로 - 교차로부근,승용,남,69세,상해없음,승용,남,54세,경상
2017110600100628,2017년 11월 6일 22시,월요일,강원도 강릉시 옥천동,경상사고,0,0,2,0,차대차 - 측면충돌,중앙선침범,건조,맑음,단일로 - 기타,원동기,남,58세,상해없음,승용,여,43세,경상
2017110700100025,2017년 11월 7일 00시,화요일,강원도 원주시 호저면,경상사고,0,0,2,0,차대차 - 측면충돌,안전운전불이행,건조,맑음,교차로 - 교차로안,기타불명,남,20세,상해없음,승용,남,45세,경상
2017110700100043,2017년 11월 7일 01시,화요일,강원도 원주시 개운동,중상사고,0,1,0,0,차량단독 - 공작물충돌,안전운전불이행,건조,맑음,교차로 - 교차로안,승용,남,25세,중상,,,,
2017110700100044,2017년 11월 7일 01시,화요일,강원도 평창군 평창읍,중상사고,0,1,0,0,차대차 - 측면충돌,안전운전불이행,건조,맑음,교차로 - 교차로안,승용,여,50세,상해없음,화물,남,63세,중상
2017110700100087,2017년 11월 7일 06시,화요일,강원도 정선군 북평면,중상사고,0,2,6,0,차대차 - 정면충돌,중앙선침범,건조,맑음,단일로 - 기타,승용,남,49세,상해없음,승용,남,51세,중상
2017110700100108,2017년 11월 7일 07시,화요일,강원도 원주시 단계동,경상사고,0,0,1,0,차대차 - 기타,교차로운행방법위반,건조,맑음,교차로 - 교차로안,승용,여,42세,상해없음,승용,여,45세,경상
2017110700100178,2017년 11월 7일 09시,화요일,강원도 삼척시 증산동,경상사고,0,0,1,0,차대차 - 측면충돌,직진우회전진행방해,건조,맑음,교차로 - 교차로안,승용,남,61세,경상,화물,남,37세,상해없음
2017110700100212,2017년 11월 7일 10시,화요일,강원도 강릉시 왕산면,경상사고,0,0,2,0,차량단독 - 공작물충돌,중앙선침범,건조,맑음,단일로 - 기타,승용,남,78세,상해없음,,,,
2017110700100238,2017년 11월 7일 11시,화요일,강원도 화천군 화천읍,경상사고,0,0,2,0,차대차 - 정면충돌,중앙선침범,건조,맑음,단일로 - 기타,승용,남,90세 이상,경상,승용,여,59세,경상
2017110700100265,2017년 11월 7일 12시,화요일,강원도 속초시 조양동,경상사고,0,0,1,0,차대사람 - 기타,기타,건조,맑음,기타 - 기타,승합,남,59세,상해없음,보행자,여,84세,경상
2017110700100315,2017년 11월 7일 14시,화요일,강원도 춘천시 후평동,경상사고,0,0,1,1,차대차 - 추돌,안전거리미확보,건조,맑음,단일로 - 기타,이륜,남,23세,부상신고,승용,남,74세,경상
2017110700100343,2017년 11월 7일 15시,화요일,강원도 원주시 우산동,중상사고,0,1,0,0,차대차 - 추돌,안전거리미확보,건조,맑음,교차로 - 교차로부근,화물,남,40세,상해없음,승용,남,37세,중상
2017110700100344,2017년 11월 7일 15시,화요일,강원도 원주시 개운동,경상사고,0,0,1,0,차량단독 - 기타,안전운전불이행,건조,맑음,교차로 - 교차로안,승용,남,65세,상해없음,,,,
2017110700100377,2017년 11월 7일 16시,화요일,강원도 동해시 천곡동,경상사고,0,0,1,0,차대차 - 측면충돌,직진우회전진행방해,건조,맑음,교차로 - 교차로안,승용,남,20세,상해없음,승용,여,49세,경상
2017110700100412,2017년 11월 7일 17시,화요일,강원도 춘천시 우두동,경상사고,0,0,1,0,차대사람 - 기타,기타,건조,맑음,교차로 - 교차로부근,승합,남,65세,상해없음,보행자,남,59세,경상
2017110700100413,2017년 11월 7일 17시,화요일,강원도 강릉시 포남동,경상사고,0,0,2,0,차대차 - 측면충돌,안전운전불이행,건조,맑음,교차로 - 교차로안,승용,여,49세,경상,승용,여,61세,경상
2017110700100414,2017년 11월 7일 17시,화요일,강원도 강릉시 성남동,경상사고,0,0,1,0,차대사람 - 기타,안전운전불이행,건조,맑음,교차로 - 교차로부근,화물,남,57세,상해없음,보행자,남,42세,경상
2017110700100415,2017년 11월 7일 17시,화요일,강원도 강릉시 입암동,경상사고,0,0,1,0,차대사람 - 횡단중,안전운전불이행,건조,맑음,단일로 - 기타,승용,남,57세,상해없음,보행자,남,16세,경상
2017110700100416,2017년 11월 7일 17시,화요일,강원도 영월군 영월읍,부상신고사고,0,0,0,1,차대차 - 측면충돌,안전운전불이행,건조,맑음,단일로 - 기타,화물,남,46세,상해없음,승용,남,69세,부상신고
2017110700100417,2017년 11월 7일 17시,화요일,강원도 정선군 정선읍,경상사고,0,0,3,0,차대차 - 정면충돌,중앙선침범,건조,맑음,단일로 - 기타,승용,남,59세,상해없음,화물,남,73세,경상
2017110700100418,2017년 11월 7일 17시,화요일,강원도 동해시 발한동,중상사고,0,1,0,0,차대사람 - 횡단중,안전운전불이행,건조,맑음,단일로 - 기타,승용,남,46세,상해없음,보행자,여,57세,중상
2017110700100465,2017년 11월 7일 18시,화요일,강원도 홍천군 화촌면,중상사고,0,1,0,0,차대차 - 추돌,안전운전불이행,건조,맑음,단일로 - 기타,승용,남,52세,상해없음,승용,남,57세,중상
2017110700100466,2017년 11월 7일 18시,화요일,강원도 정선군 남면,중상사고,0,1,2,0,차대차 - 정면충돌,중앙선침범,건조,맑음,단일로 - 기타,승용,남,65세,상해없음,승용,남,26세,경상
2017110700100523,2017년 11월 7일 19시,화요일,강원도 동해시 효가동,중상사고,0,1,0,0,차대차 - 측면충돌,안전거리미확보,건조,맑음,단일로 - 기타,승용,남,35세,상해없음,이륜,남,44세,중상
2017110700100598,2017년 11월 7일 21시,화요일,강원도 속초시 교동,경상사고,0,0,1,0,차대차 - 측면충돌,신호위반,건조,맑음,교차로 - 교차로안,승용,남,64세,상해없음,승용,남,25세,경상
2017110700100599,2017년 11월 7일 21시,화요일,강원도 정선군 신동읍,경상사고,0,0,2,0,차대차 - 기타,신호위반,건조,맑음,교차로 - 교차로안,화물,여,57세,상해없음,화물,남,26세,경상
2017110700100600,2017년 11월 7일 21시,화요일,강원도 횡성군 횡성읍,중상사고,0,3,1,0,차대차 - 추돌,안전운전불이행,건조,맑음,단일로 - 기타,승용,남,23세,중상,건설기계,남,51세,상해없음
2017110700100601,2017년 11월 7일 21시,화요일,강원도 횡성군 우천면,중상사고,0,1,0,0,차대차 - 정면충돌,중앙선침범,건조,맑음,단일로 - 기타,화물,남,45세,상해없음,화물,여,38세,중상
2017110800100024,2017년 11월 8일 00시,수요일,강원도 원주시 단구동,중상사고,0,2,0,0,차대차 - 추돌,안전거리미확보,건조,맑음,단일로 - 기타,승용,남,31세,상해없음,승용,여,26세,중상
2017110800100050,2017년 11월 8일 02시,수요일,강원도 춘천시 석사동,사망사고,1,0,1,0,차대차 - 정면충돌,중앙선침범,건조,맑음,단일로 - 기타,승용,남,34세,사망,화물,남,33세,경상
2017110800100066,2017년 11월 8일 04시,수요일,강원도 원주시 반곡동,경상사고,0,0,2,0,차대차 - 측면충돌,신호위반,건조,맑음,교차로 - 교차로안,승합,남,59세,상해없음,승용,남,60세,경상
2017110800100085,2017년 11월 8일 06시,수요일,강원도 원주시 소초면,중상사고,0,2,0,0,차대차 - 측면충돌,중앙선침범,젖음/습기,맑음,단일로 - 기타,건설기계,남,60세,상해없음,승용,남,54세,중상
2017110800100112,2017년 11월 8일 07시,수요일,강원도 원주시 소초면,경상사고,0,0,1,0,차대차 - 추돌,안전거리미확보,건조,맑음,단일로 - 기타,화물,남,77세,상해없음,승용,남,34세,경상
2017110800100189,2017년 11월 8일 09시,수요일,강원도 속초시 교동,경상사고,0,0,2,0,차대차 - 측면충돌,안전운전불이행,건조,맑음,교차로 - 교차로안,승용,남,55세,상해없음,승용,여,50세,경상
2017110800100251,2017년 11월 8일 11시,수요일,강원도 강릉시 유천동,경상사고,0,0,1,0,차대차 - 측면충돌,안전운전불이행,건조,맑음,교차로 - 교차로안,승용,여,25세,상해없음,승용,남,49세,경상
2017110800100252,2017년 11월 8일 11시,수요일,강원도 횡성군 둔내면,경상사고,0,0,1,0,차대차 - 측면충돌,안전운전불이행,건조,맑음,단일로 - 기타,화물,남,47세,상해없음,승용,남,69세,상해없음
2017110800100348,2017년 11월 8일 14시,수요일,강원도 횡성군 횡성읍,경상사고,0,0,1,0,차대사람 - 차도통행중,안전운전불이행,건조,맑음,교차로 - 교차로부근,승용,남,64세,상해없음,보행자,여,69세,경상
2017110800100380,2017년 11월 8일 15시,수요일,강원도 속초시 교동,경상사고,0,0,1,0,차대차 - 측면충돌,안전운전불이행,건조,맑음,단일로 - 기타,승용,남,67세,상해없음,자전거,남,75세,경상
2017110800100420,2017년 11월 8일 16시,수요일,강원도 원주시 봉산동,경상사고,0,0,1,0,차대사람 - 기타,안전운전불이행,건조,맑음,주차장 - 주차장,승용,남,32세,상해없음,보행자,남,27세,경상
2017110800100421,2017년 11월 8일 16시,수요일,강원도 원주시 단구동,중상사고,0,1,0,0,차대사람 - 기타,보행자보호의무위반,건조,맑음,교차로 - 교차로안,승용,여,37세,상해없음,보행자,여,68세,중상
2017110800100422,2017년 11월 8일 16시,수요일,강원도 동해시 용정동,경상사고,0,0,1,0,차대차 - 측면충돌,안전운전불이행,건조,맑음,단일로 - 기타,승합,남,76세,상해없음,이륜,남,84세,경상
2017110800100475,2017년 11월 8일 17시,수요일,강원도 춘천시 석사동,경상사고,0,0,1,0,차대차 - 측면충돌,직진우회전진행방해,건조,맑음,교차로 - 교차로안,승용,여,24세,상해없음,승용,남,58세,경상
2017110800100476,2017년 11월 8일 17시,수요일,강원도 춘천시 후평동,경상사고,0,0,2,0,차대차 - 정면충돌,안전운전불이행,건조,맑음,교차로 - 교차로안,승용,남,35세,경상,승용,남,72세,상해없음
2017110800100518,2017년 11월 8일 18시,수요일,강원도 원주시 호저면,경상사고,0,0,1,0,차대차 - 측면충돌,안전운전불이행,건조,맑음,단일로 - 기타,승용,남,41세,상해없음,승용,여,56세,경상
2017110800100519,2017년 11월 8일 18시,수요일,강원도 원주시 일산동,경상사고,0,0,1,0,차대차 - 측면충돌,교차로운행방법위반,건조,맑음,교차로 - 교차로안,승합,남,38세,상해없음,원동기,남,28세,경상
2017110800100520,2017년 11월 8일 18시,수요일,강원도 동해시 발한동,경상사고,0,0,1,0,차대사람 - 기타,기타,건조,맑음,단일로 - 기타,승합,남,53세,상해없음,보행자,여,14세,경상
2017110800100579,2017년 11월 8일 19시,수요일,강원도 춘천시 효자동,경상사고,0,0,1,0,차대차 - 측면충돌,안전운전불이행,건조,맑음,교차로 - 교차로안,승용,남,55세,상해없음,승용,남,49세,경상
2017110800100580,2017년 11월 8일 19시,수요일,강원도 춘천시 서면,부상신고사고,0,0,0,1,차대차 - 측면충돌,안전운전불이행,건조,맑음,단일로 - 기타,화물,남,60세,상해없음,승용,여,39세,부상신고
2017110800100619,2017년 11월 8일 20시,수요일,강원도 동해시 천곡동,경상사고,0,0,1,0,차대사람 - 횡단중,보행자보호의무위반,건조,맑음,단일로 - 기타,이륜,남,17세,상해없음,보행자,남,59세,경상
2017110900100100,2017년 11월 9일 07시,목요일,강원도 춘천시 신북읍,경상사고,0,0,2,0,차대차 - 측면충돌,교차로운행방법위반,건조,맑음,교차로 - 교차로안,승용,남,72세,상해없음,승합,남,55세,상해없음
2017110900100101,2017년 11월 9일 07시,목요일,강원도 춘천시 후평동,중상사고,0,1,0,0,차대차 - 측면충돌,신호위반,건조,맑음,교차로 - 교차로안,승용,남,37세,상해없음,화물,여,20세,중상
2017110900100102,2017년 11월 9일 07시,목요일,강원도 삼척시 등봉동,경상사고,0,0,1,0,차대차 - 추돌,안전운전불이행,건조,맑음,교차로 - 교차로부근,승용,남,20세,기타불명,건설기계,남,47세,경상
2017110900100103,2017년 11월 9일 07시,목요일,강원도 평창군 대관령면,경상사고,0,0,1,0,차대차 - 측면충돌,안전운전불이행,건조,맑음,교차로 - 교차로안,승합,남,58세,상해없음,승용,남,45세,상해없음
2017110900100104,2017년 11월 9일 07시,목요일,강원도 철원군 서면,중상사고,0,2,0,0,차대차 - 측면충돌,중앙선침범,건조,맑음,단일로 - 기타,승용,남,28세,상해없음,승용,여,77세,중상
2017110900100132,2017년 11월 9일 08시,목요일,강원도 원주시 명륜동,중상사고,0,2,0,0,차대차 - 추돌,안전운전불이행,건조,맑음,단일로 - 기타,승용,남,29세,상해없음,승용,여,58세,상해없음
2017110900100133,2017년 11월 9일 08시,목요일,강원도 홍천군 화촌면,중상사고,0,1,0,0,차량단독 - 전도전복 - 전도,안전운전불이행,건조,맑음,단일로 - 기타,승용,여,60세,상해없음,,,,
2017110900100134,2017년 11월 9일 08시,목요일,강원도 평창군 평창읍,중상사고,0,1,0,0,차대차 - 측면충돌,안전운전불이행,건조,맑음,교차로 - 교차로안,이륜,남,73세,중상,승용,여,45세,상해없음
2017110900100177,2017년 11월 9일 09시,목요일,강원도 춘천시 우두동,경상사고,0,0,1,0,차대차 - 측면충돌,신호위반,건조,맑음,교차로 - 교차로안,승용,남,48세,상해없음,승용,여,63세,경상
2017110900100178,2017년 11월 9일 09시,목요일,강원도 춘천시 온의동,경상사고,0,0,2,0,차대차 - 추돌,안전거리미확보,건조,맑음,단일로 - 기타,건설기계,남,50세,상해없음,승용,남,43세,경상
2017110900100179,2017년 11월 9일 09시,목요일,강원도 춘천시 석사동,경상사고,0,0,1,0,차대차 - 추돌,안전거리미확보,건조,맑음,단일로 - 기타,승용,여,51세,상해없음,승용,남,23세,경상
2017110900100180,2017년 11월 9일 09시,목요일,강원도 강릉시 옥계면,경상사고,0,0,1,0,차대사람 - 기타,안전운전불이행,건조,맑음,교차로 - 교차로부근,화물,남,57세,상해없음,보행자,여,42세,경상
2017110900100213,2017년 11월 9일 10시,목요일,강원도 춘천시 석사동,경상사고,0,0,1,0,차대차 - 추돌,안전거리미확보,건조,맑음,단일로 - 기타,승용,여,39세,상해없음,승용,여,51세,경상
2017110900100214,2017년 11월 9일 10시,목요일,강원도 원주시 반곡동,경상사고,0,0,2,0,차대차 - 추돌,안전운전불이행,건조,맑음,교차로 - 교차로부근,승용,남,50세,상해없음,승용,여,41세,경상
2017110900100215,2017년 11월 9일 10시,목요일,강원도 정선군 신동읍,경상사고,0,0,1,0,차대차 - 정면충돌,안전운전불이행,건조,맑음,단일로 - 기타,건설기계,남,58세,상해없음,화물,남,67세,경상
2017110900100238,2017년 11월 9일 11시,목요일,강원도 춘천시 퇴계동,경상사고,0,0,1,0,차대차 - 기타,중앙선침범,건조,맑음,교차로 - 교차로부근,승용,남,54세,상해없음,화물,남,79세,경상
2017110900100239,2017년 11월 9일 11시,목요일,강원도 춘천시 동면,경상사고,0,0,1,0,차대사람 - 기타,안전운전불이행,건조,맑음,단일로 - 기타,승용,남,67세,상해없음,보행자,남,20세,경상
2017110900100240,2017년 11월 9일 11시,목요일,강원도 원주시 일산동,중상사고,0,1,0,0,차대차 - 측면충돌,차로위반,건조,맑음,단일로 - 기타,화물,남,63세,상해없음,이륜,남,67세,중상
2017110900100241,2017년 11월 9일 11시,목요일,강원도 삼척시 교동,경상사고,0,0,2,0,차대차 - 측면충돌,안전운전불이행,건조,맑음,단일로 - 기타,원동기,남,23세,경상,승용,남,41세,상해없음
2017110900100267,2017년 11월 9일 12시,목요일,강원도 홍천군 남면,중상사고,0,1,0,0,차량단독 - 공작물충돌,안전운전불이행,건조,맑음,단일로 - 기타,승용,남,28세,상해없음,,,,
2017110900100293,2017년 11월 9일 13시,목요일,강원도 홍천군 남면,경상사고,0,0,3,0,차대차 - 측면충돌,중앙선침범,건조,맑음,교차로 - 교차로부근,승용,남,56세,상해없음,승용,남,63세,경상
2017110900100310,2017년 11월 9일 14시,목요일,강원도 원주시 단계동,경상사고,0,0,1,0,차대차 - 측면충돌,안전거리미확보,건조,맑음,단일로 - 기타,승용,남,69세,기타불명,승용,남,44세,경상
2017110900100311,2017년 11월 9일 14시,목요일,강원도 동해시 발한동,중상사고,0,2,13,0,차대차 - 추돌,안전거리미확보,건조,맑음,단일로 - 기타,승합,남,47세,상해없음,승합,남,49세,상해없음
2017110900100312,2017년 11월 9일 14시,목요일,강원도 평창군 대관령면,중상사고,0,1,0,0,차대사람 - 길가장자리구역통행중,안전운전불이행,건조,맑음,단일로 - 기타,승용,남,64세,상해없음,보행자,남,53세,중상
2017110900100354,2017년 11월 9일 15시,목요일,강원도 강릉시 안현동,경상사고,0,0,5,0,차대차 - 측면충돌,안전운전불이행,건조,맑음,단일로 - 기타,승용,남,28세,상해없음,승합,남,26세,경상
2017110900100355,2017년 11월 9일 15시,목요일,강원도 원주시 문막읍,경상사고,0,0,1,0,차대차 - 측면충돌,교차로운행방법위반,건조,맑음,교차로 - 교차로안,화물,남,61세,상해없음,이륜,남,75세,경상
2017110900100356,2017년 11월 9일 15시,목요일,강원도 횡성군 횡성읍,경상사고,0,0,1,0,차대사람 - 기타,안전운전불이행,건조,맑음,단일로 - 기타,승용,남,69세,상해없음,보행자,여,67세,경상
2017110900100357,2017년 11월 9일 15시,목요일,강원도 인제군 기린면,중상사고,0,1,1,0,차대차 - 측면충돌,안전운전불이행,건조,맑음,단일로 - 터널,승용,남,52세,상해없음,화물,남,29세,경상
2017110900100391,2017년 11월 9일 16시,목요일,강원도 강릉시 주문진읍,중상사고,0,1,2,0,차대차 - 기타,안전운전불이행,건조,맑음,단일로 - 기타,승용,여,57세,상해없음,승용,남,57세,경상
2017110900100392,2017년 11월 9일 16시,목요일,강원도 원주시 단계동,중상사고,0,1,0,0,차대차 - 측면충돌,차로위반,건조,맑음,단일로 - 기타,승용,남,63세,기타불명,승용,여,74세,중상
2017110900100393,2017년 11월 9일 16시,목요일,강원도 원주시 원동,중상사고,0,1,0,0,차대사람 - 기타,안전운전불이행,건조,맑음,단일로 - 기타,승용,남,63세,상해없음,보행자,남,61세,중상
2017110900100394,2017년 11월 9일 16시,목요일,강원도 고성군 거진읍,경상사고,0,0,2,0,차대차 - 추돌,안전운전불이행,건조,맑음,교차로 - 교차로부근,승용,여,45세,상해없음,화물,남,57세,경상
2017110900100431,2017년 11월 9일 17시,목요일,강원도 원주시 지정면,경상사고,0,0,1,0,차대차 - 측면충돌,신호위반,건조,맑음,교차로 - 교차로안,승용,남,58세,상해없음,화물,남,54세,경상
2017110900100491,2017년 11월 9일 18시,목요일,강원도 춘천시 교동,중상사고,0,1,0,0,차대차 - 측면충돌,안전운전불이행,건조,맑음,단일로 - 기타,승용,남,62세,상해없음,자전거,남,48세,중상
2017110900100492,2017년 11월 9일 18시,목요일,강원도 춘천시 근화동,중상사고,0,1,0,0,차대사람 - 횡단중,안전운전불이행,건조,맑음,교차로 - 교차로횡단보도내,승용,여,58세,상해없음,보행자,여,71세,중상
2017110900100493,2017년 11월 9일 18시,목요일,강원도 원주시 단구동,중상사고,0,1,0,0,차대차 - 측면충돌,신호위반,건조,맑음,교차로 - 교차로안,승용,여,54세,상해없음,이륜,남,59세,중상
2017110900100494,2017년 11월 9일 18시,목요일,강원도 평창군 봉평면,중상사고,0,1,0,0,차대차 - 정면충돌,중앙선침범,건조,맑음,단일로 - 기타,승합,남,60세,상해없음,승용,여,24세,중상
2017110900100587,2017년 11월 9일 20시,목요일,강원도 강릉시 저동,경상사고,0,0,1,0,차대차 - 기타,중앙선침범,건조,맑음,단일로 - 기타,승용,여,51세,상해없음,승용,남,50세,경상
2017110900100588,2017년 11월 9일 20시,목요일,강원도 홍천군 서석면,경상사고,0,0,2,0,차대차 - 측면충돌,직진우회전진행방해,건조,맑음,교차로 - 교차로안,화물,남,60세,상해없음,승용,남,45세,경상
2017110900100624,2017년 11월 9일 21시,목요일,강원도 춘천시 효자동,경상사고,0,0,1,1,차대차 - 측면충돌,안전거리미확보,건조,맑음,단일로 - 기타,승용,남,34세,상해없음,승용,남,53세,경상
2017110900100625,2017년 11월 9일 21시,목요일,강원도 정선군 정선읍,경상사고,0,0,1,0,차대차 - 기타,직진우회전진행방해,건조,맑음,교차로 - 교차로부근,승용,남,43세,상해없음,승용,여,60세,경상
2017111000100047,2017년 11월 10일 01시,금요일,강원도 원주시 단구동,경상사고,0,0,1,0,차대사람 - 길가장자리구역통행중,안전운전불이행,건조,맑음,단일로 - 기타,승용,남,26세,상해없음,보행자,남,30세,경상
2017111000100120,2017년 11월 10일 07시,금요일,강원도 춘천시 효자동,중상사고,0,1,0,0,차대차 - 측면충돌,신호위반,건조,맑음,교차로 - 교차로안,승합,남,48세,상해없음,이륜,남,62세,중상
2017111000100121,2017년 11월 10일 07시,금요일,강원도 원주시 봉산동,중상사고,0,1,0,0,차대차 - 측면충돌,안전운전불이행,건조,맑음,교차로 - 교차로안,화물,남,53세,상해없음,자전거,남,79세,중상
2017111000100122,2017년 11월 10일 07시,금요일,강원도 삼척시 교동,경상사고,0,0,1,0,차대차 - 측면충돌,직진우회전진행방해,건조,맑음,교차로 - 교차로안,승용,남,52세,상해없음,승합,남,54세,상해없음
2017111000100149,2017년 11월 10일 08시,금요일,강원도 춘천시 퇴계동,경상사고,0,0,2,0,차대사람 - 기타,안전운전불이행,건조,맑음,단일로 - 기타,승용,여,44세,경상,보행자,남,13세,경상
2017111000100189,2017년 11월 10일 09시,금요일,강원도 원주시 흥업면,중상사고,0,1,0,0,차대차 - 측면충돌,안전운전불이행,건조,맑음,단일로 - 기타,화물,남,37세,상해없음,승용,남,36세,중상
2017111000100190,2017년 11월 10일 09시,금요일,강원도 영월군 한반도면,부상신고사고,0,0,0,1,차대차 - 추돌,안전거리미확보,건조,맑음,단일로 - 기타,화물,남,76세,부상신고,화물,남,61세,상해없음
2017111000100191,2017년 11월 10일 09시,금요일,강원도 태백시 황지동,경상사고,0,0,1,0,차대차 - 측면충돌,교차로운행방법위반,건조,맑음,교차로 - 교차로안,승용,남,78세,상해없음,승용,여,47세,경상
2017111000100252,2017년 11월 10일 11시,금요일,강원도 정선군 남면,경상사고,0,0,1,1,차대차 - 정면충돌,신호위반,건조,맑음,교차로 - 교차로안,승용,남,69세,상해없음,승용,남,33세,경상
2017111000100274,2017년 11월 10일 12시,금요일,강원도 원주시 원동,경상사고,0,0,1,0,차대사람 - 횡단중,안전운전불이행,건조,맑음,단일로 - 기타,승합,남,78세,상해없음,보행자,남,74세,경상
2017111000100275,2017년 11월 10일 12시,금요일,강원도 삼척시 정상동,경상사고,0,0,3,0,차대차 - 추돌,안전운전불이행,건조,맑음,단일로 - 기타,승용,여,35세,상해없음,승용,남,46세,경상
2017111000100301,2017년 11월 10일 13시,금요일,강원도 양양군 현남면,중상사고,0,1,1,0,차대차 - 측면충돌,신호위반,건조,맑음,교차로 - 교차로안,승용,여,26세,상해없음,승용,여,46세,경상
2017111000100333,2017년 11월 10일 14시,금요일,강원도 강릉시 교동,경상사고,0,0,1,0,차대차 - 측면충돌,신호위반,건조,맑음,교차로 - 교차로부근,승용,남,24세,상해없음,승용,남,43세,경상
2017111000100334,2017년 11월 10일 14시,금요일,강원도 평창군 진부면,경상사고,0,0,1,0,차대차 - 측면충돌,안전운전불이행,건조,맑음,교차로 - 교차로안,화물,남,64세,상해없음,승용,여,55세,경상
2017111000100335,2017년 11월 10일 14시,금요일,강원도 횡성군 둔내면,경상사고,0,0,7,0,차대차 - 추돌,안전운전불이행,건조,맑음,단일로 - 기타,화물,남,59세,상해없음,승용,남,37세,경상
2017111000100369,2017년 11월 10일 15시,금요일,강원도 춘천시 동내면,중상사고,0,2,0,0,차대차 - 측면충돌,차로위반,젖음/습기,비,단일로 - 기타,화물,남,67세,상해없음,화물,남,33세,중상
2017111000100452,2017년 11월 10일 17시,금요일,강원도 춘천시 동면,경상사고,0,0,1,0,차대차 - 추돌,안전운전불이행,젖음/습기,비,교차로 - 교차로부근,승용,남,65세,상해없음,승용,남,36세,경상
2017111000100453,2017년 11월 10일 17시,금요일,강원도 원주시 무실동,중상사고,0,1,0,0,차대사람 - 횡단중,안전운전불이행,젖음/습기,비,단일로 - 기타,승용,여,38세,상해없음,보행자,여,58세,중상
2017111000100454,2017년 11월 10일 17시,금요일,강원도 삼척시 미로면,경상사고,0,0,1,0,차대차 - 추돌,안전운전불이행,건조,맑음,단일로 - 기타,승용,남,67세,기타불명,건설기계,남,44세,경상
2017111000100455,2017년 11월 10일 17시,금요일,강원도 태백시 소도동,중상사고,0,2,1,0,차대차 - 측면충돌,교차로운행방법위반,건조,맑음,교차로 - 교차로안,승용,여,49세,상해없음,화물,남,68세,경상
2017111000100518,2017년 11월 10일 18시,금요일,강원도 원주시 개운동,경상사고,0,0,1,0,차대차 - 추돌,안전운전불이행,건조,맑음,교차로 - 교차로부근,승용,여,59세,상해없음,승용,여,51세,경상
2017111000100519,2017년 11월 10일 18시,금요일,강원도 원주시 단구동,중상사고,0,1,0,0,차대차 - 추돌,중앙선침범,젖음/습기,흐림,단일로 - 기타,승용,여,66세,상해없음,승용,여,27세,중상
2017111000100591,2017년 11월 10일 19시,금요일,강원도 춘천시 효자동,경상사고,0,0,3,0,차대차 - 측면충돌,안전거리미확보,건조,맑음,단일로 - 기타,승용,남,57세,상해없음,화물,남,63세,경상
2017111000100592,2017년 11월 10일 19시,금요일,강원도 홍천군 북방면,중상사고,0,1,0,0,차대차 - 추돌,안전운전불이행,젖음/습기,흐림,교차로 - 교차로부근,승용,여,46세,상해없음,승용,남,54세,상해없음
2017111000100593,2017년 11월 10일 19시,금요일,강원도 태백시 황지동,경상사고,0,0,2,0,차대차 - 측면충돌,안전운전불이행,젖음/습기,비,교차로 - 교차로안,승용,남,69세,경상,승합,여,56세,경상
2017111000100594,2017년 11월 10일 19시,금요일,강원도 정선군 정선읍,경상사고,0,0,1,0,차대차 - 기타,중앙선침범,건조,맑음,교차로 - 교차로부근,승용,남,34세,상해없음,승용,남,49세,상해없음
2017111000100638,2017년 11월 10일 20시,금요일,강원도 원주시 소초면,경상사고,0,0,1,0,차대차 - 측면충돌,기타,건조,맑음,단일로 - 기타,승용,남,54세,기타불명,화물,남,35세,경상
2017111000100639,2017년 11월 10일 20시,금요일,강원도 고성군 토성면,경상사고,0,0,1,0,차대차 - 측면충돌,직진우회전진행방해,건조,맑음,교차로 - 교차로안,승용,남,28세,상해없음,승용,남,46세,상해없음
2017111000100733,2017년 11월 10일 23시,금요일,강원도 춘천시 퇴계동,경상사고,0,0,1,0,차대차 - 측면충돌,신호위반,건조,맑음,교차로 - 교차로안,승용,남,42세,상해없음,승용,남,59세,경상
2017111100100056,2017년 11월 11일 01시,토요일,강원도 원주시 인동,중상사고,0,1,3,0,차대차 - 정면충돌,중앙선침범,건조,맑음,교차로 - 교차로부근,승용,남,21세,중상,승용,남,19세,경상
2017111100100117,2017년 11월 11일 06시,토요일,강원도 춘천시 후평동,중상사고,0,1,0,0,차대차 - 기타,직진우회전진행방해,건조,맑음,교차로 - 교차로안,승용,남,60세,상해없음,이륜,남,61세,중상
2017111100100129,2017년 11월 11일 07시,토요일,강원도 원주시 단계동,중상사고,0,1,1,0,차대차 - 추돌,안전거리미확보,건조,맑음,단일로 - 기타,승합,남,60세,상해없음,승용,남,72세,중상