사고번호,사고일시,요일,시군구,사고내용,사망자수,중상자수,경상자수,부상신고자수,사고유형,법규위반,노면상태,기상상태,도로형태,가해운전자 차종,가해운전자 성별,가해운전자 연령,가해운전자 상해정도,피해운전자 차종,피해운전자 성별,피해운전자 연령,피해운전자 상해정도
2017111100100130,2017년 11월 11일 07시,토요일,강원도 원주시 단구동,경상사고,0,0,2,0,차대차 - 측면충돌,신호위반,건조,맑음,교차로 - 교차로안,승용,남,26세,경상,승용,남,44세,경상
2017111100100153,2017년 11월 11일 08시,토요일,강원도 강릉시 입암동,경상사고,0,0,1,0,차대차 - 측면충돌,차로위반,건조,맑음,단일로 - 기타,승용,여,35세,상해없음,화물,남,32세,경상
2017111100100154,2017년 11월 11일 08시,토요일,강원도 원주시 단계동,경상사고,0,0,1,0,차대차 - 측면충돌,기타,건조,맑음,단일로 - 기타,승용,남,62세,상해없음,화물,남,50세,경상
2017111100100179,2017년 11월 11일 09시,토요일,강원도 원주시 태장동,중상사고,0,1,0,0,차대차 - 추돌,안전운전불이행,건조,맑음,교차로 - 교차로부근,화물,남,33세,상해없음,승용,여,58세,중상
2017111100100202,2017년 11월 11일 10시,토요일,강원도 강릉시 옥천동,경상사고,0,0,1,0,차대사람 - 횡단중,보행자보호의무위반,건조,맑음,교차로 - 교차로횡단보도내,승용,남,53세,상해없음,보행자,남,76세,경상
2017111100100203,2017년 11월 11일 10시,토요일,강원도 강릉시 홍제동,중상사고,0,1,0,0,차대차 - 기타,중앙선침범,건조,맑음,단일로 - 기타,화물,남,55세,상해없음,승용,여,57세,중상
2017111100100204,2017년 11월 11일 10시,토요일,강원도 영월군 영월읍,중상사고,0,1,0,0,차대사람 - 횡단중,보행자보호의무위반,건조,맑음,단일로 - 기타,승용,남,46세,상해없음,보행자,여,41세,중상
2017111100100237,2017년 11월 11일 11시,토요일,강원도 춘천시 효자동,중상사고,0,1,0,0,차대차 - 측면충돌,안전운전불이행,건조,맑음,단일로 - 기타,화물,남,41세,상해없음,원동기,남,50세,중상
2017111100100238,2017년 11월 11일 11시,토요일,강원도 원주시 단계동,경상사고,0,0,1,0,차대사람 - 기타,안전운전불이행,건조,맑음,단일로 - 기타,승용,여,45세,상해없음,보행자,남,56세,경상
2017111100100279,2017년 11월 11일 12시,토요일,강원도 강릉시 송정동,중상사고,0,2,4,0,차대차 - 기타,중앙선침범,건조,맑음,교차로 - 교차로부근,승용,남,31세,상해없음,승용,남,54세,경상
2017111100100280,2017년 11월 11일 12시,토요일,강원도 영월군 영월읍,중상사고,0,1,0,0,차대차 - 측면충돌,안전거리미확보,건조,맑음,단일로 - 기타,건설기계,남,37세,상해없음,승용,남,35세,중상
2017111100100327,2017년 11월 11일 13시,토요일,강원도 강릉시 주문진읍,경상사고,0,0,1,0,차대사람 - 횡단중,안전운전불이행,건조,맑음,주차장 - 주차장,승합,남,63세,상해없음,보행자,여,57세,경상
2017111100100328,2017년 11월 11일 13시,토요일,강원도 원주시 인동,중상사고,0,2,4,1,차대차 - 추돌,차로위반,건조,맑음,교차로 - 교차로안,승용,남,30세,기타불명,승용,남,74세,경상
2017111100100329,2017년 11월 11일 13시,토요일,강원도 삼척시 정상동,경상사고,0,0,2,0,차대차 - 측면충돌,신호위반,건조,맑음,교차로 - 교차로안,승용,여,29세,상해없음,승용,남,58세,경상
2017111100100372,2017년 11월 11일 14시,토요일,강원도 춘천시 근화동,경상사고,0,0,2,0,차대차 - 측면충돌,안전운전불이행,건조,맑음,교차로 - 교차로부근,승용,남,24세,상해없음,승용,여,34세,경상
2017111100100373,2017년 11월 11일 14시,토요일,강원도 횡성군 횡성읍,경상사고,0,0,1,0,차대차 - 후진중충돌,안전운전불이행,건조,맑음,교차로 - 교차로안,승용,남,46세,상해없음,승용,남,61세,경상
2017111100100374,2017년 11월 11일 14시,토요일,강원도 양구군 양구읍,경상사고,0,0,3,0,차대차 - 측면충돌,교차로운행방법위반,건조,맑음,교차로 - 교차로안,승용,여,49세,상해없음,화물,남,52세,경상
2017111100100409,2017년 11월 11일 15시,토요일,강원도 인제군 북면,중상사고,0,2,0,0,차대사람 - 차도통행중,안전운전불이행,건조,맑음,단일로 - 기타,승합,남,47세,상해없음,보행자,남,7세,중상
2017111100100443,2017년 11월 11일 16시,토요일,강원도 강릉시 교동,경상사고,0,0,1,0,차대차 - 기타,안전운전불이행,건조,맑음,교차로 - 교차로안,승용,남,57세,상해없음,원동기,남,64세,경상
2017111100100444,2017년 11월 11일 16시,토요일,강원도 강릉시 사천면,경상사고,0,0,2,0,차대차 - 추돌,안전운전불이행,건조,맑음,교차로 - 교차로안,승용,여,46세,상해없음,승용,여,46세,경상
2017111100100445,2017년 11월 11일 16시,토요일,강원도 원주시 단구동,경상사고,0,0,1,0,차대차 - 측면충돌,안전운전불이행,건조,맑음,주차장 - 주차장,화물,남,25세,상해없음,승용,남,31세,경상
2017111100100446,2017년 11월 11일 16시,토요일,강원도 영월군 한반도면,경상사고,0,0,1,0,차대차 - 측면충돌,교차로운행방법위반,건조,맑음,교차로 - 교차로안,화물,남,63세,상해없음,특수,남,52세,경상
2017111100100493,2017년 11월 11일 17시,토요일,강원도 원주시 소초면,경상사고,0,0,1,0,차대차 - 추돌,안전운전불이행,건조,맑음,단일로 - 기타,승용,남,52세,상해없음,승용,남,31세,경상
2017111100100547,2017년 11월 11일 18시,토요일,강원도 삼척시 원덕읍,경상사고,0,0,1,0,차량단독 - 도로외이탈 - 기타,안전운전불이행,건조,맑음,단일로 - 기타,이륜,남,65세,경상,,,,
2017111100100548,2017년 11월 11일 18시,토요일,강원도 평창군 평창읍,중상사고,0,1,0,0,차대차 - 정면충돌,안전운전불이행,건조,맑음,교차로 - 교차로안,승용,남,50세,상해없음,승용,여,46세,중상
2017111100100588,2017년 11월 11일 19시,토요일,강원도 춘천시 석사동,경상사고,0,0,1,0,차대사람 - 기타,안전운전불이행,건조,맑음,교차로 - 교차로부근,승용,남,27세,상해없음,보행자,여,36세,경상
2017111100100589,2017년 11월 11일 19시,토요일,강원도 인제군 북면,부상신고사고,0,0,0,2,차대차 - 측면충돌,교차로운행방법위반,건조,흐림,교차로 - 교차로안,승용,남,55세,상해없음,승용,남,59세,상해없음
2017111100100632,2017년 11월 11일 20시,토요일,강원도 고성군 간성읍,중상사고,0,1,0,0,차대사람 - 횡단중,안전운전불이행,건조,맑음,기타 - 기타,화물,남,62세,상해없음,보행자,남,77세,중상
2017111100100648,2017년 11월 11일 21시,토요일,강원도 원주시 학성동,경상사고,0,0,1,0,차대차 - 측면충돌,안전운전불이행,건조,맑음,단일로 - 기타,승용,남,61세,상해없음,자전거,남,28세,경상
2017111100100649,2017년 11월 11일 21시,토요일,강원도 속초시 동명동,경상사고,0,0,1,0,차대차 - 후진중충돌,안전운전불이행,건조,맑음,단일로 - 기타,승용,남,39세,상해없음,승용,남,56세,경상
2017111100100679,2017년 11월 11일 22시,토요일,강원도 원주시 단계동,경상사고,0,0,5,0,차대차 - 추돌,안전거리미확보,건조,맑음,교차로 - 교차로부근,승용,남,35세,상해없음,승용,여,33세,경상
2017111100100680,2017년 11월 11일 22시,토요일,강원도 원주시 단계동,경상사고,0,0,1,0,차대사람 - 길가장자리구역통행중,안전운전불이행,건조,맑음,주차장 - 주차장,승용,남,40세,상해없음,보행자,여,29세,경상
2017111200100056,2017년 11월 12일 03시,일요일,강원도 강릉시 주문진읍,경상사고,0,0,2,0,차대차 - 측면충돌,중앙선침범,건조,맑음,교차로 - 교차로부근,승용,남,40세,상해없음,승용,남,35세,경상
2017111200100100,2017년 11월 12일 07시,일요일,강원도 속초시 조양동,경상사고,0,0,1,0,차대차 - 측면충돌,신호위반,건조,맑음,교차로 - 교차로안,승용,남,34세,상해없음,승용,남,49세,경상
2017111200100116,2017년 11월 12일 08시,일요일,강원도 원주시 일산동,경상사고,0,0,1,0,차대사람 - 횡단중,안전운전불이행,건조,맑음,단일로 - 기타,승용,남,51세,상해없음,보행자,여,43세,경상
2017111200100128,2017년 11월 12일 09시,일요일,강원도 강릉시 대전동,경상사고,0,0,2,0,차대차 - 추돌,안전운전불이행,건조,맑음,단일로 - 기타,승용,여,63세,경상,승합,남,59세,상해없음
2017111200100143,2017년 11월 12일 10시,일요일,강원도 춘천시 후평동,경상사고,0,0,2,0,차대차 - 측면충돌,안전운전불이행,건조,맑음,교차로 - 교차로안,승용,남,71세,상해없음,승용,남,69세,경상
2017111200100144,2017년 11월 12일 10시,일요일,강원도 춘천시 삼천동,경상사고,0,0,1,0,차대차 - 측면충돌,차로위반,건조,맑음,교차로 - 교차로부근,승용,남,53세,상해없음,승용,여,63세,경상
2017111200100145,2017년 11월 12일 10시,일요일,강원도 원주시 우산동,중상사고,0,1,0,1,차대사람 - 기타,안전운전불이행,건조,맑음,기타 - 기타,승용,남,51세,상해없음,보행자,여,33세,중상
2017111200100166,2017년 11월 12일 11시,일요일,강원도 강릉시 옥천동,경상사고,0,0,1,0,차대차 - 기타,안전운전불이행,건조,맑음,교차로 - 교차로안,승용,남,58세,상해없음,이륜,남,67세,경상
2017111200100262,2017년 11월 12일 14시,일요일,강원도 양구군 양구읍,경상사고,0,0,2,0,차대차 - 추돌,안전운전불이행,건조,맑음,단일로 - 터널,승용,남,47세,상해없음,승용,남,52세,경상
2017111200100305,2017년 11월 12일 15시,일요일,강원도 강릉시 교동,경상사고,0,0,1,0,차대차 - 측면충돌,안전운전불이행,건조,맑음,단일로 - 기타,승용,남,49세,상해없음,이륜,남,48세,경상
2017111200100306,2017년 11월 12일 15시,일요일,강원도 강릉시 입암동,경상사고,0,0,1,0,차대사람 - 차도통행중,안전운전불이행,건조,맑음,단일로 - 기타,승용,남,56세,상해없음,보행자,여,56세,경상
2017111200100307,2017년 11월 12일 15시,일요일,강원도 속초시 청학동,경상사고,0,0,1,0,차대차 - 측면충돌,신호위반,건조,맑음,교차로 - 교차로안,승용,남,64세,상해없음,승용,여,51세,경상
2017111200100339,2017년 11월 12일 16시,일요일,강원도 홍천군 내면,경상사고,0,0,2,0,차대차 - 기타,안전운전불이행,건조,맑음,교차로 - 교차로안,승용,남,38세,상해없음,승용,남,72세,상해없음
2017111200100455,2017년 11월 12일 19시,일요일,강원도 고성군 토성면,경상사고,0,0,2,0,차대차 - 추돌,안전운전불이행,건조,맑음,기타 - 기타,승용,여,29세,상해없음,승용,남,29세,경상
2017111200100489,2017년 11월 12일 20시,일요일,강원도 홍천군 홍천읍,경상사고,0,0,1,0,차대차 - 기타,차로위반,건조,맑음,단일로 - 기타,승용,남,23세,상해없음,화물,남,39세,경상
2017111200100545,2017년 11월 12일 22시,일요일,강원도 원주시 우산동,경상사고,0,0,1,0,차대차 - 측면충돌,안전거리미확보,건조,맑음,단일로 - 기타,기타불명,기타불명,미분류,기타불명,승용,남,55세,상해없음
2017111300100028,2017년 11월 13일 00시,월요일,강원도 원주시 태장동,중상사고,0,1,1,0,차대차 - 추돌,기타,건조,맑음,단일로 - 기타,승용,남,25세,상해없음,승용,남,33세,중상
2017111300100033,2017년 11월 13일 01시,월요일,강원도 속초시 교동,경상사고,0,0,1,0,차대차 - 추돌,안전운전불이행,건조,기타,단일로 - 기타,승용,남,53세,상해없음,승용,남,46세,경상
2017111300100042,2017년 11월 13일 02시,월요일,강원도 춘천시 우두동,부상신고사고,0,0,0,1,차량단독 - 전도전복,안전운전불이행,건조,맑음,교차로 - 교차로안,개인형이동수단(PM),남,39세,부상신고,미분류,미분류,미분류,미분류
2017111300100054,2017년 11월 13일 04시,월요일,강원도 원주시 단구동,경상사고,0,0,1,0,차대차 - 측면충돌,신호위반,건조,맑음,교차로 - 교차로안,승용,남,36세,상해없음,화물,남,50세,경상
2017111300100088,2017년 11월 13일 07시,월요일,강원도 홍천군 홍천읍,경상사고,0,0,1,0,차대차 - 기타,교차로운행방법위반,건조,맑음,교차로 - 교차로안,화물,남,41세,상해없음,승용,남,61세,경상
2017111300100089,2017년 11월 13일 07시,월요일,강원도 평창군 방림면,경상사고,0,0,1,0,차대차 - 정면충돌,안전운전불이행,건조,맑음,교차로 - 교차로안,승용,여,51세,상해없음,승용,남,33세,경상
2017111300100090,2017년 11월 13일 07시,월요일,강원도 인제군 기린면,중상사고,0,1,0,0,차대차 - 정면충돌,중앙선침범,건조,맑음,교차로 - 교차로부근,화물,남,48세,상해없음,승용,남,70세,중상
2017111300100168,2017년 11월 13일 09시,월요일,강원도 원주시 단계동,중상사고,0,2,0,0,차대차 - 추돌,차로위반,건조,맑음,단일로 - 기타,건설기계,남,37세,기타불명,승용,여,45세,중상
2017111300100201,2017년 11월 13일 10시,월요일,강원도 춘천시 사농동,경상사고,0,0,2,0,차대차 - 측면충돌,직진우회전진행방해,건조,맑음,교차로 - 교차로안,승용,남,65세,상해없음,승용,여,59세,경상
2017111300100238,2017년 11월 13일 11시,월요일,강원도 원주시 관설동,경상사고,0,0,1,0,차대차 - 측면충돌,안전운전불이행,건조,맑음,교차로 - 교차로안,승용,남,53세,상해없음,승용,여,38세,경상
2017111300100239,2017년 11월 13일 11시,월요일,강원도 홍천군 홍천읍,경상사고,0,0,3,0,차대차 - 측면충돌,안전거리미확보,건조,맑음,단일로 - 기타,이륜,여,56세,경상,승용,여,25세,경상
2017111300100300,2017년 11월 13일 13시,월요일,강원도 철원군 서면,중상사고,0,1,0,0,차대차 - 측면충돌,안전운전불이행,건조,맑음,교차로 - 교차로안,승용,남,28세,상해없음,자전거,남,73세,중상
2017111300100391,2017년 11월 13일 16시,월요일,강원도 춘천시 후평동,중상사고,0,1,0,0,차대차 - 기타,중앙선침범,건조,맑음,단일로 - 기타,기타불명,기타불명,미분류,기타불명,승합,남,59세,상해없음
2017111300100392,2017년 11월 13일 16시,월요일,강원도 양양군 강현면,경상사고,0,0,1,0,차대차 - 측면충돌,직진우회전진행방해,건조,맑음,교차로 - 교차로안,승용,남,25세,상해없음,승합,남,51세,상해없음
2017111300100393,2017년 11월 13일 16시,월요일,강원도 속초시 조양동,경상사고,0,0,1,0,차대차 - 측면충돌,안전운전불이행,건조,맑음,교차로 - 교차로안,승용,남,37세,상해없음,승용,남,70세,경상
2017111300100394,2017년 11월 13일 16시,월요일,강원도 평창군 진부면,경상사고,0,0,2,0,차대차 - 측면충돌,안전운전불이행,건조,맑음,교차로 - 교차로안,승용,남,67세,상해없음,승용,여,36세,경상
2017111300100395,2017년 11월 13일 16시,월요일,강원도 평창군 봉평면,경상사고,0,0,1,0,차대차 - 측면충돌,안전운전불이행,건조,맑음,교차로 - 교차로안,승용,남,62세,상해없음,승용,여,38세,경상
2017111300100434,2017년 11월 13일 17시,월요일,강원도 춘천시 효자동,경상사고,0,0,1,0,차대차 - 측면충돌,신호위반,건조,맑음,교차로 - 교차로안,승용,남,74세,상해없음,이륜,남,40세,경상
2017111300100435,2017년 11월 13일 17시,월요일,강원도 강릉시 옥계면,경상사고,0,0,1,0,차대차 - 측면충돌,안전운전불이행,건조,맑음,교차로 - 교차로안,승합,남,47세,상해없음,승용,여,48세,경상
2017111300100436,2017년 11월 13일 17시,월요일,강원도 동해시 천곡동,경상사고,0,0,2,0,차대차 - 측면충돌,교차로운행방법위반,건조,맑음,교차로 - 교차로안,승용,남,25세,상해없음,승용,남,78세,경상
2017111300100437,2017년 11월 13일 17시,월요일,강원도 평창군 대관령면,중상사고,0,1,0,0,차대차 - 추돌,기타,건조,맑음,단일로 - 기타,화물,남,51세,상해없음,승용,남,53세,중상
2017111300100495,2017년 11월 13일 18시,월요일,강원도 강릉시 옥천동,경상사고,0,0,1,0,차대차 - 기타,안전운전불이행,건조,맑음,교차로 - 교차로안,화물,남,55세,상해없음,승용,여,48세,경상
2017111300100496,2017년 11월 13일 18시,월요일,강원도 원주시 학성동,경상사고,0,0,2,0,차대차 - 측면충돌,안전거리미확보,건조,맑음,단일로 - 기타,승용,여,49세,상해없음,특수,남,44세,경상
2017111300100497,2017년 11월 13일 18시,월요일,강원도 속초시 동명동,경상사고,0,0,2,0,차대차 - 측면충돌,교차로운행방법위반,건조,맑음,교차로 - 교차로안,승용,남,75세,상해없음,승용,남,54세,경상
2017111300100531,2017년 11월 13일 19시,월요일,강원도 춘천시 중앙로2가,중상사고,0,1,0,0,차대사람 - 횡단중,안전운전불이행,건조,맑음,교차로 - 교차로안,이륜,남,27세,상해없음,보행자,여,68세,중상
2017111300100563,2017년 11월 13일 20시,월요일,강원도 평창군 평창읍,경상사고,0,0,2,0,차대차 - 측면충돌,안전운전불이행,건조,맑음,교차로 - 교차로안,승용,남,63세,상해없음,승용,남,59세,경상
2017111300100632,2017년 11월 13일 22시,월요일,강원도 원주시 개운동,경상사고,0,0,1,0,차대사람 - 횡단중,안전운전불이행,건조,맑음,단일로 - 기타,승용,여,48세,상해없음,보행자,남,50세,경상
2017111400100023,2017년 11월 14일 00시,화요일,강원도 영월군 영월읍,중상사고,0,1,0,0,차대차 - 측면충돌,교차로운행방법위반,건조,맑음,교차로 - 교차로안,승용,남,54세,상해없음,승용,여,49세,중상
2017111400100130,2017년 11월 14일 08시,화요일,강원도 강릉시 입암동,사망사고,1,0,0,0,차대사람 - 횡단중,보행자보호의무위반,건조,맑음,단일로 - 기타,승용,남,27세,상해없음,보행자,여,7세,사망
2017111400100168,2017년 11월 14일 09시,화요일,강원도 강릉시 포남동,중상사고,0,1,0,0,차대차 - 측면충돌,안전거리미확보,건조,맑음,교차로 - 교차로부근,승용,여,41세,상해없음,승용,여,50세,중상
2017111400100292,2017년 11월 14일 13시,화요일,강원도 원주시 행구동,경상사고,0,0,2,0,차대차 - 추돌,차로위반,건조,맑음,교차로 - 교차로안,승용,여,51세,상해없음,승용,남,30세,경상
2017111400100325,2017년 11월 14일 14시,화요일,강원도 춘천시 운교동,경상사고,0,0,1,0,차대사람 - 기타,안전운전불이행,건조,맑음,단일로 - 기타,화물,남,47세,상해없음,보행자,여,68세,경상
2017111400100326,2017년 11월 14일 14시,화요일,강원도 강릉시 강동면,사망사고,1,3,0,0,차대차 - 측면충돌,과속,건조,맑음,교차로 - 교차로안,건설기계,남,62세,상해없음,승용,여,34세,상해없음
2017111400100408,2017년 11월 14일 16시,화요일,강원도 춘천시 우두동,경상사고,0,0,2,0,차대차 - 측면충돌,교차로운행방법위반,건조,맑음,교차로 - 교차로안,승용,남,68세,상해없음,승용,남,62세,경상
2017111400100409,2017년 11월 14일 16시,화요일,강원도 춘천시 후평동,경상사고,0,0,1,0,차대차 - 측면충돌,차로위반,건조,맑음,단일로 - 기타,승용,남,53세,상해없음,승용,여,55세,경상
2017111400100488,2017년 11월 14일 18시,화요일,강원도 춘천시 퇴계동,경상사고,0,0,1,0,차대사람 - 횡단중,보행자보호의무위반,건조,맑음,교차로 - 교차로횡단보도내,승용,남,31세,상해없음,보행자,남,45세,경상
2017111400100489,2017년 11월 14일 18시,화요일,강원도 춘천시 조양동,중상사고,0,1,0,0,차대사람 - 기타,안전운전불이행,건조,맑음,단일로 - 기타,승용,여,30세,상해없음,보행자,여,58세,중상
2017111400100490,2017년 11월 14일 18시,화요일,강원도 강릉시 대전동,경상사고,0,0,2,0,차대차 - 추돌,안전운전불이행,건조,맑음,단일로 - 기타,승용,여,27세,상해없음,화물,여,62세,경상
2017111400100491,2017년 11월 14일 18시,화요일,강원도 속초시 조양동,경상사고,0,0,1,0,차대차 - 기타,안전운전불이행,건조,맑음,교차로 - 교차로안,승용,남,51세,상해없음,이륜,남,18세,경상
2017111400100492,2017년 11월 14일 18시,화요일,강원도 삼척시 남양동,중상사고,0,1,0,0,차대사람 - 횡단중,중앙선침범,건조,맑음,단일로 - 기타,승용,여,51세,상해없음,보행자,남,30세,중상
2017111400100493,2017년 11월 14일 18시,화요일,강원도 화천군 화천읍,중상사고,0,1,0,0,차대차 - 측면충돌,안전운전불이행,건조,맑음,교차로 - 교차로부근,승용,남,38세,상해없음,자전거,남,18세,중상
2017111400100547,2017년 11월 14일 19시,화요일,강원도 강릉시 성남동,경상사고,0,0,2,0,차대차 - 후진중충돌,안전운전불이행,건조,맑음,단일로 - 기타,승용,남,28세,상해없음,승용,여,21세,경상
2017111400100548,2017년 11월 14일 19시,화요일,강원도 원주시 단계동,중상사고,0,2,0,1,차대차 - 정면충돌,중앙선침범,건조,맑음,교차로 - 교차로부근,승용,여,24세,부상신고,승용,남,49세,중상
2017111400100549,2017년 11월 14일 19시,화요일,강원도 영월군 영월읍,경상사고,0,0,1,0,차대차 - 측면충돌,교차로운행방법위반,건조,맑음,교차로 - 교차로안,승용,남,73세,상해없음,원동기,남,59세,경상
2017111400100615,2017년 11월 14일 21시,화요일,강원도 원주시 단구동,경상사고,0,0,1,0,차대차 - 측면충돌,중앙선침범,건조,맑음,단일로 - 기타,승용,여,47세,상해없음,이륜,남,24세,경상
2017111400100616,2017년 11월 14일 21시,화요일,강원도 원주시 우산동,경상사고,0,0,4,0,차대차 - 측면충돌,직진우회전진행방해,건조,맑음,교차로 - 교차로안,승용,여,62세,경상,승용,여,21세,경상
2017111400100617,2017년 11월 14일 21시,화요일,강원도 삼척시 신기면,중상사고,0,1,0,0,차대차 - 측면충돌,중앙선침범,건조,맑음,교차로 - 교차로부근,화물,남,56세,상해없음,승용,여,57세,중상
2017111400100641,2017년 11월 14일 22시,화요일,강원도 원주시 우산동,경상사고,0,0,1,0,차대차 - 측면충돌,안전거리미확보,건조,맑음,교차로 - 교차로부근,승용,남,60세,상해없음,승용,남,24세,상해없음
2017111400100642,2017년 11월 14일 22시,화요일,강원도 동해시 천곡동,경상사고,0,0,2,0,차대차 - 측면충돌,신호위반,건조,맑음,교차로 - 교차로안,승용,남,25세,상해없음,승용,남,69세,경상
2017111500100093,2017년 11월 15일 06시,수요일,강원도 원주시 관설동,경상사고,0,0,1,0,차대차 - 추돌,교차로운행방법위반,건조,맑음,교차로 - 교차로안,승용,남,49세,상해없음,승용,남,52세,경상
2017111500100145,2017년 11월 15일 08시,수요일,강원도 춘천시 효자동,경상사고,0,0,1,0,차대차 - 측면충돌,직진우회전진행방해,건조,맑음,교차로 - 교차로안,승용,남,31세,상해없음,승용,여,44세,경상
2017111500100146,2017년 11월 15일 08시,수요일,강원도 원주시 흥업면,경상사고,0,0,2,0,차대차 - 추돌,안전운전불이행,건조,맑음,단일로 - 기타,승용,남,27세,상해없음,건설기계,남,58세,경상
2017111500100180,2017년 11월 15일 09시,수요일,강원도 춘천시 퇴계동,중상사고,0,1,0,0,차대차 - 기타,안전운전불이행,건조,맑음,교차로 - 교차로부근,화물,남,73세,상해없음,승합,남,59세,상해없음
2017111500100181,2017년 11월 15일 09시,수요일,강원도 원주시 무실동,경상사고,0,0,1,0,차대차 - 추돌,안전거리미확보,건조,맑음,교차로 - 교차로부근,승용,남,23세,상해없음,승용,남,56세,상해없음
2017111500100207,2017년 11월 15일 10시,수요일,강원도 원주시 인동,경상사고,0,0,1,0,차대사람 - 차도통행중,안전운전불이행,건조,맑음,단일로 - 기타,승합,남,66세,상해없음,보행자,남,52세,경상
2017111500100231,2017년 11월 15일 11시,수요일,강원도 강릉시 왕산면,경상사고,0,0,2,0,차대차 - 측면충돌,중앙선침범,젖음/습기,눈,단일로 - 기타,승합,남,49세,상해없음,승용,남,70세,경상
2017111500100232,2017년 11월 15일 11시,수요일,강원도 홍천군 홍천읍,경상사고,0,0,1,0,차대차 - 기타,교차로운행방법위반,건조,맑음,교차로 - 교차로안,승용,남,68세,상해없음,자전거,남,70세,경상
2017111500100264,2017년 11월 15일 12시,수요일,강원도 춘천시 동면,경상사고,0,0,1,0,차대차 - 추돌,안전거리미확보,건조,맑음,교차로 - 교차로부근,화물,남,33세,상해없음,승용,남,64세,경상
2017111500100265,2017년 11월 15일 12시,수요일,강원도 춘천시 퇴계동,경상사고,0,0,1,0,차대차 - 측면충돌,신호위반,건조,맑음,교차로 - 교차로안,화물,남,24세,상해없음,승용,여,45세,경상
2017111500100266,2017년 11월 15일 12시,수요일,강원도 횡성군 횡성읍,중상사고,0,1,0,0,차대차 - 정면충돌,중앙선침범,건조,맑음,단일로 - 기타,화물,남,58세,상해없음,이륜,남,38세,중상
2017111500100267,2017년 11월 15일 12시,수요일,강원도 동해시 천곡동,경상사고,0,0,1,0,차대사람 - 길가장자리구역통행중,안전운전불이행,건조,맑음,단일로 - 기타,승용,여,51세,상해없음,보행자,남,49세,경상
2017111500100309,2017년 11월 15일 13시,수요일,강원도 춘천시 신북읍,경상사고,0,0,1,0,차대차 - 측면충돌,안전거리미확보,건조,맑음,단일로 - 기타,화물,남,71세,상해없음,화물,여,57세,경상
2017111500100345,2017년 11월 15일 14시,수요일,강원도 원주시 단구동,경상사고,0,0,3,0,차대차 - 추돌,안전거리미확보,건조,맑음,단일로 - 기타,화물,남,40세,상해없음,승용,남,77세,상해없음
2017111500100346,2017년 11월 15일 14시,수요일,강원도 원주시 명륜동,경상사고,0,0,2,0,차대차 - 측면충돌,교차로운행방법위반,건조,맑음,교차로 - 교차로안,승합,여,49세,상해없음,승용,남,31세,경상
2017111500100347,2017년 11월 15일 14시,수요일,강원도 화천군 상서면,경상사고,0,0,1,0,차대차 - 정면충돌,중앙선침범,건조,맑음,단일로 - 기타,기타불명,남,20세,상해없음,승용,남,26세,상해없음
2017111500100387,2017년 11월 15일 15시,수요일,강원도 원주시 단구동,경상사고,0,0,3,0,차대차 - 측면충돌,신호위반,건조,맑음,교차로 - 교차로안,승용,남,22세,상해없음,승용,여,37세,경상
2017111500100388,2017년 11월 15일 15시,수요일,강원도 원주시 학성동,경상사고,0,0,1,0,차대차 - 측면충돌,중앙선침범,건조,맑음,단일로 - 기타,화물,남,54세,상해없음,승용,여,52세,경상
2017111500100468,2017년 11월 15일 17시,수요일,강원도 원주시 단구동,경상사고,0,0,1,0,차대사람 - 기타,안전운전불이행,건조,맑음,단일로 - 기타,승용,여,60세,상해없음,보행자,남,81세,경상
2017111500100517,2017년 11월 15일 18시,수요일,강원도 춘천시 동내면,경상사고,0,0,1,0,차대차 - 기타,차로위반,건조,맑음,단일로 - 기타,승합,남,62세,상해없음,승용,남,37세,경상
2017111500100518,2017년 11월 15일 18시,수요일,강원도 속초시 조양동,경상사고,0,0,1,0,차대차 - 측면충돌,중앙선침범,건조,맑음,단일로 - 지하차도(도로)내,승용,여,47세,상해없음,승용,여,42세,경상
2017111500100519,2017년 11월 15일 18시,수요일,강원도 속초시 교동,경상사고,0,0,1,0,차대차 - 측면충돌,안전운전불이행,건조,맑음,교차로 - 교차로안,승용,남,58세,상해없음,승용,남,40세,경상
2017111500100520,2017년 11월 15일 18시,수요일,강원도 횡성군 안흥면,사망사고,1,0,0,0,차대사람 - 횡단중,안전운전불이행,건조,맑음,단일로 - 기타,승용,여,55세,상해없음,보행자,여,80세,사망
2017111500100521,2017년 11월 15일 18시,수요일,강원도 양구군 남면,중상사고,0,1,0,0,차대사람 - 횡단중,안전운전불이행,건조,맑음,단일로 - 기타,화물,여,75세,상해없음,보행자,여,70세,중상
2017111500100574,2017년 11월 15일 19시,수요일,강원도 춘천시 석사동,경상사고,0,0,1,0,차대차 - 후진중충돌,안전운전불이행,건조,맑음,교차로 - 교차로부근,승용,남,60세,상해없음,승용,남,55세,경상
2017111500100607,2017년 11월 15일 20시,수요일,강원도 춘천시 소양로4가,중상사고,0,1,0,0,차대차 - 기타,교차로운행방법위반,건조,맑음,교차로 - 교차로안,승용,남,51세,상해없음,이륜,남,30세,중상