사고번호,사고일시,요일,시군구,사고내용,사망자수,중상자수,경상자수,부상신고자수,사고유형,법규위반,노면상태,기상상태,도로형태,가해운전자 차종,가해운전자 성별,가해운전자 연령,가해운전자 상해정도,피해운전자 차종,피해운전자 성별,피해운전자 연령,피해운전자 상해정도
2017111500100639,2017년 11월 15일 21시,수요일,강원도 강릉시 교동,경상사고,0,0,1,0,차대사람 - 횡단중,보행자보호의무위반,건조,맑음,교차로 - 교차로횡단보도내,승용,남,58세,상해없음,보행자,남,51세,경상
2017111500100693,2017년 11월 15일 23시,수요일,강원도 강릉시 강문동,경상사고,0,0,1,0,차대차 - 측면충돌,신호위반,건조,맑음,교차로 - 교차로안,승용,남,22세,상해없음,승용,남,38세,경상
2017111600100041,2017년 11월 16일 01시,목요일,강원도 원주시 단구동,경상사고,0,0,2,0,차대차 - 측면충돌,안전운전불이행,건조,맑음,교차로 - 교차로안,이륜,남,48세,경상,승용,남,31세,경상
2017111600100068,2017년 11월 16일 05시,목요일,강원도 원주시 단계동,부상신고사고,0,0,0,2,차대차 - 기타,안전운전불이행,건조,맑음,교차로 - 교차로부근,기타불명,기타불명,미분류,기타불명,승용,남,33세,부상신고
2017111600100132,2017년 11월 16일 08시,목요일,강원도 춘천시 효자동,경상사고,0,0,1,0,차대차 - 측면충돌,안전운전불이행,건조,맑음,교차로 - 교차로안,승용,남,55세,상해없음,승용,남,41세,경상
2017111600100133,2017년 11월 16일 08시,목요일,강원도 춘천시 효자동,경상사고,0,0,1,0,차대차 - 기타,교차로운행방법위반,건조,맑음,교차로 - 교차로안,승용,남,71세,상해없음,승용,여,45세,경상
2017111600100134,2017년 11월 16일 08시,목요일,강원도 원주시 흥업면,부상신고사고,0,0,0,2,차대차 - 측면충돌,안전운전불이행,건조,맑음,단일로 - 기타,승용,여,54세,상해없음,승용,남,19세,부상신고
2017111600100135,2017년 11월 16일 08시,목요일,강원도 영월군 남면,중상사고,0,1,0,1,차량단독 - 도로외이탈 - 추락,안전운전불이행,서리/결빙,맑음,단일로 - 기타,화물,여,45세,부상신고,,,,
2017111600100136,2017년 11월 16일 08시,목요일,강원도 철원군 동송읍,경상사고,0,0,1,0,차대사람 - 횡단중,안전운전불이행,건조,맑음,주차장 - 주차장,승용,여,50세,상해없음,보행자,남,37세,경상
2017111600100175,2017년 11월 16일 09시,목요일,강원도 철원군 동송읍,경상사고,0,0,2,0,차대차 - 측면충돌,직진우회전진행방해,건조,맑음,교차로 - 교차로안,승용,남,22세,상해없음,화물,남,52세,경상
2017111600100199,2017년 11월 16일 10시,목요일,강원도 원주시 무실동,경상사고,0,0,1,0,차대차 - 추돌,안전운전불이행,건조,맑음,주차장 - 주차장,승용,남,26세,상해없음,승용,여,29세,경상
2017111600100228,2017년 11월 16일 11시,목요일,강원도 춘천시 근화동,경상사고,0,0,2,0,차대차 - 추돌,안전운전불이행,건조,맑음,교차로 - 교차로부근,화물,남,55세,상해없음,승용,남,52세,경상
2017111600100229,2017년 11월 16일 11시,목요일,강원도 인제군 인제읍,중상사고,0,1,0,0,차대차 - 정면충돌,중앙선침범,건조,맑음,단일로 - 기타,승용,여,68세,상해없음,승용,남,24세,중상
2017111600100263,2017년 11월 16일 12시,목요일,강원도 강릉시 옥천동,경상사고,0,0,1,0,차대차 - 기타,안전운전불이행,건조,맑음,교차로 - 교차로안,승용,여,56세,상해없음,자전거,남,17세,경상
2017111600100317,2017년 11월 16일 14시,목요일,강원도 원주시 일산동,중상사고,0,1,0,0,차대차 - 기타,안전거리미확보,건조,맑음,교차로 - 교차로부근,승용,남,48세,상해없음,승합,남,48세,상해없음
2017111600100318,2017년 11월 16일 14시,목요일,강원도 삼척시 근덕면,중상사고,0,1,0,0,차대차 - 측면충돌,안전운전불이행,건조,맑음,단일로 - 기타,원동기,남,75세,중상,승용,남,38세,상해없음
2017111600100346,2017년 11월 16일 15시,목요일,강원도 원주시 문막읍,경상사고,0,0,1,0,차대차 - 추돌,안전운전불이행,건조,맑음,교차로 - 교차로부근,승용,남,65세,상해없음,승용,여,27세,경상
2017111600100347,2017년 11월 16일 15시,목요일,강원도 원주시 단구동,경상사고,0,0,2,0,차대차 - 측면충돌,안전운전불이행,건조,맑음,교차로 - 교차로안,승용,여,55세,경상,승용,남,25세,경상
2017111600100348,2017년 11월 16일 15시,목요일,강원도 원주시 명륜동,중상사고,0,1,0,0,차대사람 - 횡단중,보행자보호의무위반,건조,맑음,교차로 - 교차로횡단보도내,화물,남,75세,상해없음,보행자,여,17세,중상
2017111600100349,2017년 11월 16일 15시,목요일,강원도 속초시 교동,경상사고,0,0,3,0,차대차 - 추돌,안전운전불이행,건조,맑음,교차로 - 교차로부근,승용,남,34세,상해없음,승용,여,40세,경상
2017111600100384,2017년 11월 16일 16시,목요일,강원도 원주시 학성동,경상사고,0,0,3,0,차대차 - 측면충돌,안전운전불이행,건조,맑음,교차로 - 교차로부근,승용,남,74세,상해없음,승용,남,22세,경상
2017111600100420,2017년 11월 16일 17시,목요일,강원도 화천군 하남면,경상사고,0,0,1,0,차대차 - 추돌,안전운전불이행,건조,맑음,단일로 - 기타,승용,남,52세,상해없음,승용,여,36세,경상
2017111600100465,2017년 11월 16일 18시,목요일,강원도 춘천시 동면,경상사고,0,0,1,0,차대차 - 추돌,안전거리미확보,건조,맑음,교차로 - 교차로안,승용,여,43세,상해없음,승용,여,52세,경상
2017111600100466,2017년 11월 16일 18시,목요일,강원도 삼척시 교동,경상사고,0,0,1,0,차대사람 - 보도통행중,보행자보호의무위반,건조,맑음,교차로 - 교차로횡단보도내,화물,남,47세,상해없음,보행자,여,69세,경상
2017111600100524,2017년 11월 16일 19시,목요일,강원도 원주시 단계동,경상사고,0,0,1,0,차대사람 - 차도통행중,안전운전불이행,건조,맑음,단일로 - 기타,승용,남,63세,상해없음,보행자,남,17세,경상
2017111600100525,2017년 11월 16일 19시,목요일,강원도 영월군 영월읍,경상사고,0,0,1,1,차대차 - 측면충돌,안전운전불이행,건조,맑음,단일로 - 기타,승용,여,64세,부상신고,승용,남,33세,경상
2017111600100552,2017년 11월 16일 20시,목요일,강원도 삼척시 교동,경상사고,0,0,1,0,차대차 - 측면충돌,안전운전불이행,건조,맑음,단일로 - 기타,승용,여,47세,상해없음,승용,여,49세,경상
2017111600100637,2017년 11월 16일 23시,목요일,강원도 강릉시 성남동,사망사고,1,0,0,0,차대차 - 측면충돌,안전운전불이행,건조,맑음,교차로 - 교차로안,승용,여,26세,상해없음,자전거,남,67세,사망
2017111700100047,2017년 11월 17일 02시,금요일,강원도 철원군 동송읍,경상사고,0,0,1,0,차대사람 - 기타,안전운전불이행,건조,맑음,단일로 - 기타,승용,남,64세,상해없음,보행자,남,18세,경상
2017111700100084,2017년 11월 17일 06시,금요일,강원도 강릉시 송정동,경상사고,0,0,1,0,차대차 - 측면충돌,안전운전불이행,건조,맑음,교차로 - 교차로부근,승용,남,51세,상해없음,승용,남,79세,경상
2017111700100085,2017년 11월 17일 06시,금요일,강원도 원주시 단계동,경상사고,0,0,1,0,차대차 - 측면충돌,안전운전불이행,건조,맑음,단일로 - 기타,승용,여,46세,상해없음,승용,남,57세,경상
2017111700100086,2017년 11월 17일 06시,금요일,강원도 원주시 일산동,경상사고,0,0,2,0,차대차 - 기타,신호위반,건조,맑음,교차로 - 교차로안,승용,여,57세,상해없음,화물,남,31세,경상
2017111700100087,2017년 11월 17일 06시,금요일,강원도 태백시 황지동,경상사고,0,0,1,0,차대차 - 측면충돌,신호위반,건조,맑음,교차로 - 교차로안,승용,남,73세,상해없음,승용,여,43세,경상
2017111700100109,2017년 11월 17일 07시,금요일,강원도 원주시 개운동,경상사고,0,0,2,0,차대차 - 추돌,안전운전불이행,건조,맑음,교차로 - 교차로안,승용,남,55세,상해없음,승용,남,39세,경상
2017111700100149,2017년 11월 17일 08시,금요일,강원도 강릉시 연곡면,경상사고,0,0,1,0,차대차 - 기타,안전운전불이행,건조,맑음,단일로 - 기타,승용,여,42세,상해없음,화물,여,52세,경상
2017111700100222,2017년 11월 17일 10시,금요일,강원도 삼척시 미로면,경상사고,0,0,1,0,차량단독 - 도로외이탈 - 기타,안전운전불이행,건조,맑음,단일로 - 기타,화물,남,63세,경상,,,,
2017111700100223,2017년 11월 17일 10시,금요일,강원도 정선군 사북읍,경상사고,0,0,1,0,차대차 - 측면충돌,안전운전불이행,건조,맑음,단일로 - 기타,승용,남,36세,상해없음,승용,남,35세,경상
2017111700100224,2017년 11월 17일 10시,금요일,강원도 횡성군 둔내면,경상사고,0,0,1,0,차대차 - 기타,신호위반,건조,맑음,교차로 - 교차로안,화물,남,36세,상해없음,건설기계,남,49세,경상
2017111700100253,2017년 11월 17일 11시,금요일,강원도 삼척시 남양동,경상사고,0,0,1,0,차대차 - 측면충돌,불법유턴,건조,맑음,단일로 - 기타,승합,남,34세,상해없음,승용,여,37세,경상
2017111700100254,2017년 11월 17일 11시,금요일,강원도 동해시 발한동,경상사고,0,0,1,0,차대차 - 측면충돌,차로위반,건조,맑음,교차로 - 교차로안,화물,남,65세,상해없음,화물,남,54세,경상
2017111700100330,2017년 11월 17일 14시,금요일,강원도 삼척시 정상동,경상사고,0,0,1,0,차대차 - 측면충돌,안전운전불이행,건조,맑음,단일로 - 기타,원동기,남,82세,경상,화물,남,51세,상해없음
2017111700100356,2017년 11월 17일 15시,금요일,강원도 강릉시 주문진읍,경상사고,0,0,1,0,차대차 - 측면충돌,안전운전불이행,건조,맑음,단일로 - 기타,승용,남,55세,상해없음,원동기,남,75세,경상
2017111700100394,2017년 11월 17일 16시,금요일,강원도 평창군 미탄면,경상사고,0,0,1,0,차량단독 - 기타,안전운전불이행,젖음/습기,흐림,단일로 - 기타,승용,남,47세,상해없음,,,,
2017111700100395,2017년 11월 17일 16시,금요일,강원도 철원군 갈말읍,경상사고,0,0,1,0,차대차 - 측면충돌,신호위반,건조,맑음,교차로 - 교차로안,화물,남,62세,상해없음,승용,여,39세,경상
2017111700100428,2017년 11월 17일 17시,금요일,강원도 춘천시 퇴계동,중상사고,0,2,0,0,차대차 - 측면충돌,교차로운행방법위반,건조,맑음,교차로 - 교차로안,승용,남,66세,상해없음,승용,남,35세,중상
2017111700100491,2017년 11월 17일 18시,금요일,강원도 원주시 명륜동,경상사고,0,0,2,0,차대차 - 추돌,안전거리미확보,건조,맑음,교차로 - 교차로안,승용,남,44세,상해없음,화물,남,56세,경상
2017111700100492,2017년 11월 17일 18시,금요일,강원도 정선군 남면,중상사고,0,1,0,0,차량단독 - 공작물충돌,안전운전불이행,건조,맑음,단일로 - 기타,화물,남,59세,상해없음,,,,
2017111700100493,2017년 11월 17일 18시,금요일,강원도 동해시 단봉동,경상사고,0,0,3,0,차대차 - 추돌,안전거리미확보,건조,맑음,단일로 - 기타,화물,남,52세,상해없음,승용,여,38세,경상
2017111700100563,2017년 11월 17일 19시,금요일,강원도 춘천시 석사동,경상사고,0,0,1,0,차대차 - 추돌,안전운전불이행,건조,흐림,교차로 - 교차로안,승용,여,39세,상해없음,승용,남,61세,경상
2017111700100640,2017년 11월 17일 21시,금요일,강원도 춘천시 동내면,부상신고사고,0,0,0,1,차대차 - 측면충돌,안전운전불이행,젖음/습기,흐림,교차로 - 교차로안,이륜,남,63세,부상신고,승용,여,41세,상해없음
2017111700100684,2017년 11월 17일 22시,금요일,강원도 춘천시 석사동,경상사고,0,0,1,0,차대사람 - 기타,안전운전불이행,건조,맑음,교차로 - 교차로부근,승용,남,26세,상해없음,보행자,여,33세,경상
2017111700100685,2017년 11월 17일 22시,금요일,강원도 원주시 문막읍,경상사고,0,0,1,0,차대차 - 측면충돌,안전운전불이행,건조,맑음,교차로 - 교차로안,승용,남,30세,상해없음,이륜,남,16세,경상
2017111800100068,2017년 11월 18일 02시,토요일,강원도 정선군 고한읍,경상사고,0,0,2,0,차대차 - 측면충돌,안전운전불이행,서리/결빙,흐림,단일로 - 기타,승용,남,56세,상해없음,승용,남,56세,경상
2017111800100079,2017년 11월 18일 03시,토요일,강원도 원주시 호저면,중상사고,0,2,0,0,차량단독 - 도로외이탈 - 추락,안전운전불이행,서리/결빙,눈,단일로 - 교량,승합,남,38세,상해없음,,,,
2017111800100135,2017년 11월 18일 07시,토요일,강원도 정선군 고한읍,사망사고,1,0,0,0,차량단독 - 기타,안전운전불이행,젖음/습기,흐림,단일로 - 기타,화물,남,59세,사망,,,,
2017111800100136,2017년 11월 18일 07시,토요일,강원도 정선군 고한읍,사망사고,1,0,1,0,차량단독 - 도로외이탈 - 추락,안전운전불이행,서리/결빙,맑음,단일로 - 기타,승용,남,41세,사망,,,,
2017111800100137,2017년 11월 18일 07시,토요일,강원도 정선군 정선읍,경상사고,0,0,1,0,차대차 - 측면충돌,직진우회전진행방해,건조,맑음,교차로 - 교차로안,화물,남,49세,상해없음,승용,남,43세,경상
2017111800100160,2017년 11월 18일 08시,토요일,강원도 강릉시 홍제동,경상사고,0,0,1,0,차대차 - 측면충돌,안전운전불이행,건조,맑음,교차로 - 교차로안,화물,남,48세,상해없음,승용,남,50세,경상
2017111800100161,2017년 11월 18일 08시,토요일,강원도 삼척시 남양동,중상사고,0,1,2,0,차대차 - 측면충돌,직진우회전진행방해,건조,맑음,교차로 - 교차로안,승용,여,58세,경상,승용,여,49세,중상
2017111800100162,2017년 11월 18일 08시,토요일,강원도 동해시 단봉동,경상사고,0,0,1,0,차대차 - 측면충돌,안전운전불이행,건조,맑음,단일로 - 기타,화물,남,43세,상해없음,승용,남,55세,경상
2017111800100176,2017년 11월 18일 09시,토요일,강원도 강릉시 병산동,경상사고,0,0,1,0,차대차 - 측면충돌,안전운전불이행,건조,맑음,교차로 - 교차로안,화물,남,58세,상해없음,원동기,남,51세,경상
2017111800100203,2017년 11월 18일 10시,토요일,강원도 평창군 평창읍,중상사고,0,1,0,0,차량단독 - 전도전복,안전운전불이행,서리/결빙,맑음,단일로 - 기타,승용,남,59세,상해없음,미분류,미분류,미분류,미분류
2017111800100241,2017년 11월 18일 11시,토요일,강원도 속초시 설악동,경상사고,0,0,1,0,차대사람 - 횡단중,보행자보호의무위반,건조,맑음,단일로 - 기타,승용,남,50세,상해없음,보행자,남,7세,경상
2017111800100319,2017년 11월 18일 13시,토요일,강원도 원주시 단계동,경상사고,0,0,3,0,차대차 - 추돌,신호위반,건조,맑음,교차로 - 교차로안,승용,여,60세,상해없음,승용,남,58세,경상
2017111800100320,2017년 11월 18일 13시,토요일,강원도 삼척시 가곡면,중상사고,0,1,0,0,차량단독 - 도로외이탈 - 추락,안전운전불이행,건조,맑음,단일로 - 기타,승용,남,56세,중상,,,,
2017111800100361,2017년 11월 18일 14시,토요일,강원도 원주시 단계동,경상사고,0,0,1,0,차대차 - 측면충돌,신호위반,건조,맑음,교차로 - 교차로안,승용,남,25세,상해없음,승용,여,46세,경상
2017111800100362,2017년 11월 18일 14시,토요일,강원도 원주시 무실동,경상사고,0,0,1,0,차대차 - 추돌,안전운전불이행,건조,맑음,교차로 - 교차로부근,승용,남,58세,기타불명,승용,여,35세,경상
2017111800100363,2017년 11월 18일 14시,토요일,강원도 고성군 거진읍,경상사고,0,0,1,0,차대사람 - 횡단중,중앙선침범,건조,맑음,기타 - 기타,승용,남,65세,상해없음,보행자,여,3세,경상
2017111800100403,2017년 11월 18일 15시,토요일,강원도 춘천시 남면,부상신고사고,0,0,0,1,차대차 - 추돌,안전거리미확보,건조,맑음,단일로 - 기타,승용,남,30세,상해없음,승용,남,58세,상해없음
2017111800100453,2017년 11월 18일 16시,토요일,강원도 춘천시 효자동,경상사고,0,0,3,0,차대차 - 기타,안전운전불이행,건조,맑음,교차로 - 교차로안,승용,남,29세,상해없음,승합,남,49세,상해없음
2017111800100454,2017년 11월 18일 16시,토요일,강원도 춘천시 온의동,경상사고,0,0,1,1,차대차 - 측면충돌,교차로운행방법위반,건조,맑음,교차로 - 교차로안,승용,여,37세,부상신고,승용,여,79세,경상
2017111800100496,2017년 11월 18일 17시,토요일,강원도 춘천시 효자동,경상사고,0,0,1,0,차대사람 - 횡단중,안전운전불이행,건조,맑음,단일로 - 기타,승용,여,27세,상해없음,보행자,여,66세,경상
2017111800100497,2017년 11월 18일 17시,토요일,강원도 강릉시 옥계면,경상사고,0,0,1,0,차대차 - 측면충돌,신호위반,건조,맑음,교차로 - 교차로안,승용,남,48세,상해없음,승용,남,27세,경상
2017111800100535,2017년 11월 18일 18시,토요일,강원도 춘천시 우두동,경상사고,0,0,1,0,차대차 - 추돌,안전운전불이행,건조,맑음,단일로 - 기타,승용,남,57세,상해없음,이륜,남,33세,경상
2017111800100536,2017년 11월 18일 18시,토요일,강원도 원주시 단계동,경상사고,0,0,3,0,차대차 - 측면충돌,안전거리미확보,건조,맑음,교차로 - 교차로안,승용,여,63세,경상,승용,남,21세,경상
2017111800100537,2017년 11월 18일 18시,토요일,강원도 속초시 교동,경상사고,0,0,1,0,차대사람 - 횡단중,안전운전불이행,건조,맑음,교차로 - 교차로부근,승용,남,54세,상해없음,보행자,여,63세,경상
2017111800100574,2017년 11월 18일 19시,토요일,강원도 속초시 조양동,경상사고,0,0,2,0,차대차 - 측면충돌,교차로운행방법위반,건조,맑음,교차로 - 교차로안,승용,여,44세,상해없음,승용,남,46세,경상
2017111800100607,2017년 11월 18일 20시,토요일,강원도 원주시 무실동,경상사고,0,0,1,0,차대차 - 측면충돌,안전운전불이행,건조,맑음,교차로 - 교차로부근,승용,남,46세,상해없음,이륜,남,29세,경상
2017111800100608,2017년 11월 18일 20시,토요일,강원도 원주시 학성동,중상사고,0,1,0,0,차대차 - 측면충돌,안전운전불이행,건조,맑음,교차로 - 교차로부근,승용,남,25세,상해없음,승용,남,25세,중상
2017111800100667,2017년 11월 18일 22시,토요일,강원도 춘천시 후평동,경상사고,0,0,1,0,차대차 - 측면충돌,교차로운행방법위반,건조,맑음,교차로 - 교차로부근,승용,남,54세,상해없음,이륜,남,22세,경상
2017111900100098,2017년 11월 19일 07시,일요일,강원도 원주시 신림면,사망사고,1,0,0,0,차량단독 - 전도전복,안전운전불이행,건조,맑음,단일로 - 기타,화물,남,65세,사망,미분류,미분류,미분류,미분류
2017111900100141,2017년 11월 19일 10시,일요일,강원도 삼척시 정상동,경상사고,0,0,3,0,차대차 - 추돌,안전운전불이행,건조,맑음,교차로 - 교차로부근,승합,남,55세,상해없음,승용,여,40세,경상
2017111900100190,2017년 11월 19일 12시,일요일,강원도 삼척시 원덕읍,경상사고,0,0,2,0,차대차 - 측면충돌,안전운전불이행,건조,맑음,단일로 - 기타,승용,남,66세,상해없음,승용,남,65세,경상
2017111900100249,2017년 11월 19일 14시,일요일,강원도 춘천시 신북읍,경상사고,0,0,1,0,차대차 - 측면충돌,안전운전불이행,건조,맑음,교차로 - 교차로안,승용,남,56세,상해없음,승용,남,58세,경상
2017111900100318,2017년 11월 19일 16시,일요일,강원도 속초시 조양동,경상사고,0,0,3,0,차대차 - 추돌,안전운전불이행,건조,기타,단일로 - 기타,승용,여,49세,상해없음,승용,여,24세,경상
2017111900100351,2017년 11월 19일 17시,일요일,강원도 양양군 양양읍,경상사고,0,0,1,0,차대사람 - 기타,안전운전불이행,건조,맑음,단일로 - 기타,화물,남,42세,상해없음,보행자,여,50세,경상
2017111900100352,2017년 11월 19일 17시,일요일,강원도 화천군 화천읍,경상사고,0,0,1,0,차대차 - 측면충돌,안전운전불이행,건조,맑음,교차로 - 교차로안,기타불명,기타불명,미분류,기타불명,자전거,남,13세,경상
2017111900100379,2017년 11월 19일 18시,일요일,강원도 춘천시 효자동,경상사고,0,0,2,0,차대차 - 추돌,안전운전불이행,건조,맑음,교차로 - 교차로부근,화물,남,59세,상해없음,승용,여,60세,경상
2017111900100470,2017년 11월 19일 21시,일요일,강원도 원주시 개운동,경상사고,0,0,1,0,차대차 - 측면충돌,안전운전불이행,건조,맑음,단일로 - 기타,승용,남,34세,상해없음,이륜,남,30세,경상
2017111900100471,2017년 11월 19일 21시,일요일,강원도 양양군 현북면,경상사고,0,0,2,0,차대차 - 측면충돌,중앙선침범,건조,맑음,단일로 - 기타,승용,남,55세,상해없음,승용,여,28세,경상
2017111900100495,2017년 11월 19일 22시,일요일,강원도 원주시 단계동,부상신고사고,0,0,0,1,차대사람 - 길가장자리구역통행중,안전운전불이행,건조,맑음,단일로 - 기타,화물,남,26세,상해없음,보행자,남,27세,부상신고
2017112000100067,2017년 11월 20일 04시,월요일,강원도 춘천시 석사동,경상사고,0,0,1,0,차대차 - 측면충돌,교차로운행방법위반,건조,맑음,교차로 - 교차로안,승용,남,53세,기타불명,승용,남,43세,경상
2017112000100100,2017년 11월 20일 06시,월요일,강원도 원주시 단구동,중상사고,0,2,3,0,차대차 - 측면충돌,교차로운행방법위반,건조,맑음,교차로 - 교차로안,화물,남,51세,상해없음,화물,남,59세,중상
2017112000100177,2017년 11월 20일 08시,월요일,강원도 춘천시 소양로1가,경상사고,0,0,2,0,차대차 - 기타,교차로운행방법위반,건조,맑음,교차로 - 교차로안,화물,남,22세,상해없음,승용,남,54세,경상
2017112000100178,2017년 11월 20일 08시,월요일,강원도 춘천시 사북면,경상사고,0,0,1,0,차대사람 - 길가장자리구역통행중,안전운전불이행,건조,맑음,단일로 - 기타,승용,여,39세,상해없음,보행자,남,11세,경상
2017112000100179,2017년 11월 20일 08시,월요일,강원도 원주시 무실동,경상사고,0,0,1,1,차대차 - 측면충돌,안전운전불이행,건조,맑음,교차로 - 교차로안,승용,여,28세,부상신고,승용,남,56세,경상
2017112000100180,2017년 11월 20일 08시,월요일,강원도 고성군 토성면,사망사고,1,0,0,0,차량단독 - 전도전복,안전운전불이행,건조,맑음,기타 - 기타,승용,남,28세,사망,미분류,미분류,미분류,미분류
2017112000100261,2017년 11월 20일 10시,월요일,강원도 춘천시 동면,경상사고,0,0,1,0,차대차 - 추돌,안전거리미확보,건조,맑음,단일로 - 기타,화물,남,47세,상해없음,승용,남,43세,경상
2017112000100262,2017년 11월 20일 10시,월요일,강원도 양양군 현남면,경상사고,0,0,1,0,차대차 - 측면충돌,안전운전불이행,건조,맑음,단일로 - 기타,승용,여,57세,상해없음,승용,여,52세,경상
2017112000100287,2017년 11월 20일 11시,월요일,강원도 강릉시 주문진읍,중상사고,0,1,0,0,차량단독 - 기타,안전운전불이행,건조,맑음,단일로 - 기타,승합,남,39세,상해없음,,,,
2017112000100325,2017년 11월 20일 12시,월요일,강원도 철원군 동송읍,경상사고,0,0,1,0,차대차 - 측면충돌,교차로운행방법위반,건조,맑음,교차로 - 교차로안,승용,여,54세,상해없음,자전거,여,60세,경상
2017112000100350,2017년 11월 20일 13시,월요일,강원도 영월군 영월읍,중상사고,0,1,0,1,차대차 - 측면충돌,교차로운행방법위반,건조,맑음,교차로 - 교차로안,화물,남,57세,부상신고,승용,여,52세,중상
2017112000100390,2017년 11월 20일 14시,월요일,강원도 춘천시 신동면,중상사고,0,1,0,0,차대차 - 기타,안전운전불이행,적설,눈,단일로 - 기타,승용,남,56세,상해없음,승용,남,55세,중상
2017112000100391,2017년 11월 20일 14시,월요일,강원도 춘천시 동산면,사망사고,1,0,0,0,차량단독 - 전도전복,안전운전불이행,적설,눈,단일로 - 기타,건설기계,남,52세,사망,미분류,미분류,미분류,미분류
2017112000100392,2017년 11월 20일 14시,월요일,강원도 원주시 단계동,경상사고,0,0,1,0,차대차 - 측면충돌,기타,건조,맑음,단일로 - 기타,승용,남,78세,상해없음,승용,남,33세,경상
2017112000100456,2017년 11월 20일 16시,월요일,강원도 강릉시 포남동,경상사고,0,0,2,0,차대차 - 정면충돌,과속,건조,맑음,교차로 - 교차로안,특수,남,26세,상해없음,승용,여,40세,경상
2017112000100457,2017년 11월 20일 16시,월요일,강원도 강릉시 포남동,중상사고,0,1,2,0,차대차 - 측면충돌,안전운전불이행,건조,맑음,교차로 - 교차로부근,승용,남,61세,상해없음,승용,남,20세,경상
2017112000100458,2017년 11월 20일 16시,월요일,강원도 철원군 갈말읍,부상신고사고,0,0,0,1,차대차 - 추돌,안전운전불이행,서리/결빙,눈,단일로 - 교량,승용,남,38세,부상신고,화물,남,60세,상해없음
2017112000100505,2017년 11월 20일 17시,월요일,강원도 춘천시 칠전동,중상사고,0,1,0,0,차대사람 - 횡단중,안전운전불이행,젖음/습기,흐림,단일로 - 기타,승용,남,60세,상해없음,보행자,여,74세,중상
2017112000100506,2017년 11월 20일 17시,월요일,강원도 춘천시 효자동,경상사고,0,0,1,0,차대사람 - 횡단중,보행자보호의무위반,건조,맑음,교차로 - 교차로횡단보도내,승용,남,67세,상해없음,보행자,여,70세,경상
2017112000100507,2017년 11월 20일 17시,월요일,강원도 강릉시 교동,경상사고,0,0,1,0,차대차 - 측면충돌,안전운전불이행,건조,맑음,교차로 - 교차로안,화물,남,52세,상해없음,승용,남,69세,경상
2017112000100549,2017년 11월 20일 18시,월요일,강원도 강릉시 옥천동,경상사고,0,0,1,0,차대차 - 측면충돌,안전운전불이행,건조,맑음,교차로 - 교차로안,승용,남,58세,상해없음,원동기,남,63세,경상
2017112000100608,2017년 11월 20일 19시,월요일,강원도 원주시 단계동,경상사고,0,0,1,0,차대사람 - 기타,보행자보호의무위반,건조,맑음,교차로 - 교차로부근,승용,남,42세,상해없음,보행자,여,37세,경상
2017112000100609,2017년 11월 20일 19시,월요일,강원도 원주시 중앙동,경상사고,0,0,1,0,차대사람 - 기타,안전운전불이행,건조,맑음,단일로 - 기타,승용,남,51세,상해없음,보행자,여,18세,경상
2017112100100159,2017년 11월 21일 08시,화요일,강원도 춘천시 동면,경상사고,0,0,1,1,차대차 - 후진중충돌,안전운전불이행,건조,맑음,단일로 - 기타,승용,남,27세,부상신고,승용,여,52세,경상
2017112100100160,2017년 11월 21일 08시,화요일,강원도 원주시 명륜동,경상사고,0,0,1,0,차대차 - 측면충돌,교차로운행방법위반,건조,맑음,교차로 - 교차로안,승용,여,43세,기타불명,승용,여,39세,경상
2017112100100161,2017년 11월 21일 08시,화요일,강원도 홍천군 홍천읍,경상사고,0,0,1,0,차대차 - 정면충돌,안전운전불이행,적설,맑음,단일로 - 기타,화물,남,63세,상해없음,승합,남,49세,경상
2017112100100162,2017년 11월 21일 08시,화요일,강원도 홍천군 북방면,중상사고,0,1,1,0,차대차 - 측면충돌,직진우회전진행방해,건조,맑음,교차로 - 교차로안,화물,남,41세,상해없음,승용,여,28세,중상
2017112100100163,2017년 11월 21일 08시,화요일,강원도 철원군 갈말읍,중상사고,0,1,0,0,차대사람 - 횡단중,안전운전불이행,건조,흐림,단일로 - 기타,화물,남,75세,상해없음,보행자,남,77세,중상
2017112100100211,2017년 11월 21일 09시,화요일,강원도 동해시 천곡동,중상사고,0,1,0,0,차대사람 - 횡단중,신호위반,건조,맑음,교차로 - 교차로횡단보도내,승용,남,64세,상해없음,보행자,여,57세,중상
2017112100100238,2017년 11월 21일 10시,화요일,강원도 정선군 임계면,경상사고,0,0,1,0,차대사람 - 기타,안전운전불이행,건조,맑음,단일로 - 기타,기타불명,기타불명,미분류,기타불명,보행자,여,82세,경상
2017112100100239,2017년 11월 21일 10시,화요일,강원도 동해시 천곡동,중상사고,0,1,0,0,차량단독 - 기타,기타,건조,맑음,단일로 - 기타,승합,남,39세,상해없음,,,,
2017112100100305,2017년 11월 21일 12시,화요일,강원도 원주시 명륜동,부상신고사고,0,0,0,4,차대차 - 추돌,안전운전불이행,건조,맑음,교차로 - 교차로부근,승용,여,54세,상해없음,승용,남,49세,부상신고