사고번호,사고일시,요일,시군구,사고내용,사망자수,중상자수,경상자수,부상신고자수,사고유형,법규위반,노면상태,기상상태,도로형태,가해운전자 차종,가해운전자 성별,가해운전자 연령,가해운전자 상해정도,피해운전자 차종,피해운전자 성별,피해운전자 연령,피해운전자 상해정도
2017112100100306,2017년 11월 21일 12시,화요일,강원도 삼척시 도계읍,중상사고,0,1,0,0,차대차 - 측면충돌,안전운전불이행,건조,맑음,단일로 - 기타,화물,남,62세,상해없음,원동기,여,66세,중상
2017112100100337,2017년 11월 21일 13시,화요일,강원도 원주시 단계동,중상사고,0,3,5,1,차대차 - 추돌,안전운전불이행,건조,맑음,교차로 - 교차로부근,건설기계,남,35세,상해없음,승합,남,54세,경상
2017112100100369,2017년 11월 21일 14시,화요일,강원도 춘천시 소양로1가,경상사고,0,0,1,0,차대차 - 추돌,안전거리미확보,건조,맑음,단일로 - 기타,승용,남,57세,상해없음,승용,여,34세,경상
2017112100100370,2017년 11월 21일 14시,화요일,강원도 원주시 문막읍,경상사고,0,0,1,0,차량단독 - 공작물충돌,안전운전불이행,건조,맑음,단일로 - 기타,승용,남,64세,상해없음,,,,
2017112100100371,2017년 11월 21일 14시,화요일,강원도 태백시 황지동,경상사고,0,0,1,0,차대사람 - 횡단중,보행자보호의무위반,건조,맑음,교차로 - 교차로횡단보도내,승용,여,54세,상해없음,보행자,여,52세,경상
2017112100100401,2017년 11월 21일 15시,화요일,강원도 춘천시 석사동,경상사고,0,0,1,0,차대차 - 측면충돌,기타,건조,맑음,단일로 - 기타,승용,여,51세,상해없음,승용,남,64세,경상
2017112100100433,2017년 11월 21일 16시,화요일,강원도 철원군 갈말읍,경상사고,0,0,1,0,차대차 - 추돌,안전운전불이행,건조,맑음,교차로 - 교차로부근,화물,남,59세,상해없음,승용,남,48세,경상
2017112100100454,2017년 11월 21일 17시,화요일,강원도 철원군 동송읍,중상사고,0,1,0,0,차대차 - 측면충돌,중앙선침범,건조,맑음,단일로 - 기타,승용,남,71세,상해없음,화물,남,63세,상해없음
2017112100100514,2017년 11월 21일 18시,화요일,강원도 고성군 토성면,경상사고,0,0,2,0,차대차 - 측면충돌,교차로운행방법위반,건조,맑음,교차로 - 교차로안,승용,여,46세,상해없음,승용,남,39세,경상
2017112100100558,2017년 11월 21일 19시,화요일,강원도 춘천시 석사동,경상사고,0,0,1,0,차대차 - 추돌,안전운전불이행,건조,흐림,단일로 - 기타,승용,여,28세,상해없음,승용,여,48세,경상
2017112100100559,2017년 11월 21일 19시,화요일,강원도 원주시 판부면,중상사고,0,2,0,0,차대차 - 추돌,안전운전불이행,건조,흐림,단일로 - 고가도로위,승용,남,41세,상해없음,승용,남,57세,상해없음
2017112100100591,2017년 11월 21일 20시,화요일,강원도 강릉시 옥계면,중상사고,0,1,0,0,차대차 - 측면충돌,중앙선침범,건조,맑음,단일로 - 기타,특수,남,47세,상해없음,승용,남,41세,중상
2017112100100663,2017년 11월 21일 23시,화요일,강원도 춘천시 퇴계동,중상사고,0,1,0,0,차대사람 - 기타,안전운전불이행,건조,맑음,단일로 - 기타,승합,남,55세,상해없음,보행자,여,21세,중상
2017112200100033,2017년 11월 22일 00시,수요일,강원도 원주시 관설동,경상사고,0,0,1,0,차대사람 - 횡단중,안전운전불이행,건조,맑음,교차로 - 교차로안,승용,남,63세,상해없음,보행자,남,27세,경상
2017112200100172,2017년 11월 22일 08시,수요일,강원도 춘천시 효자동,중상사고,0,1,0,0,차대사람 - 차도통행중,안전운전불이행,건조,맑음,단일로 - 기타,승용,여,41세,상해없음,보행자,여,85세,중상
2017112200100173,2017년 11월 22일 08시,수요일,강원도 원주시 호저면,경상사고,0,0,1,0,차대차 - 측면충돌,안전운전불이행,건조,맑음,교차로 - 교차로안,승용,남,38세,상해없음,승용,남,37세,경상
2017112200100207,2017년 11월 22일 09시,수요일,강원도 춘천시 중앙로2가,중상사고,0,1,0,0,차대사람 - 기타,안전운전불이행,건조,맑음,단일로 - 기타,승합,남,41세,상해없음,보행자,여,76세,중상
2017112200100208,2017년 11월 22일 09시,수요일,강원도 강릉시 교동,경상사고,0,0,2,0,차대차 - 추돌,안전운전불이행,건조,맑음,단일로 - 기타,승용,여,28세,상해없음,승용,남,33세,경상
2017112200100209,2017년 11월 22일 09시,수요일,강원도 원주시 흥업면,경상사고,0,0,1,0,차대차 - 측면충돌,안전운전불이행,서리/결빙,비,단일로 - 기타,승용,남,63세,상해없음,승용,남,26세,경상
2017112200100210,2017년 11월 22일 09시,수요일,강원도 원주시 문막읍,중상사고,0,1,0,0,차대차 - 측면충돌,중앙선침범,서리/결빙,눈,단일로 - 기타,화물,남,47세,상해없음,화물,남,50세,중상
2017112200100237,2017년 11월 22일 10시,수요일,강원도 원주시 단계동,중상사고,0,1,0,0,차대차 - 추돌,안전운전불이행,젖음/습기,눈,단일로 - 기타,승용,남,52세,중상,승용,남,51세,상해없음
2017112200100238,2017년 11월 22일 10시,수요일,강원도 원주시 흥업면,중상사고,0,1,3,0,차대차 - 추돌,안전거리미확보,건조,맑음,단일로 - 기타,화물,남,60세,상해없음,승용,여,61세,중상
2017112200100239,2017년 11월 22일 10시,수요일,강원도 속초시 교동,중상사고,0,1,0,0,차대사람 - 횡단중,안전운전불이행,건조,맑음,주차장 - 주차장,승용,여,46세,상해없음,보행자,여,84세,중상
2017112200100240,2017년 11월 22일 10시,수요일,강원도 속초시 영랑동,중상사고,0,1,0,0,차대사람 - 기타,안전운전불이행,건조,맑음,단일로 - 기타,화물,남,63세,상해없음,보행자,남,67세,중상
2017112200100275,2017년 11월 22일 11시,수요일,강원도 춘천시 석사동,중상사고,0,1,0,0,차대차 - 측면충돌,안전거리미확보,건조,맑음,단일로 - 기타,승용,여,42세,상해없음,이륜,남,59세,중상
2017112200100276,2017년 11월 22일 11시,수요일,강원도 강릉시 초당동,경상사고,0,0,1,0,차대차 - 기타,안전운전불이행,건조,맑음,교차로 - 교차로안,승용,남,26세,상해없음,승용,남,62세,경상
2017112200100306,2017년 11월 22일 12시,수요일,강원도 원주시 개운동,경상사고,0,0,1,0,차량단독 - 기타,안전운전불이행,건조,맑음,교차로 - 교차로안,승합,남,48세,상해없음,,,,
2017112200100307,2017년 11월 22일 12시,수요일,강원도 영월군 주천면,경상사고,0,0,1,0,차대차 - 정면충돌,안전운전불이행,서리/결빙,눈,단일로 - 기타,승용,남,61세,상해없음,승용,남,68세,경상
2017112200100327,2017년 11월 22일 13시,수요일,강원도 동해시 발한동,경상사고,0,0,1,0,차대사람 - 기타,안전운전불이행,건조,맑음,단일로 - 기타,승용,여,58세,상해없음,보행자,여,58세,경상
2017112200100360,2017년 11월 22일 14시,수요일,강원도 춘천시 사농동,경상사고,0,0,3,0,차대차 - 측면충돌,안전운전불이행,건조,맑음,교차로 - 교차로안,승용,남,65세,상해없음,승용,남,50세,경상
2017112200100361,2017년 11월 22일 14시,수요일,강원도 삼척시 가곡면,중상사고,0,1,1,0,차대차 - 정면충돌,중앙선침범,건조,맑음,단일로 - 기타,승용,남,27세,경상,승용,여,29세,중상
2017112200100434,2017년 11월 22일 16시,수요일,강원도 춘천시 중앙로2가,경상사고,0,0,1,0,차대차 - 기타,안전운전불이행,건조,맑음,단일로 - 기타,승용,여,60세,기타불명,승용,여,54세,경상
2017112200100435,2017년 11월 22일 16시,수요일,강원도 춘천시 효자동,경상사고,0,0,1,0,차대차 - 측면충돌,안전운전불이행,건조,맑음,단일로 - 기타,화물,남,36세,기타불명,승용,남,63세,경상
2017112200100436,2017년 11월 22일 16시,수요일,강원도 홍천군 동면,중상사고,0,1,0,0,차량단독 - 공작물충돌,안전운전불이행,젖음/습기,흐림,단일로 - 기타,화물,남,72세,상해없음,,,,
2017112200100465,2017년 11월 22일 17시,수요일,강원도 원주시 태장동,경상사고,0,0,1,0,차대차 - 측면충돌,안전운전불이행,건조,맑음,교차로 - 교차로안,승용,여,48세,상해없음,자전거,남,78세,경상
2017112200100466,2017년 11월 22일 17시,수요일,강원도 평창군 미탄면,중상사고,0,4,3,0,차대차 - 추돌,안전운전불이행,서리/결빙,안개,단일로 - 교량,승용,남,56세,경상,승용,여,28세,상해없음
2017112200100467,2017년 11월 22일 17시,수요일,강원도 평창군 미탄면,중상사고,0,2,1,0,차대차 - 추돌,안전운전불이행,서리/결빙,흐림,단일로 - 기타,화물,남,62세,상해없음,승용,남,33세,상해없음
2017112200100516,2017년 11월 22일 18시,수요일,강원도 평창군 평창읍,중상사고,0,3,0,0,차량단독 - 공작물충돌,안전운전불이행,서리/결빙,흐림,단일로 - 교량,화물,남,58세,중상,,,,
2017112200100616,2017년 11월 22일 20시,수요일,강원도 평창군 평창읍,중상사고,0,1,0,0,차대차 - 정면충돌,중앙선침범,서리/결빙,흐림,단일로 - 교량,승용,남,52세,상해없음,승용,남,37세,중상
2017112200100617,2017년 11월 22일 20시,수요일,강원도 고성군 거진읍,경상사고,0,0,1,0,차대차 - 측면충돌,교차로운행방법위반,건조,맑음,교차로 - 교차로안,화물,남,51세,상해없음,승용,여,59세,경상
2017112200100648,2017년 11월 22일 21시,수요일,강원도 춘천시 효자동,중상사고,0,1,1,0,차대사람 - 보도통행중,안전운전불이행,건조,맑음,단일로 - 기타,화물,남,53세,상해없음,보행자,여,20세,경상
2017112200100675,2017년 11월 22일 22시,수요일,강원도 춘천시 석사동,경상사고,0,0,1,0,차대사람 - 길가장자리구역통행중,안전운전불이행,건조,맑음,단일로 - 기타,승용,남,38세,상해없음,보행자,남,21세,경상
2017112200100699,2017년 11월 22일 23시,수요일,강원도 춘천시 후평동,경상사고,0,0,2,0,차대차 - 측면충돌,직진우회전진행방해,건조,맑음,교차로 - 교차로안,승용,남,30세,상해없음,승용,남,47세,경상
2017112200100700,2017년 11월 22일 23시,수요일,강원도 강릉시 교동,경상사고,0,0,2,0,차대차 - 측면충돌,안전운전불이행,건조,맑음,교차로 - 교차로부근,승용,남,56세,상해없음,승합,남,46세,경상
2017112300100055,2017년 11월 23일 01시,목요일,강원도 원주시 단구동,경상사고,0,0,3,0,차대차 - 측면충돌,안전운전불이행,건조,맑음,단일로 - 기타,승용,남,37세,상해없음,승용,여,37세,경상
2017112300100087,2017년 11월 23일 05시,목요일,강원도 강릉시 포남동,중상사고,0,1,0,0,차대사람 - 기타,안전운전불이행,건조,맑음,교차로 - 교차로부근,승용,남,71세,상해없음,보행자,여,63세,중상
2017112300100088,2017년 11월 23일 05시,목요일,강원도 원주시 태장동,경상사고,0,0,1,0,차대차 - 측면충돌,신호위반,건조,맑음,교차로 - 교차로안,승용,여,63세,기타불명,화물,남,65세,경상
2017112300100155,2017년 11월 23일 08시,목요일,강원도 강릉시 포남동,경상사고,0,0,2,0,차대차 - 측면충돌,안전운전불이행,건조,맑음,교차로 - 교차로부근,승용,여,60세,기타불명,승용,남,62세,경상
2017112300100156,2017년 11월 23일 08시,목요일,강원도 태백시 황지동,경상사고,0,0,1,0,차대차 - 측면충돌,안전운전불이행,건조,맑음,교차로 - 교차로부근,승합,남,62세,상해없음,승용,여,71세,경상
2017112300100196,2017년 11월 23일 09시,목요일,강원도 춘천시 후평동,부상신고사고,0,0,0,1,차대사람 - 횡단중,안전운전불이행,건조,맑음,교차로 - 교차로안,승합,남,39세,상해없음,보행자,여,83세,부상신고
2017112300100419,2017년 11월 23일 16시,목요일,강원도 춘천시 후평동,경상사고,0,0,2,0,차대차 - 측면충돌,안전운전불이행,건조,맑음,교차로 - 교차로안,승합,남,63세,상해없음,승용,남,42세,경상
2017112300100420,2017년 11월 23일 16시,목요일,강원도 춘천시 소양로2가,경상사고,0,0,1,0,차대사람 - 횡단중,보행자보호의무위반,건조,맑음,단일로 - 기타,승용,남,50세,상해없음,보행자,여,20세,경상
2017112300100511,2017년 11월 23일 18시,목요일,강원도 춘천시 석사동,경상사고,0,0,1,0,차대사람 - 횡단중,신호위반,건조,맑음,교차로 - 교차로횡단보도내,승용,여,63세,상해없음,보행자,남,21세,경상
2017112300100512,2017년 11월 23일 18시,목요일,강원도 영월군 영월읍,사망사고,1,0,0,0,차대사람 - 횡단중,보행자보호의무위반,건조,맑음,교차로 - 교차로횡단보도내,승용,남,28세,상해없음,보행자,여,67세,사망
2017112300100563,2017년 11월 23일 19시,목요일,강원도 춘천시 동내면,경상사고,0,0,1,1,차대차 - 측면충돌,안전운전불이행,건조,맑음,단일로 - 기타,이륜,남,48세,부상신고,승용,남,34세,경상
2017112300100564,2017년 11월 23일 19시,목요일,강원도 춘천시 근화동,경상사고,0,0,1,0,차대차 - 측면충돌,신호위반,건조,맑음,교차로 - 교차로안,승용,남,30세,기타불명,승용,남,30세,경상
2017112300100658,2017년 11월 23일 23시,목요일,강원도 원주시 단구동,중상사고,0,1,0,0,차대차 - 측면충돌,신호위반,건조,맑음,교차로 - 교차로안,기타불명,기타불명,미분류,기타불명,승용,남,64세,중상
2017112400100069,2017년 11월 24일 01시,금요일,강원도 원주시 호저면,중상사고,0,1,0,0,차량단독 - 기타,안전운전불이행,젖음/습기,눈,단일로 - 기타,화물,남,58세,상해없음,,,,
2017112400100084,2017년 11월 24일 02시,금요일,강원도 강릉시 교동,경상사고,0,0,1,0,차대차 - 측면충돌,신호위반,건조,맑음,교차로 - 교차로안,승용,남,26세,상해없음,승용,여,35세,경상
2017112400100181,2017년 11월 24일 07시,금요일,강원도 춘천시 동면,중상사고,0,1,0,0,차대차 - 측면충돌,차로위반,적설,눈,단일로 - 기타,승합,남,70세,상해없음,승용,여,58세,중상
2017112400100182,2017년 11월 24일 07시,금요일,강원도 동해시 이로동,경상사고,0,0,1,0,차대사람 - 횡단중,안전운전불이행,건조,맑음,교차로 - 교차로안,화물,남,46세,상해없음,보행자,여,62세,경상
2017112400100218,2017년 11월 24일 08시,금요일,강원도 강릉시 강동면,경상사고,0,0,1,0,차대차 - 추돌,안전운전불이행,건조,맑음,교차로 - 교차로안,화물,남,38세,상해없음,승용,남,70세,경상
2017112400100219,2017년 11월 24일 08시,금요일,강원도 영월군 주천면,중상사고,0,1,0,0,차대사람 - 기타,안전운전불이행,서리/결빙,눈,교차로 - 교차로부근,승용,남,55세,상해없음,보행자,여,66세,중상
2017112400100263,2017년 11월 24일 09시,금요일,강원도 춘천시 후평동,경상사고,0,0,1,0,차대차 - 추돌,안전운전불이행,서리/결빙,흐림,교차로 - 교차로안,승용,여,55세,상해없음,승용,여,48세,경상
2017112400100264,2017년 11월 24일 09시,금요일,강원도 원주시 봉산동,경상사고,0,0,1,1,차대차 - 정면충돌,안전운전불이행,젖음/습기,눈,단일로 - 기타,승용,남,39세,부상신고,승용,여,56세,경상
2017112400100293,2017년 11월 24일 10시,금요일,강원도 평창군 진부면,경상사고,0,0,2,0,차대차 - 측면충돌,안전운전불이행,젖음/습기,흐림,교차로 - 교차로안,승용,남,67세,상해없음,승용,남,60세,경상
2017112400100352,2017년 11월 24일 12시,금요일,강원도 강릉시 교동,경상사고,0,0,2,0,차대차 - 측면충돌,차로위반,건조,맑음,교차로 - 교차로부근,화물,남,81세,상해없음,화물,남,71세,경상
2017112400100387,2017년 11월 24일 13시,금요일,강원도 춘천시 석사동,경상사고,0,0,1,0,차대차 - 정면충돌,중앙선침범,건조,맑음,교차로 - 교차로부근,승용,남,19세,상해없음,승용,남,57세,경상
2017112400100388,2017년 11월 24일 13시,금요일,강원도 원주시 단계동,경상사고,0,0,2,0,차대차 - 측면충돌,신호위반,건조,맑음,교차로 - 교차로안,승용,여,60세,상해없음,승용,여,26세,경상
2017112400100389,2017년 11월 24일 13시,금요일,강원도 영월군 남면,중상사고,0,2,2,0,차대차 - 추돌,안전운전불이행,건조,맑음,단일로 - 기타,화물,남,62세,상해없음,화물,남,56세,경상
2017112400100390,2017년 11월 24일 13시,금요일,강원도 홍천군 홍천읍,경상사고,0,0,1,0,차대차 - 기타,교차로운행방법위반,서리/결빙,흐림,교차로 - 교차로안,건설기계,남,66세,상해없음,승용,여,38세,경상
2017112400100432,2017년 11월 24일 14시,금요일,강원도 강릉시 송정동,중상사고,0,1,0,0,차대차 - 측면충돌,신호위반,건조,맑음,교차로 - 교차로안,승용,남,59세,상해없음,승용,남,40세,중상
2017112400100433,2017년 11월 24일 14시,금요일,강원도 강릉시 포남동,경상사고,0,0,1,0,차대차 - 측면충돌,차로위반,건조,맑음,단일로 - 기타,승용,여,32세,상해없음,화물,남,35세,경상
2017112400100434,2017년 11월 24일 14시,금요일,강원도 영월군 영월읍,부상신고사고,0,0,0,1,차대사람 - 횡단중,안전운전불이행,건조,맑음,단일로 - 기타,승용,남,75세,상해없음,보행자,여,80세,부상신고
2017112400100508,2017년 11월 24일 16시,금요일,강원도 춘천시 약사동,경상사고,0,0,1,0,차대차 - 추돌,안전운전불이행,건조,맑음,단일로 - 기타,승용,남,62세,상해없음,승용,여,40세,경상
2017112400100509,2017년 11월 24일 16시,금요일,강원도 철원군 갈말읍,중상사고,0,1,0,0,차대차 - 기타,안전거리미확보,건조,맑음,단일로 - 기타,화물,남,46세,상해없음,이륜,남,81세,중상
2017112400100510,2017년 11월 24일 16시,금요일,강원도 동해시 효가동,경상사고,0,0,1,0,차대차 - 측면충돌,직진우회전진행방해,건조,맑음,교차로 - 교차로안,승용,여,52세,상해없음,승용,남,76세,경상
2017112400100552,2017년 11월 24일 17시,금요일,강원도 춘천시 사북면,사망사고,1,0,0,0,차대사람 - 횡단중,중앙선침범,건조,맑음,단일로 - 기타,승합,남,54세,상해없음,보행자,여,77세,사망
2017112400100553,2017년 11월 24일 17시,금요일,강원도 춘천시 동내면,경상사고,0,0,1,0,차대차 - 측면충돌,직진우회전진행방해,건조,맑음,교차로 - 교차로안,승용,남,53세,상해없음,승용,여,49세,경상
2017112400100607,2017년 11월 24일 18시,금요일,강원도 원주시 단구동,경상사고,0,0,1,0,차대차 - 측면충돌,교차로운행방법위반,건조,맑음,교차로 - 교차로안,승합,남,53세,상해없음,승용,여,44세,경상
2017112400100608,2017년 11월 24일 18시,금요일,강원도 속초시 조양동,중상사고,0,1,0,0,차대사람 - 횡단중,안전운전불이행,건조,맑음,교차로 - 교차로안,화물,남,33세,상해없음,보행자,남,64세,중상
2017112400100609,2017년 11월 24일 18시,금요일,강원도 정선군 정선읍,중상사고,0,1,0,0,차대사람 - 길가장자리구역통행중,기타,건조,맑음,단일로 - 기타,승용,남,41세,상해없음,보행자,여,15세,중상
2017112400100738,2017년 11월 24일 21시,금요일,강원도 춘천시 효자동,경상사고,0,0,2,0,차대차 - 추돌,안전거리미확보,건조,맑음,단일로 - 기타,승용,남,56세,상해없음,승용,남,46세,경상
2017112400100801,2017년 11월 24일 23시,금요일,강원도 강릉시 교동,중상사고,0,1,0,0,차대차 - 측면충돌,안전운전불이행,건조,맑음,교차로 - 교차로부근,승용,여,60세,상해없음,이륜,남,26세,중상
2017112400100802,2017년 11월 24일 23시,금요일,강원도 원주시 단계동,경상사고,0,0,1,0,차대사람 - 길가장자리구역통행중,안전운전불이행,건조,맑음,교차로 - 교차로부근,승용,남,43세,상해없음,보행자,남,25세,경상
2017112500100048,2017년 11월 25일 00시,토요일,강원도 춘천시 후평동,경상사고,0,0,1,0,차대사람 - 횡단중,안전운전불이행,건조,맑음,교차로 - 교차로부근,승용,남,47세,상해없음,보행자,남,32세,경상
2017112500100049,2017년 11월 25일 00시,토요일,강원도 원주시 문막읍,중상사고,0,1,0,0,차대사람 - 횡단중,안전운전불이행,건조,맑음,단일로 - 기타,승용,남,50세,상해없음,보행자,남,54세,중상
2017112500100088,2017년 11월 25일 02시,토요일,강원도 강릉시 구정면,경상사고,0,0,1,0,차량단독 - 공작물충돌,안전운전불이행,건조,맑음,교차로 - 교차로부근,승용,여,29세,상해없음,,,,
2017112500100089,2017년 11월 25일 02시,토요일,강원도 원주시 단계동,중상사고,0,1,1,0,차대차 - 측면충돌,안전운전불이행,건조,맑음,단일로 - 기타,승용,남,34세,상해없음,승용,남,32세,중상
2017112500100162,2017년 11월 25일 07시,토요일,강원도 원주시 우산동,경상사고,0,0,1,0,차대차 - 정면충돌,안전운전불이행,건조,맑음,교차로 - 교차로안,승용,남,28세,상해없음,승용,남,60세,경상
2017112500100163,2017년 11월 25일 07시,토요일,강원도 홍천군 서면,경상사고,0,0,1,0,차대차 - 측면충돌,중앙선침범,건조,맑음,단일로 - 기타,화물,남,39세,상해없음,승용,남,41세,경상
2017112500100201,2017년 11월 25일 09시,토요일,강원도 원주시 관설동,중상사고,0,3,0,0,차대차 - 측면충돌,교차로운행방법위반,건조,맑음,교차로 - 교차로안,승용,여,43세,상해없음,승용,남,74세,중상
2017112500100202,2017년 11월 25일 09시,토요일,강원도 인제군 인제읍,경상사고,0,0,2,0,차대차 - 추돌,안전거리미확보,적설,눈,단일로 - 터널,승용,남,37세,경상,승용,남,36세,상해없음
2017112500100226,2017년 11월 25일 10시,토요일,강원도 원주시 신림면,경상사고,0,0,3,0,차대차 - 추돌,교차로운행방법위반,건조,맑음,교차로 - 교차로안,승용,남,54세,상해없음,승용,여,46세,경상
2017112500100227,2017년 11월 25일 10시,토요일,강원도 양구군 방산면,경상사고,0,0,1,0,차대사람 - 길가장자리구역통행중,안전운전불이행,적설,눈,단일로 - 기타,화물,남,66세,상해없음,보행자,여,87세,경상
2017112500100292,2017년 11월 25일 12시,토요일,강원도 정선군 고한읍,경상사고,0,0,2,0,차대차 - 정면충돌,중앙선침범,건조,맑음,단일로 - 기타,승용,남,22세,상해없음,승용,여,49세,경상
2017112500100328,2017년 11월 25일 13시,토요일,강원도 원주시 중앙동,경상사고,0,0,3,0,차대차 - 측면충돌,교차로운행방법위반,건조,맑음,교차로 - 교차로안,화물,남,51세,상해없음,승용,남,32세,경상
2017112500100364,2017년 11월 25일 14시,토요일,강원도 원주시 개운동,경상사고,0,0,1,0,차대차 - 추돌,안전운전불이행,건조,맑음,단일로 - 기타,승용,남,56세,상해없음,승용,남,53세,경상
2017112500100365,2017년 11월 25일 14시,토요일,강원도 삼척시 근덕면,경상사고,0,0,3,0,차대차 - 측면충돌,중앙선침범,건조,맑음,단일로 - 기타,건설기계,남,56세,상해없음,승용,여,23세,경상
2017112500100390,2017년 11월 25일 15시,토요일,강원도 강릉시 교동,경상사고,0,0,1,0,차대차 - 측면충돌,안전운전불이행,건조,맑음,교차로 - 교차로부근,승용,남,47세,상해없음,승용,여,62세,경상
2017112500100391,2017년 11월 25일 15시,토요일,강원도 원주시 소초면,중상사고,0,1,0,0,차대차 - 기타,안전운전불이행,건조,맑음,교차로 - 교차로안,화물,남,61세,상해없음,이륜,남,76세,중상
2017112500100421,2017년 11월 25일 16시,토요일,강원도 춘천시 동면,경상사고,0,0,1,0,차대차 - 추돌,안전운전불이행,적설,맑음,단일로 - 기타,승용,남,31세,상해없음,승용,남,43세,경상
2017112500100457,2017년 11월 25일 17시,토요일,강원도 홍천군 남면,중상사고,0,2,1,1,차대차 - 정면충돌,중앙선침범,젖음/습기,눈,단일로 - 기타,승용,남,66세,부상신고,승용,여,55세,경상
2017112500100458,2017년 11월 25일 17시,토요일,강원도 홍천군 홍천읍,경상사고,0,0,1,0,차대차 - 기타,안전거리미확보,젖음/습기,비,단일로 - 기타,승용,남,75세,상해없음,승용,여,64세,경상
2017112500100459,2017년 11월 25일 17시,토요일,강원도 평창군 진부면,중상사고,0,1,0,0,차대사람 - 횡단중,안전운전불이행,젖음/습기,흐림,단일로 - 기타,승용,남,63세,상해없음,보행자,여,81세,중상
2017112500100460,2017년 11월 25일 17시,토요일,강원도 인제군 기린면,경상사고,0,0,1,0,차대사람 - 횡단중,안전운전불이행,젖음/습기,비,단일로 - 기타,승용,남,35세,상해없음,보행자,여,7세,경상
2017112500100524,2017년 11월 25일 18시,토요일,강원도 홍천군 서석면,경상사고,0,0,2,0,차대차 - 추돌,안전거리미확보,적설,눈,단일로 - 기타,승용,남,60세,상해없음,승용,남,30세,상해없음
2017112500100572,2017년 11월 25일 19시,토요일,강원도 원주시 단계동,경상사고,0,0,1,0,차대차 - 추돌,안전거리미확보,젖음/습기,비,단일로 - 기타,승용,여,51세,상해없음,승용,남,24세,경상
2017112500100613,2017년 11월 25일 20시,토요일,강원도 강릉시 성내동,중상사고,0,1,0,0,차대차 - 기타,안전운전불이행,젖음/습기,비,교차로 - 교차로안,승용,남,57세,상해없음,원동기,남,58세,중상
2017112500100614,2017년 11월 25일 20시,토요일,강원도 춘천시 동산면,경상사고,0,0,1,0,차대차 - 추돌,안전운전불이행,적설,눈,단일로 - 기타,승용,남,59세,상해없음,승용,남,45세,경상
2017112500100615,2017년 11월 25일 20시,토요일,강원도 횡성군 안흥면,부상신고사고,0,0,0,1,차대차 - 추돌,안전운전불이행,적설,눈,단일로 - 기타,승용,여,32세,부상신고,승용,여,32세,상해없음
2017112500100644,2017년 11월 25일 21시,토요일,강원도 춘천시 중앙로2가,경상사고,0,0,2,0,차대차 - 측면충돌,신호위반,젖음/습기,눈,교차로 - 교차로안,승용,남,34세,상해없음,승용,남,27세,경상
2017112500100645,2017년 11월 25일 21시,토요일,강원도 원주시 단계동,경상사고,0,0,1,0,차대차 - 후진중충돌,안전운전불이행,젖음/습기,비,교차로 - 교차로안,승용,남,34세,상해없음,승용,여,32세,경상
2017112500100667,2017년 11월 25일 22시,토요일,강원도 원주시 중앙동,경상사고,0,0,2,0,차대차 - 측면충돌,신호위반,젖음/습기,비,교차로 - 교차로안,화물,남,44세,상해없음,승용,남,43세,경상
2017112500100692,2017년 11월 25일 23시,토요일,강원도 영월군 영월읍,부상신고사고,0,0,0,1,차대사람 - 길가장자리구역통행중,안전운전불이행,젖음/습기,비,교차로 - 교차로안,승용,남,55세,상해없음,보행자,남,55세,부상신고
2017112500100693,2017년 11월 25일 23시,토요일,강원도 동해시 동회동,경상사고,0,0,1,0,차대차 - 측면충돌,교차로운행방법위반,젖음/습기,비,교차로 - 교차로안,승용,남,26세,상해없음,승용,남,46세,경상
2017112600100035,2017년 11월 26일 01시,일요일,강원도 태백시 황지동,경상사고,0,0,1,0,차대사람 - 기타,안전운전불이행,젖음/습기,비,단일로 - 기타,승용,남,54세,상해없음,보행자,여,41세,경상
2017112600100085,2017년 11월 26일 05시,일요일,강원도 동해시 대구동,사망사고,1,0,0,0,차량단독 - 공작물충돌,안전운전불이행,젖음/습기,흐림,단일로 - 기타,화물,남,29세,사망,,,,
2017112600100114,2017년 11월 26일 08시,일요일,강원도 강릉시 포남동,경상사고,0,0,1,0,차대차 - 기타,안전운전불이행,건조,맑음,단일로 - 기타,승용,남,57세,상해없음,승용,여,49세,경상
2017112600100126,2017년 11월 26일 09시,일요일,강원도 원주시 중앙동,중상사고,0,1,1,0,차대차 - 측면충돌,신호위반,건조,맑음,교차로 - 교차로안,승용,여,41세,경상,승용,여,49세,중상
2017112600100180,2017년 11월 26일 12시,일요일,강원도 원주시 무실동,경상사고,0,0,2,0,차대차 - 추돌,안전거리미확보,건조,맑음,단일로 - 기타,승용,남,32세,상해없음,승합,남,49세,상해없음
2017112600100181,2017년 11월 26일 12시,일요일,강원도 홍천군 홍천읍,경상사고,0,0,1,0,차대차 - 기타,교차로운행방법위반,건조,맑음,교차로 - 교차로안,승용,여,45세,상해없음,승용,여,43세,경상
2017112600100199,2017년 11월 26일 13시,일요일,강원도 삼척시 원덕읍,경상사고,0,0,1,0,차대차 - 후진중충돌,안전운전불이행,건조,맑음,단일로 - 기타,승용,남,72세,상해없음,승용,여,47세,경상