사고번호,사고일시,요일,시군구,사고내용,사망자수,중상자수,경상자수,부상신고자수,사고유형,법규위반,노면상태,기상상태,도로형태,가해운전자 차종,가해운전자 성별,가해운전자 연령,가해운전자 상해정도,피해운전자 차종,피해운전자 성별,피해운전자 연령,피해운전자 상해정도
2017112600100248,2017년 11월 26일 15시,일요일,강원도 원주시 우산동,중상사고,0,1,0,0,차대차 - 측면충돌,직진우회전진행방해,건조,맑음,교차로 - 교차로안,승용,남,53세,상해없음,자전거,남,85세,중상
2017112600100249,2017년 11월 26일 15시,일요일,강원도 고성군 거진읍,중상사고,0,1,1,0,차대차 - 측면충돌,교차로운행방법위반,건조,맑음,교차로 - 교차로안,승용,여,52세,경상,승용,여,61세,중상
2017112600100273,2017년 11월 26일 16시,일요일,강원도 삼척시 원덕읍,경상사고,0,0,2,0,차대차 - 후진중충돌,안전운전불이행,건조,맑음,기타 - 기타,승용,여,56세,경상,승용,남,52세,경상
2017112600100274,2017년 11월 26일 16시,일요일,강원도 고성군 거진읍,부상신고사고,0,0,0,6,차대차 - 추돌,안전운전불이행,건조,맑음,교차로 - 교차로부근,승용,여,57세,기타불명,승용,여,47세,부상신고
2017112600100318,2017년 11월 26일 17시,일요일,강원도 춘천시 운교동,중상사고,0,1,0,0,차대사람 - 길가장자리구역통행중,안전운전불이행,건조,맑음,교차로 - 교차로부근,화물,남,47세,상해없음,보행자,여,67세,중상
2017112600100319,2017년 11월 26일 17시,일요일,강원도 원주시 명륜동,경상사고,0,0,2,2,차대차 - 추돌,신호위반,건조,맑음,교차로 - 교차로안,승용,여,49세,부상신고,승용,여,35세,경상
2017112600100356,2017년 11월 26일 18시,일요일,강원도 원주시 무실동,경상사고,0,0,4,0,차대차 - 측면충돌,신호위반,건조,맑음,교차로 - 교차로안,승용,여,62세,기타불명,승용,남,45세,경상
2017112600100357,2017년 11월 26일 18시,일요일,강원도 평창군 방림면,중상사고,0,1,2,0,차대차 - 추돌,안전운전불이행,건조,맑음,단일로 - 기타,승용,남,70세,상해없음,농기계,남,55세,경상
2017112600100358,2017년 11월 26일 18시,일요일,강원도 고성군 간성읍,경상사고,0,0,1,0,차대차 - 측면충돌,안전운전불이행,건조,맑음,교차로 - 교차로안,승용,남,54세,상해없음,화물,남,63세,경상
2017112600100395,2017년 11월 26일 19시,일요일,강원도 원주시 우산동,경상사고,0,0,1,0,차대사람 - 횡단중,보행자보호의무위반,건조,맑음,교차로 - 교차로횡단보도내,승용,남,38세,상해없음,보행자,남,28세,경상
2017112600100396,2017년 11월 26일 19시,일요일,강원도 원주시 단구동,경상사고,0,0,1,0,차대차 - 추돌,안전운전불이행,건조,맑음,교차로 - 교차로부근,승용,남,32세,상해없음,승용,여,30세,경상
2017112700100039,2017년 11월 27일 01시,월요일,강원도 속초시 노학동,중상사고,0,1,0,0,차대사람 - 길가장자리구역통행중,안전운전불이행,건조,맑음,단일로 - 기타,승용,남,52세,상해없음,보행자,남,21세,중상
2017112700100097,2017년 11월 27일 07시,월요일,강원도 춘천시 효자동,경상사고,0,0,1,0,차대차 - 측면충돌,직진우회전진행방해,건조,맑음,교차로 - 교차로안,승용,남,28세,상해없음,화물,여,56세,경상
2017112700100098,2017년 11월 27일 07시,월요일,강원도 원주시 우산동,경상사고,0,0,1,1,차대차 - 추돌,직진우회전진행방해,건조,맑음,교차로 - 교차로안,승합,남,69세,부상신고,승용,남,55세,경상
2017112700100137,2017년 11월 27일 08시,월요일,강원도 태백시 철암동,경상사고,0,0,1,0,차대차 - 측면충돌,안전운전불이행,건조,맑음,교차로 - 교차로안,승용,남,27세,상해없음,승용,남,47세,경상
2017112700100210,2017년 11월 27일 10시,월요일,강원도 동해시 천곡동,경상사고,0,0,1,0,차대차 - 측면충돌,직진우회전진행방해,건조,맑음,교차로 - 교차로안,승용,여,56세,상해없음,승용,여,54세,경상
2017112700100252,2017년 11월 27일 12시,월요일,강원도 속초시 중앙동,중상사고,0,1,0,0,차대사람 - 길가장자리구역통행중,안전운전불이행,건조,맑음,단일로 - 기타,승용,여,49세,상해없음,보행자,여,65세,중상
2017112700100270,2017년 11월 27일 13시,월요일,강원도 강릉시 성산면,중상사고,0,2,1,0,차대차 - 측면충돌,안전운전불이행,건조,맑음,교차로 - 교차로안,승용,남,51세,상해없음,승용,남,58세,중상
2017112700100271,2017년 11월 27일 13시,월요일,강원도 정선군 사북읍,경상사고,0,0,1,0,차대차 - 정면충돌,중앙선침범,서리/결빙,맑음,단일로 - 기타,승용,남,24세,상해없음,승용,남,72세,경상
2017112700100272,2017년 11월 27일 13시,월요일,강원도 횡성군 둔내면,경상사고,0,0,1,0,차대차 - 추돌,안전거리미확보,건조,맑음,단일로 - 터널,승용,남,45세,상해없음,화물,남,62세,경상
2017112700100332,2017년 11월 27일 15시,월요일,강원도 강릉시 교동,중상사고,0,1,0,0,차대사람 - 기타,안전운전불이행,건조,맑음,단일로 - 기타,승용,여,48세,상해없음,보행자,남,54세,중상
2017112700100333,2017년 11월 27일 15시,월요일,강원도 원주시 우산동,경상사고,0,0,1,0,차대차 - 측면충돌,교차로운행방법위반,건조,맑음,교차로 - 교차로안,승용,여,51세,상해없음,이륜,남,28세,경상
2017112700100334,2017년 11월 27일 15시,월요일,강원도 삼척시 도계읍,중상사고,0,2,0,0,차대차 - 측면충돌,직진우회전진행방해,건조,맑음,교차로 - 교차로안,승용,남,68세,상해없음,이륜,남,69세,중상
2017112700100370,2017년 11월 27일 16시,월요일,강원도 강릉시 교동,경상사고,0,0,2,0,차대차 - 측면충돌,신호위반,건조,맑음,교차로 - 교차로안,화물,남,66세,상해없음,승용,남,66세,경상
2017112700100412,2017년 11월 27일 17시,월요일,강원도 강릉시 초당동,중상사고,0,1,2,0,차대차 - 측면충돌,신호위반,건조,맑음,교차로 - 교차로안,승용,남,48세,상해없음,승용,남,26세,경상
2017112700100413,2017년 11월 27일 17시,월요일,강원도 동해시 천곡동,중상사고,0,1,2,0,차대차 - 측면충돌,안전운전불이행,건조,맑음,교차로 - 교차로안,이륜,남,24세,중상,승용,남,55세,경상
2017112700100462,2017년 11월 27일 18시,월요일,강원도 춘천시 교동,경상사고,0,0,1,0,차대차 - 기타,안전거리미확보,건조,맑음,단일로 - 기타,화물,남,58세,상해없음,승용,남,59세,경상
2017112700100463,2017년 11월 27일 18시,월요일,강원도 춘천시 동면,중상사고,0,1,0,2,차대차 - 측면충돌,차로위반,건조,맑음,단일로 - 기타,화물,남,65세,부상신고,승용,남,71세,중상
2017112700100464,2017년 11월 27일 18시,월요일,강원도 춘천시 석사동,경상사고,0,0,3,0,차대차 - 추돌,안전운전불이행,건조,맑음,교차로 - 교차로부근,승용,남,51세,상해없음,승용,여,51세,경상
2017112700100465,2017년 11월 27일 18시,월요일,강원도 속초시 조양동,중상사고,0,1,0,0,차대사람 - 횡단중,안전운전불이행,건조,맑음,교차로 - 교차로안,승용,여,34세,상해없음,보행자,남,77세,중상
2017112700100466,2017년 11월 27일 18시,월요일,강원도 철원군 갈말읍,사망사고,1,0,0,0,차대사람 - 횡단중,안전운전불이행,건조,맑음,단일로 - 기타,화물,남,56세,상해없음,보행자,여,71세,사망
2017112700100514,2017년 11월 27일 19시,월요일,강원도 평창군 진부면,경상사고,0,0,1,0,차대차 - 측면충돌,안전운전불이행,건조,맑음,교차로 - 교차로안,승용,여,44세,경상,화물,남,35세,상해없음
2017112700100515,2017년 11월 27일 19시,월요일,강원도 횡성군 안흥면,경상사고,0,0,2,0,차대차 - 기타,안전거리미확보,건조,맑음,단일로 - 기타,승용,남,62세,경상,승용,남,48세,경상
2017112700100591,2017년 11월 27일 22시,월요일,강원도 춘천시 석사동,경상사고,0,0,1,0,차대차 - 추돌,안전운전불이행,건조,맑음,단일로 - 기타,승용,남,30세,상해없음,승용,여,43세,경상
2017112800100066,2017년 11월 28일 02시,화요일,강원도 원주시 단계동,경상사고,0,0,2,0,차대차 - 추돌,안전거리미확보,건조,맑음,단일로 - 기타,승용,남,30세,상해없음,승용,남,58세,경상
2017112800100123,2017년 11월 28일 07시,화요일,강원도 속초시 조양동,중상사고,0,1,0,0,차대사람 - 횡단중,안전운전불이행,건조,맑음,교차로 - 교차로안,승용,남,42세,상해없음,보행자,여,74세,중상
2017112800100178,2017년 11월 28일 09시,화요일,강원도 영월군 상동읍,중상사고,0,1,0,0,차대차 - 측면충돌,중앙선침범,젖음/습기,흐림,단일로 - 기타,승용,여,61세,상해없음,승용,남,43세,중상
2017112800100179,2017년 11월 28일 09시,화요일,강원도 화천군 하남면,경상사고,0,0,1,0,차대차 - 정면충돌,중앙선침범,건조,맑음,단일로 - 교량,승용,여,45세,상해없음,승용,여,66세,경상
2017112800100225,2017년 11월 28일 11시,화요일,강원도 정선군 사북읍,경상사고,0,0,1,0,차대차 - 추돌,안전운전불이행,건조,맑음,교차로 - 교차로부근,승용,남,36세,상해없음,승용,남,69세,경상
2017112800100247,2017년 11월 28일 12시,화요일,강원도 춘천시 퇴계동,경상사고,0,0,2,1,차대차 - 측면충돌,직진우회전진행방해,건조,맑음,교차로 - 교차로안,승용,여,46세,부상신고,승용,여,58세,경상
2017112800100248,2017년 11월 28일 12시,화요일,강원도 평창군 용평면,중상사고,0,1,0,0,차대사람 - 길가장자리구역통행중,안전운전불이행,건조,맑음,단일로 - 기타,승용,남,69세,상해없음,보행자,남,67세,중상
2017112800100276,2017년 11월 28일 13시,화요일,강원도 홍천군 서면,경상사고,0,0,1,0,차대차 - 추돌,안전운전불이행,건조,맑음,주차장 - 주차장,화물,남,47세,상해없음,승용,남,37세,경상
2017112800100277,2017년 11월 28일 13시,화요일,강원도 태백시 통동,경상사고,0,0,1,0,차대차 - 측면충돌,안전운전불이행,건조,맑음,교차로 - 교차로부근,화물,남,55세,상해없음,화물,여,48세,경상
2017112800100299,2017년 11월 28일 14시,화요일,강원도 횡성군 횡성읍,경상사고,0,0,1,0,차대차 - 측면충돌,안전운전불이행,건조,맑음,교차로 - 교차로안,승용,남,62세,상해없음,화물,남,55세,경상
2017112800100326,2017년 11월 28일 15시,화요일,강원도 홍천군 홍천읍,경상사고,0,0,1,0,차대차 - 기타,차로위반,건조,맑음,단일로 - 기타,건설기계,남,44세,상해없음,승용,여,36세,경상
2017112800100327,2017년 11월 28일 15시,화요일,강원도 횡성군 우천면,중상사고,0,1,0,0,차대차 - 측면충돌,신호위반,건조,맑음,교차로 - 교차로안,특수,남,59세,상해없음,승용,남,48세,중상
2017112800100363,2017년 11월 28일 16시,화요일,강원도 춘천시 서면,경상사고,0,0,1,1,차대차 - 정면충돌,중앙선침범,젖음/습기,맑음,단일로 - 기타,승용,남,59세,상해없음,승용,남,63세,경상
2017112800100364,2017년 11월 28일 16시,화요일,강원도 삼척시 사직동,중상사고,0,1,0,0,차대차 - 추돌,안전거리미확보,건조,맑음,교차로 - 교차로부근,화물,남,65세,상해없음,승용,여,29세,중상
2017112800100396,2017년 11월 28일 17시,화요일,강원도 강릉시 구정면,경상사고,0,0,1,0,차대차 - 측면충돌,안전운전불이행,건조,맑음,교차로 - 교차로안,승용,남,50세,상해없음,원동기,남,67세,경상
2017112800100436,2017년 11월 28일 18시,화요일,강원도 춘천시 퇴계동,중상사고,0,1,0,0,차대차 - 측면충돌,교차로운행방법위반,건조,맑음,교차로 - 교차로안,승용,여,36세,상해없음,원동기,남,32세,중상
2017112800100482,2017년 11월 28일 19시,화요일,강원도 춘천시 효자동,경상사고,0,0,1,0,차대차 - 측면충돌,직진우회전진행방해,건조,맑음,교차로 - 교차로안,승용,남,51세,상해없음,이륜,남,48세,경상
2017112800100483,2017년 11월 28일 19시,화요일,강원도 영월군 남면,부상신고사고,0,0,0,1,차대차 - 측면충돌,안전운전불이행,건조,맑음,단일로 - 기타,승용,남,66세,상해없음,농기계,남,57세,상해없음
2017112800100509,2017년 11월 28일 20시,화요일,강원도 원주시 단구동,중상사고,0,1,1,0,차대사람 - 차도통행중,안전운전불이행,건조,맑음,교차로 - 교차로안,승합,남,25세,상해없음,보행자,남,54세,경상
2017112800100510,2017년 11월 28일 20시,화요일,강원도 원주시 관설동,경상사고,0,0,1,0,차대차 - 측면충돌,교차로운행방법위반,건조,맑음,교차로 - 교차로안,승용,남,43세,상해없음,승용,남,21세,경상
2017112800100538,2017년 11월 28일 21시,화요일,강원도 원주시 학성동,중상사고,0,1,0,0,차대차 - 측면충돌,신호위반,건조,맑음,교차로 - 교차로안,승용,남,23세,상해없음,승합,남,53세,중상
2017112800100560,2017년 11월 28일 22시,화요일,강원도 원주시 반곡동,중상사고,0,2,0,0,차대차 - 측면충돌,안전운전불이행,건조,맑음,교차로 - 교차로안,승용,남,45세,상해없음,승용,여,44세,중상
2017112800100561,2017년 11월 28일 22시,화요일,강원도 양양군 강현면,중상사고,0,1,1,0,차량단독 - 도로외이탈 - 추락,안전운전불이행,건조,맑음,단일로 - 기타,승용,남,58세,상해없음,,,,
2017112800100562,2017년 11월 28일 22시,화요일,강원도 평창군 대관령면,경상사고,0,0,1,2,차량단독 - 기타,안전운전불이행,적설,맑음,단일로 - 기타,승용,여,19세,경상,,,,
2017112900100127,2017년 11월 29일 08시,수요일,강원도 강릉시 교동,경상사고,0,0,1,0,차대차 - 기타,안전운전불이행,건조,맑음,교차로 - 교차로안,승용,여,35세,상해없음,자전거,남,9세,경상
2017112900100160,2017년 11월 29일 09시,수요일,강원도 강릉시 홍제동,중상사고,0,1,1,0,차대차 - 측면충돌,신호위반,건조,맑음,교차로 - 교차로안,승용,남,58세,상해없음,승용,남,35세,경상
2017112900100187,2017년 11월 29일 10시,수요일,강원도 춘천시 효자동,경상사고,0,0,1,0,차대차 - 측면충돌,기타,건조,맑음,단일로 - 기타,승용,남,65세,상해없음,이륜,남,23세,경상
2017112900100188,2017년 11월 29일 10시,수요일,강원도 춘천시 사농동,경상사고,0,0,1,0,차대차 - 추돌,안전거리미확보,건조,맑음,단일로 - 기타,승용,남,20세,상해없음,승용,여,37세,경상
2017112900100189,2017년 11월 29일 10시,수요일,강원도 원주시 문막읍,중상사고,0,1,0,0,차대차 - 측면충돌,안전운전불이행,건조,맑음,교차로 - 교차로부근,사륜오토바이(ATV),남,83세,중상,승용,남,67세,상해없음
2017112900100190,2017년 11월 29일 10시,수요일,강원도 태백시 황지동,경상사고,0,0,1,0,차대차 - 기타,안전운전불이행,건조,맑음,교차로 - 교차로안,건설기계,남,59세,상해없음,이륜,남,37세,경상
2017112900100224,2017년 11월 29일 11시,수요일,강원도 춘천시 교동,중상사고,0,1,0,0,차대사람 - 횡단중,보행자보호의무위반,건조,맑음,교차로 - 교차로횡단보도내,승용,여,50세,상해없음,보행자,여,77세,중상
2017112900100307,2017년 11월 29일 14시,수요일,강원도 춘천시 후평동,경상사고,0,0,1,0,차대사람 - 기타,안전운전불이행,건조,맑음,단일로 - 기타,승용,남,39세,상해없음,보행자,여,54세,경상
2017112900100308,2017년 11월 29일 14시,수요일,강원도 동해시 발한동,경상사고,0,0,1,0,차대차 - 추돌,안전거리미확보,건조,맑음,단일로 - 기타,승용,여,40세,상해없음,승용,여,47세,경상
2017112900100408,2017년 11월 29일 17시,수요일,강원도 강릉시 포남동,경상사고,0,0,1,0,차대차 - 측면충돌,안전운전불이행,건조,맑음,단일로 - 기타,승용,남,34세,상해없음,승합,남,59세,경상
2017112900100409,2017년 11월 29일 17시,수요일,강원도 원주시 귀래면,경상사고,0,0,1,0,차대차 - 측면충돌,안전운전불이행,건조,맑음,단일로 - 기타,승용,남,61세,상해없음,화물,남,60세,상해없음
2017112900100448,2017년 11월 29일 18시,수요일,강원도 춘천시 효자동,중상사고,0,1,0,0,차대사람 - 횡단중,신호위반,건조,흐림,교차로 - 교차로횡단보도내,승용,남,60세,상해없음,보행자,여,72세,중상
2017112900100449,2017년 11월 29일 18시,수요일,강원도 원주시 개운동,경상사고,0,0,1,0,차대차 - 추돌,안전거리미확보,건조,맑음,교차로 - 교차로부근,승용,여,62세,상해없음,승용,남,45세,경상
2017112900100527,2017년 11월 29일 20시,수요일,강원도 춘천시 효자동,경상사고,0,0,2,0,차대차 - 기타,교차로운행방법위반,건조,맑음,교차로 - 교차로안,승용,남,63세,상해없음,승용,남,44세,경상
2017112900100555,2017년 11월 29일 21시,수요일,강원도 원주시 소초면,중상사고,0,1,0,0,차대차 - 기타,신호위반,건조,맑음,교차로 - 교차로안,승용,남,31세,상해없음,이륜,남,30세,중상
2017112900100578,2017년 11월 29일 22시,수요일,강원도 원주시 평원동,경상사고,0,0,2,0,차대차 - 측면충돌,신호위반,건조,맑음,교차로 - 교차로안,승용,남,58세,상해없음,승용,여,36세,경상
2017113000100026,2017년 11월 30일 00시,목요일,강원도 원주시 단계동,경상사고,0,0,1,0,차대사람 - 횡단중,안전운전불이행,건조,맑음,단일로 - 기타,승용,남,48세,상해없음,보행자,남,43세,경상
2017113000100119,2017년 11월 30일 08시,목요일,강원도 강릉시 교동,경상사고,0,0,1,0,차대차 - 측면충돌,안전운전불이행,건조,맑음,교차로 - 교차로안,승용,남,67세,상해없음,승용,여,43세,경상
2017113000100164,2017년 11월 30일 09시,목요일,강원도 태백시 황지동,경상사고,0,0,3,0,차대차 - 측면충돌,교차로운행방법위반,건조,맑음,교차로 - 교차로안,승용,남,60세,상해없음,승용,남,41세,상해없음
2017113000100197,2017년 11월 30일 10시,목요일,강원도 속초시 청호동,중상사고,0,1,0,0,차대차 - 측면충돌,안전운전불이행,건조,맑음,단일로 - 기타,화물,여,53세,상해없음,자전거,여,66세,중상
2017113000100223,2017년 11월 30일 11시,목요일,강원도 강릉시 교동,경상사고,0,0,1,0,차대사람 - 기타,안전운전불이행,건조,맑음,기타 - 기타,승합,남,46세,상해없음,보행자,여,70세,경상
2017113000100224,2017년 11월 30일 11시,목요일,강원도 삼척시 근덕면,경상사고,0,0,1,0,차대차 - 측면충돌,안전운전불이행,건조,맑음,단일로 - 기타,화물,남,85세,기타불명,승용,남,28세,경상
2017113000100255,2017년 11월 30일 12시,목요일,강원도 원주시 명륜동,중상사고,0,1,0,0,차대사람 - 횡단중,안전운전불이행,건조,맑음,단일로 - 기타,승용,여,39세,상해없음,보행자,여,74세,중상
2017113000100283,2017년 11월 30일 13시,목요일,강원도 원주시 개운동,중상사고,0,1,0,0,차대사람 - 횡단중,안전운전불이행,건조,맑음,교차로 - 교차로횡단보도내,화물,남,55세,상해없음,보행자,여,75세,중상
2017113000100284,2017년 11월 30일 13시,목요일,강원도 원주시 학성동,경상사고,0,0,1,0,차대차 - 측면충돌,안전운전불이행,건조,맑음,단일로 - 기타,승용,여,53세,상해없음,승용,남,23세,경상
2017113000100285,2017년 11월 30일 13시,목요일,강원도 평창군 봉평면,중상사고,0,1,0,0,차대사람 - 기타,안전운전불이행,적설,맑음,단일로 - 기타,특수,남,42세,상해없음,보행자,남,76세,중상
2017113000100314,2017년 11월 30일 14시,목요일,강원도 정선군 신동읍,경상사고,0,0,3,0,차대차 - 정면충돌,중앙선침범,건조,맑음,단일로 - 기타,승용,남,25세,상해없음,승용,여,33세,경상
2017113000100315,2017년 11월 30일 14시,목요일,강원도 철원군 갈말읍,경상사고,0,0,1,0,차대차 - 측면충돌,신호위반,건조,맑음,교차로 - 교차로안,승용,남,78세,상해없음,승용,여,52세,경상
2017113000100316,2017년 11월 30일 14시,목요일,강원도 동해시 구미동,중상사고,0,1,0,0,차대차 - 측면충돌,교차로운행방법위반,건조,맑음,교차로 - 교차로부근,화물,남,39세,상해없음,이륜,남,59세,중상
2017113000100352,2017년 11월 30일 15시,목요일,강원도 원주시 중앙동,경상사고,0,0,1,0,차대차 - 측면충돌,차로위반,건조,맑음,교차로 - 교차로안,승용,여,41세,상해없음,승용,남,65세,경상
2017113000100432,2017년 11월 30일 17시,목요일,강원도 춘천시 석사동,경상사고,0,0,1,0,차대사람 - 기타,안전운전불이행,건조,맑음,단일로 - 기타,승용,여,38세,상해없음,보행자,남,81세,경상
2017113000100433,2017년 11월 30일 17시,목요일,강원도 원주시 단계동,경상사고,0,0,1,0,차대차 - 추돌,안전거리미확보,건조,맑음,교차로 - 교차로부근,승용,남,30세,상해없음,화물,남,59세,경상
2017113000100434,2017년 11월 30일 17시,목요일,강원도 원주시 무실동,경상사고,0,0,1,0,차대차 - 추돌,안전운전불이행,건조,맑음,단일로 - 기타,승용,여,50세,상해없음,이륜,남,19세,경상
2017113000100435,2017년 11월 30일 17시,목요일,강원도 원주시 단구동,중상사고,0,1,0,0,차대사람 - 횡단중,안전운전불이행,건조,맑음,단일로 - 기타,승용,여,45세,상해없음,보행자,남,47세,중상
2017113000100484,2017년 11월 30일 18시,목요일,강원도 원주시 태장동,중상사고,0,1,0,0,차량단독 - 공작물충돌,안전운전불이행,건조,맑음,단일로 - 기타,승합,남,42세,중상,,,,
2017113000100530,2017년 11월 30일 19시,목요일,강원도 양양군 양양읍,사망사고,1,0,0,0,차대사람 - 횡단중,안전운전불이행,건조,맑음,교차로 - 교차로안,승용,여,57세,상해없음,보행자,여,67세,사망
2017113000100601,2017년 11월 30일 21시,목요일,강원도 춘천시 후평동,경상사고,0,0,1,0,차대사람 - 횡단중,안전운전불이행,건조,맑음,단일로 - 기타,승용,남,60세,상해없음,보행자,남,29세,경상
2017113000100602,2017년 11월 30일 21시,목요일,강원도 원주시 명륜동,경상사고,0,0,4,0,차대차 - 측면충돌,중앙선침범,건조,맑음,단일로 - 기타,승용,남,43세,상해없음,승용,남,41세,경상
2017113000100631,2017년 11월 30일 22시,목요일,강원도 영월군 영월읍,부상신고사고,0,0,0,1,차대차 - 측면충돌,교차로운행방법위반,건조,맑음,교차로 - 교차로안,승용,남,39세,상해없음,승용,남,61세,상해없음
2017120100100042,2017년 12월 1일 00시,금요일,강원도 원주시 무실동,중상사고,0,2,0,0,차대차 - 측면충돌,안전운전불이행,건조,맑음,교차로 - 교차로안,화물,남,52세,상해없음,승용,여,21세,중상
2017120100100121,2017년 12월 1일 06시,금요일,강원도 원주시 태장동,경상사고,0,0,1,0,차대차 - 추돌,안전운전불이행,건조,맑음,단일로 - 기타,화물,남,48세,상해없음,승용,남,28세,경상
2017120100100122,2017년 12월 1일 06시,금요일,강원도 속초시 교동,경상사고,0,0,1,0,차대차 - 측면충돌,안전운전불이행,건조,맑음,교차로 - 교차로부근,승용,남,61세,상해없음,승용,남,54세,경상
2017120100100143,2017년 12월 1일 07시,금요일,강원도 동해시 지흥동,경상사고,0,0,1,0,차량단독 - 기타,기타,건조,맑음,단일로 - 기타,승합,남,45세,상해없음,,,,
2017120100100173,2017년 12월 1일 08시,금요일,강원도 원주시 학성동,경상사고,0,0,2,0,차대차 - 추돌,안전운전불이행,건조,맑음,단일로 - 기타,승용,남,24세,경상,승용,남,65세,경상
2017120100100223,2017년 12월 1일 09시,금요일,강원도 춘천시 퇴계동,중상사고,0,1,1,0,차대차 - 측면충돌,안전거리미확보,건조,맑음,단일로 - 기타,승용,여,41세,상해없음,승용,여,22세,중상
2017120100100224,2017년 12월 1일 09시,금요일,강원도 속초시 교동,경상사고,0,0,1,0,차대차 - 측면충돌,안전운전불이행,건조,맑음,교차로 - 교차로부근,화물,남,74세,상해없음,승용,여,33세,경상
2017120100100250,2017년 12월 1일 10시,금요일,강원도 원주시 무실동,경상사고,0,0,1,0,차대사람 - 기타,안전운전불이행,건조,맑음,주차장 - 주차장,승용,여,52세,상해없음,보행자,남,61세,경상
2017120100100251,2017년 12월 1일 10시,금요일,강원도 영월군 영월읍,경상사고,0,0,2,0,차대차 - 측면충돌,안전거리미확보,건조,맑음,단일로 - 기타,화물,남,56세,상해없음,승용,남,70세,경상
2017120100100302,2017년 12월 1일 12시,금요일,강원도 정선군 고한읍,중상사고,0,2,0,0,차대차 - 추돌,안전거리미확보,건조,맑음,단일로 - 기타,승용,남,68세,상해없음,승용,남,71세,중상
2017120100100303,2017년 12월 1일 12시,금요일,강원도 정선군 고한읍,중상사고,0,2,0,0,차대차 - 추돌,안전거리미확보,건조,맑음,단일로 - 기타,승용,남,41세,상해없음,승용,남,71세,중상
2017120100100327,2017년 12월 1일 13시,금요일,강원도 횡성군 횡성읍,중상사고,0,2,0,0,차대차 - 측면충돌,교차로운행방법위반,건조,맑음,교차로 - 교차로안,화물,남,58세,상해없음,승용,남,74세,중상
2017120100100328,2017년 12월 1일 13시,금요일,강원도 동해시 구미동,중상사고,0,1,0,0,차대사람 - 횡단중,안전운전불이행,건조,맑음,교차로 - 교차로안,승용,남,31세,상해없음,보행자,여,57세,중상
2017120100100363,2017년 12월 1일 14시,금요일,강원도 춘천시 후평동,경상사고,0,0,1,0,차대차 - 측면충돌,안전거리미확보,건조,맑음,단일로 - 기타,승용,여,54세,상해없음,이륜,남,71세,경상
2017120100100364,2017년 12월 1일 14시,금요일,강원도 원주시 개운동,부상신고사고,0,0,0,1,차대차 - 기타,안전운전불이행,건조,맑음,기타 - 기타,화물,남,62세,상해없음,화물,남,49세,상해없음
2017120100100365,2017년 12월 1일 14시,금요일,강원도 인제군 북면,중상사고,0,2,0,0,차대차 - 기타,신호위반,건조,맑음,교차로 - 교차로부근,승용,여,38세,상해없음,화물,남,58세,중상
2017120100100410,2017년 12월 1일 15시,금요일,강원도 원주시 태장동,경상사고,0,0,1,0,차대사람 - 차도통행중,안전운전불이행,건조,맑음,단일로 - 기타,승용,남,42세,상해없음,보행자,남,71세,경상
2017120100100411,2017년 12월 1일 15시,금요일,강원도 원주시 단구동,경상사고,0,0,1,0,차대사람 - 기타,안전운전불이행,건조,맑음,단일로 - 기타,승용,여,59세,상해없음,보행자,남,14세,경상
2017120100100412,2017년 12월 1일 15시,금요일,강원도 원주시 명륜동,경상사고,0,0,1,0,차대차 - 측면충돌,안전운전불이행,건조,맑음,단일로 - 기타,승용,남,61세,상해없음,승합,남,48세,경상
2017120100100500,2017년 12월 1일 17시,금요일,강원도 동해시 발한동,경상사고,0,0,1,0,차대차 - 측면충돌,안전운전불이행,건조,맑음,단일로 - 기타,승용,여,40세,상해없음,화물,남,49세,경상
2017120100100556,2017년 12월 1일 18시,금요일,강원도 강릉시 포남동,경상사고,0,0,1,0,차대차 - 측면충돌,안전운전불이행,건조,맑음,교차로 - 교차로안,승용,여,63세,상해없음,승용,여,32세,경상
2017120100100557,2017년 12월 1일 18시,금요일,강원도 삼척시 도계읍,중상사고,0,1,0,0,차대사람 - 횡단중,안전운전불이행,건조,맑음,단일로 - 기타,승용,남,60세,상해없음,보행자,여,73세,중상
2017120100100558,2017년 12월 1일 18시,금요일,강원도 동해시 천곡동,중상사고,0,1,0,0,차대사람 - 기타,기타,건조,맑음,단일로 - 기타,승합,남,59세,상해없음,보행자,여,78세,중상
2017120100100559,2017년 12월 1일 18시,금요일,강원도 강릉시 옥계면,경상사고,0,0,2,0,차대차 - 기타,안전거리미확보,건조,맑음,단일로 - 기타,승용,남,37세,경상,승용,남,38세,경상
2017120100100618,2017년 12월 1일 19시,금요일,강원도 춘천시 조양동,경상사고,0,0,2,0,차대사람 - 횡단중,안전운전불이행,건조,맑음,교차로 - 교차로안,승용,남,29세,상해없음,보행자,여,20세,경상
2017120100100728,2017년 12월 1일 22시,금요일,강원도 원주시 중앙동,경상사고,0,0,1,0,차대차 - 측면충돌,신호위반,건조,맑음,교차로 - 교차로안,이륜,남,73세,상해없음,승용,남,61세,경상