사고번호,사고일시,요일,시군구,사고내용,사망자수,중상자수,경상자수,부상신고자수,사고유형,법규위반,노면상태,기상상태,도로형태,가해운전자 차종,가해운전자 성별,가해운전자 연령,가해운전자 상해정도,피해운전자 차종,피해운전자 성별,피해운전자 연령,피해운전자 상해정도
2017120100100729,2017년 12월 1일 22시,금요일,강원도 원주시 문막읍,경상사고,0,0,4,0,차대차 - 기타,차로위반,건조,맑음,단일로 - 기타,승용,여,36세,상해없음,승용,여,35세,경상
2017120200100063,2017년 12월 2일 01시,토요일,강원도 원주시 반곡동,중상사고,0,1,0,0,차대차 - 측면충돌,신호위반,건조,맑음,교차로 - 교차로안,승용,남,23세,상해없음,화물,남,38세,중상
2017120200100142,2017년 12월 2일 07시,토요일,강원도 정선군 여량면,중상사고,0,1,1,0,차대차 - 기타,안전운전불이행,건조,맑음,교차로 - 교차로안,승용,남,59세,상해없음,승용,남,37세,경상
2017120200100154,2017년 12월 2일 08시,토요일,강원도 동해시 발한동,경상사고,0,0,1,0,차대차 - 측면충돌,교차로운행방법위반,건조,맑음,교차로 - 교차로안,승용,여,58세,상해없음,승용,남,43세,경상
2017120200100186,2017년 12월 2일 09시,토요일,강원도 강릉시 연곡면,경상사고,0,0,1,0,차대차 - 측면충돌,안전운전불이행,건조,맑음,교차로 - 교차로안,승용,여,56세,상해없음,승용,여,45세,경상
2017120200100187,2017년 12월 2일 09시,토요일,강원도 강릉시 홍제동,사망사고,1,0,0,0,차대사람 - 횡단중,과속,건조,맑음,단일로 - 기타,승합,남,50세,상해없음,보행자,남,77세,사망
2017120200100188,2017년 12월 2일 09시,토요일,강원도 태백시 황지동,경상사고,0,0,1,0,차대차 - 측면충돌,교차로운행방법위반,건조,맑음,교차로 - 교차로안,화물,남,61세,상해없음,승용,남,56세,경상
2017120200100279,2017년 12월 2일 12시,토요일,강원도 원주시 문막읍,경상사고,0,0,1,0,차대차 - 측면충돌,교차로운행방법위반,기타,맑음,교차로 - 교차로안,승용,남,58세,상해없음,이륜,남,76세,경상
2017120200100350,2017년 12월 2일 14시,토요일,강원도 춘천시 사농동,경상사고,0,0,5,0,차대차 - 추돌,안전운전불이행,건조,맑음,교차로 - 교차로부근,화물,남,19세,상해없음,승용,남,60세,경상
2017120200100419,2017년 12월 2일 16시,토요일,강원도 삼척시 건지동,경상사고,0,0,1,0,차대차 - 측면충돌,안전운전불이행,건조,맑음,교차로 - 교차로안,승용,남,42세,상해없음,승용,여,57세,경상
2017120200100455,2017년 12월 2일 17시,토요일,강원도 원주시 귀래면,사망사고,1,0,0,0,차대차 - 추돌,안전운전불이행,건조,맑음,단일로 - 기타,승용,남,60세,상해없음,건설기계,남,43세,상해없음
2017120200100456,2017년 12월 2일 17시,토요일,강원도 원주시 행구동,경상사고,0,0,1,0,차대차 - 추돌,안전운전불이행,건조,맑음,교차로 - 교차로부근,화물,남,52세,상해없음,승용,여,48세,경상
2017120200100490,2017년 12월 2일 18시,토요일,강원도 춘천시 효자동,경상사고,0,0,1,0,차대차 - 기타,안전거리미확보,건조,맑음,단일로 - 기타,승합,남,37세,상해없음,이륜,남,20세,경상
2017120200100491,2017년 12월 2일 18시,토요일,강원도 원주시 명륜동,중상사고,0,1,0,0,차대사람 - 횡단중,신호위반,건조,맑음,교차로 - 교차로안,승용,남,36세,상해없음,보행자,남,61세,중상
2017120200100567,2017년 12월 2일 20시,토요일,강원도 원주시 단계동,경상사고,0,0,1,0,차대차 - 추돌,안전거리미확보,건조,맑음,단일로 - 기타,승용,남,72세,상해없음,이륜,남,32세,경상
2017120200100592,2017년 12월 2일 21시,토요일,강원도 화천군 화천읍,중상사고,0,1,0,0,차대차 - 후진중충돌,안전운전불이행,건조,맑음,주차장 - 주차장,승용,여,40세,상해없음,승용,남,26세,기타불명
2017120200100593,2017년 12월 2일 21시,토요일,강원도 태백시 황지동,경상사고,0,0,3,0,차대차 - 측면충돌,교차로운행방법위반,건조,맑음,교차로 - 교차로안,승용,남,29세,경상,승용,여,46세,경상
2017120200100614,2017년 12월 2일 22시,토요일,강원도 원주시 반곡동,중상사고,0,1,0,0,차대사람 - 차도통행중,안전운전불이행,건조,맑음,단일로 - 기타,승용,남,36세,상해없음,보행자,남,62세,중상
2017120300100030,2017년 12월 3일 00시,일요일,강원도 강릉시 홍제동,경상사고,0,0,1,0,차대차 - 측면충돌,안전운전불이행,건조,맑음,교차로 - 교차로부근,승용,남,62세,상해없음,원동기,남,36세,경상
2017120300100031,2017년 12월 3일 00시,일요일,강원도 동해시 초구동,경상사고,0,0,1,0,차대차 - 기타,중앙선침범,건조,맑음,단일로 - 기타,승용,남,31세,상해없음,승용,여,42세,경상
2017120300100062,2017년 12월 3일 02시,일요일,강원도 원주시 단계동,경상사고,0,0,1,0,차대사람 - 차도통행중,안전운전불이행,건조,맑음,단일로 - 기타,승용,남,24세,상해없음,보행자,남,20세,경상
2017120300100109,2017년 12월 3일 06시,일요일,강원도 강릉시 대전동,사망사고,1,0,0,0,차대사람 - 차도통행중,안전운전불이행,건조,맑음,단일로 - 기타,승합,여,51세,상해없음,보행자,남,63세,사망
2017120300100110,2017년 12월 3일 06시,일요일,강원도 춘천시 남산면,경상사고,0,0,1,1,차량단독 - 공작물충돌,안전운전불이행,젖음/습기,흐림,단일로 - 터널,승용,여,19세,부상신고,,,,
2017120300100128,2017년 12월 3일 08시,일요일,강원도 영월군 영월읍,부상신고사고,0,0,0,2,차대차 - 측면충돌,교차로운행방법위반,건조,맑음,교차로 - 교차로안,승용,남,37세,부상신고,승용,남,62세,부상신고
2017120300100158,2017년 12월 3일 10시,일요일,강원도 평창군 평창읍,경상사고,0,0,1,0,차대차 - 측면충돌,안전운전불이행,건조,맑음,교차로 - 교차로안,승용,남,33세,상해없음,화물,남,65세,경상
2017120300100202,2017년 12월 3일 12시,일요일,강원도 원주시 무실동,경상사고,0,0,1,0,차대차 - 추돌,안전운전불이행,건조,맑음,교차로 - 교차로안,승용,남,51세,상해없음,승용,남,24세,경상
2017120300100229,2017년 12월 3일 13시,일요일,강원도 춘천시 소양로1가,경상사고,0,0,1,0,차대차 - 측면충돌,기타,건조,맑음,교차로 - 교차로안,승용,남,37세,상해없음,이륜,남,24세,경상
2017120300100230,2017년 12월 3일 13시,일요일,강원도 원주시,경상사고,0,0,2,0,차대차 - 측면충돌,안전운전불이행,건조,맑음,교차로 - 교차로안,승용,남,21세,상해없음,승용,남,71세,경상
2017120300100273,2017년 12월 3일 15시,일요일,강원도 원주시 단구동,중상사고,0,1,0,0,차대사람 - 횡단중,보행자보호의무위반,건조,맑음,단일로 - 기타,승용,여,29세,상해없음,보행자,여,43세,중상
2017120300100274,2017년 12월 3일 15시,일요일,강원도 횡성군 우천면,중상사고,0,2,0,0,차대차 - 추돌,안전운전불이행,젖음/습기,흐림,단일로 - 기타,승용,남,39세,상해없음,승용,남,59세,중상
2017120300100332,2017년 12월 3일 17시,일요일,강원도 춘천시 사농동,중상사고,0,1,0,0,차대차 - 측면충돌,안전운전불이행,건조,맑음,교차로 - 교차로부근,승합,남,69세,상해없음,승용,남,59세,중상
2017120300100333,2017년 12월 3일 17시,일요일,강원도 춘천시 후평동,중상사고,0,1,0,0,차대사람 - 차도통행중,안전운전불이행,건조,맑음,교차로 - 교차로부근,승용,여,49세,상해없음,보행자,여,78세,중상
2017120300100363,2017년 12월 3일 18시,일요일,강원도 춘천시 동내면,경상사고,0,0,2,0,차대차 - 추돌,안전운전불이행,건조,맑음,교차로 - 교차로부근,승용,여,58세,상해없음,승용,남,43세,경상
2017120300100364,2017년 12월 3일 18시,일요일,강원도 양양군 양양읍,경상사고,0,0,1,0,차대차 - 측면충돌,직진우회전진행방해,건조,맑음,교차로 - 교차로안,자전거,남,22세,상해없음,원동기,남,47세,경상
2017120300100437,2017년 12월 3일 20시,일요일,강원도 태백시 장성동,경상사고,0,0,1,0,차대차 - 측면충돌,차로위반,건조,맑음,단일로 - 기타,승용,여,56세,상해없음,승용,남,25세,경상
2017120300100457,2017년 12월 3일 21시,일요일,강원도 원주시 문막읍,사망사고,1,0,0,0,차량단독 - 도로외이탈 - 추락,안전운전불이행,젖음/습기,눈,단일로 - 기타,화물,남,45세,사망,,,,
2017120300100492,2017년 12월 3일 23시,일요일,강원도 춘천시 후평동,경상사고,0,0,1,0,차대차 - 측면충돌,안전운전불이행,서리/결빙,흐림,교차로 - 교차로안,승용,여,50세,상해없음,이륜,남,23세,경상
2017120300100493,2017년 12월 3일 23시,일요일,강원도 원주시 단계동,중상사고,0,1,2,0,차대사람 - 기타,안전운전불이행,건조,흐림,단일로 - 기타,승용,남,35세,상해없음,보행자,여,62세,경상
2017120400100055,2017년 12월 4일 05시,월요일,강원도 홍천군 홍천읍,경상사고,0,0,1,0,차대차 - 기타,교차로운행방법위반,건조,맑음,교차로 - 교차로안,승용,여,28세,상해없음,화물,남,64세,경상
2017120400100183,2017년 12월 4일 09시,월요일,강원도 춘천시 동면,경상사고,0,0,3,1,차대차 - 측면충돌,안전운전불이행,건조,맑음,교차로 - 교차로안,승용,남,62세,부상신고,승용,남,42세,경상
2017120400100184,2017년 12월 4일 09시,월요일,강원도 강릉시 옥천동,경상사고,0,0,1,0,차대차 - 기타,안전운전불이행,건조,맑음,단일로 - 기타,승용,여,67세,상해없음,자전거,남,80세,경상
2017120400100209,2017년 12월 4일 10시,월요일,강원도 춘천시 낙원동,경상사고,0,0,1,0,차대사람 - 길가장자리구역통행중,안전운전불이행,건조,맑음,단일로 - 기타,승용,남,55세,상해없음,보행자,남,52세,경상
2017120400100256,2017년 12월 4일 12시,월요일,강원도 속초시 조양동,경상사고,0,0,2,0,차대차 - 측면충돌,직진우회전진행방해,건조,맑음,교차로 - 교차로안,승용,남,32세,상해없음,승용,남,59세,경상
2017120400100257,2017년 12월 4일 12시,월요일,강원도 평창군 평창읍,중상사고,0,2,2,1,차대차 - 추돌,안전운전불이행,건조,맑음,단일로 - 기타,승용,여,53세,경상,승용,여,57세,중상
2017120400100290,2017년 12월 4일 13시,월요일,강원도 강릉시 송정동,경상사고,0,0,1,0,차대차 - 측면충돌,안전운전불이행,건조,맑음,교차로 - 교차로부근,승용,남,61세,상해없음,승용,여,37세,경상
2017120400100415,2017년 12월 4일 17시,월요일,강원도 춘천시 신동,중상사고,0,1,0,0,차대차 - 기타,중앙선침범,건조,맑음,단일로 - 기타,자전거,남,61세,중상,승합,남,61세,상해없음
2017120400100454,2017년 12월 4일 18시,월요일,강원도 춘천시 옥천동,중상사고,0,1,0,0,차대사람 - 길가장자리구역통행중,안전운전불이행,건조,맑음,단일로 - 기타,기타불명,기타불명,미분류,기타불명,보행자,남,60세,중상
2017120400100455,2017년 12월 4일 18시,월요일,강원도 원주시 귀래면,경상사고,0,0,1,0,차대차 - 추돌,안전운전불이행,건조,맑음,교차로 - 교차로부근,화물,남,60세,상해없음,승용,여,58세,경상
2017120400100456,2017년 12월 4일 18시,월요일,강원도 홍천군 홍천읍,경상사고,0,0,1,0,차대사람 - 차도통행중,안전운전불이행,건조,맑음,주차장 - 주차장,승용,남,60세,상해없음,보행자,남,12세,경상
2017120400100457,2017년 12월 4일 18시,월요일,강원도 동해시 송정동,경상사고,0,0,1,0,차대차 - 추돌,안전거리미확보,건조,맑음,단일로 - 기타,승합,남,76세,상해없음,승용,남,48세,경상
2017120400100554,2017년 12월 4일 20시,월요일,강원도 원주시 단계동,경상사고,0,0,1,1,차대차 - 추돌,안전운전불이행,건조,맑음,단일로 - 기타,이륜,남,33세,부상신고,이륜,남,43세,경상
2017120400100570,2017년 12월 4일 21시,월요일,강원도 원주시 무실동,경상사고,0,0,2,0,차대차 - 측면충돌,교차로운행방법위반,건조,맑음,교차로 - 교차로안,승용,여,47세,상해없음,승용,남,32세,경상
2017120400100624,2017년 12월 4일 23시,월요일,강원도 춘천시 후평동,경상사고,0,0,2,0,차대차 - 측면충돌,중앙선침범,건조,맑음,단일로 - 기타,승용,남,27세,상해없음,승용,남,25세,경상
2017120500100041,2017년 12월 5일 00시,화요일,강원도 강릉시 송정동,경상사고,0,0,4,0,차량단독 - 공작물충돌,안전운전불이행,건조,맑음,단일로 - 기타,승용,남,19세,경상,,,,
2017120500100055,2017년 12월 5일 01시,화요일,강원도 원주시 명륜동,경상사고,0,0,1,0,차대차 - 추돌,안전운전불이행,건조,맑음,교차로 - 교차로부근,승용,남,24세,상해없음,승용,여,50세,경상
2017120500100091,2017년 12월 5일 06시,화요일,강원도 원주시 문막읍,경상사고,0,0,1,0,차대차 - 기타,안전운전불이행,건조,맑음,단일로 - 기타,화물,남,57세,상해없음,화물,남,52세,경상
2017120500100110,2017년 12월 5일 07시,화요일,강원도 원주시 명륜동,중상사고,0,1,2,0,차대차 - 추돌,안전운전불이행,건조,맑음,교차로 - 교차로부근,승용,남,26세,상해없음,승용,남,48세,중상
2017120500100153,2017년 12월 5일 08시,화요일,강원도 강릉시 회산동,경상사고,0,0,1,0,차대사람 - 기타,안전운전불이행,건조,맑음,교차로 - 교차로부근,승용,여,39세,상해없음,보행자,남,76세,경상
2017120500100154,2017년 12월 5일 08시,화요일,강원도 강릉시 옥천동,중상사고,0,1,0,0,차대차 - 추돌,안전운전불이행,건조,맑음,교차로 - 교차로안,승용,남,51세,상해없음,자전거,남,44세,중상
2017120500100155,2017년 12월 5일 08시,화요일,강원도 원주시 흥업면,중상사고,0,1,0,0,차대차 - 측면충돌,기타,건조,맑음,교차로 - 교차로안,화물,남,66세,상해없음,화물,남,20세,중상
2017120500100185,2017년 12월 5일 09시,화요일,강원도 원주시 개운동,경상사고,0,0,1,0,차대차 - 측면충돌,안전운전불이행,건조,맑음,단일로 - 기타,승합,남,60세,상해없음,승용,여,73세,경상
2017120500100237,2017년 12월 5일 11시,화요일,강원도 강릉시 내곡동,경상사고,0,0,1,0,차대차 - 측면충돌,안전운전불이행,건조,맑음,교차로 - 교차로안,승용,남,67세,상해없음,승용,여,56세,경상
2017120500100238,2017년 12월 5일 11시,화요일,강원도 삼척시 도계읍,경상사고,0,0,3,0,차대차 - 측면충돌,안전운전불이행,건조,맑음,단일로 - 기타,승용,남,69세,상해없음,승용,여,55세,경상
2017120500100280,2017년 12월 5일 12시,화요일,강원도 속초시 동명동,경상사고,0,0,1,0,차대사람 - 길가장자리구역통행중,안전운전불이행,건조,맑음,교차로 - 교차로안,승용,여,64세,상해없음,보행자,남,53세,경상
2017120500100281,2017년 12월 5일 12시,화요일,강원도 삼척시 도계읍,중상사고,0,1,0,0,차대차 - 측면충돌,직진우회전진행방해,건조,맑음,교차로 - 교차로안,원동기,남,70세,중상,승용,남,66세,상해없음
2017120500100305,2017년 12월 5일 13시,화요일,강원도 춘천시 후평동,경상사고,0,0,1,0,차대차 - 측면충돌,신호위반,건조,맑음,교차로 - 교차로안,승용,남,35세,상해없음,승용,여,36세,경상
2017120500100355,2017년 12월 5일 15시,화요일,강원도 춘천시 동면,중상사고,0,1,1,0,차대차 - 측면충돌,교차로운행방법위반,건조,맑음,교차로 - 교차로안,화물,남,47세,상해없음,승용,남,29세,경상
2017120500100411,2017년 12월 5일 17시,화요일,강원도 원주시 단계동,중상사고,0,1,0,0,차대차 - 측면충돌,교차로운행방법위반,건조,맑음,교차로 - 교차로안,화물,남,61세,상해없음,승용,여,56세,중상
2017120500100412,2017년 12월 5일 17시,화요일,강원도 원주시 단구동,경상사고,0,0,2,0,차대차 - 추돌,안전운전불이행,건조,맑음,단일로 - 기타,승용,남,71세,상해없음,승용,여,36세,경상
2017120500100465,2017년 12월 5일 18시,화요일,강원도 속초시 교동,경상사고,0,0,1,0,차대차 - 측면충돌,신호위반,건조,맑음,교차로 - 교차로안,승용,남,30세,상해없음,승용,남,61세,경상
2017120500100466,2017년 12월 5일 18시,화요일,강원도 태백시 황지동,중상사고,0,1,0,0,차대사람 - 횡단중,보행자보호의무위반,서리/결빙,맑음,교차로 - 교차로부근,승용,남,58세,상해없음,보행자,여,29세,중상
2017120500100520,2017년 12월 5일 19시,화요일,강원도 원주시 단구동,경상사고,0,0,1,0,차대차 - 측면충돌,안전운전불이행,건조,맑음,교차로 - 교차로부근,승용,남,57세,상해없음,승용,여,43세,경상
2017120500100549,2017년 12월 5일 20시,화요일,강원도 춘천시 석사동,중상사고,0,1,0,0,차대사람 - 기타,안전운전불이행,건조,맑음,단일로 - 기타,승용,남,31세,상해없음,보행자,남,35세,중상
2017120500100590,2017년 12월 5일 22시,화요일,강원도 원주시 단구동,경상사고,0,0,1,0,차대차 - 측면충돌,안전운전불이행,건조,맑음,단일로 - 기타,화물,남,46세,상해없음,승용,여,26세,경상
2017120600100038,2017년 12월 6일 00시,수요일,강원도 원주시 무실동,경상사고,0,0,2,0,차대차 - 측면충돌,안전운전불이행,건조,맑음,단일로 - 기타,승용,여,51세,상해없음,승용,남,44세,경상
2017120600100039,2017년 12월 6일 00시,수요일,강원도 원주시 인동,경상사고,0,0,5,0,차대차 - 측면충돌,중앙선침범,건조,맑음,단일로 - 기타,승용,남,28세,상해없음,승용,남,28세,경상
2017120600100129,2017년 12월 6일 07시,수요일,강원도 춘천시 효자동,부상신고사고,0,0,0,1,차대차 - 기타,안전거리미확보,건조,맑음,단일로 - 기타,승용,남,55세,상해없음,승용,남,48세,부상신고
2017120600100130,2017년 12월 6일 07시,수요일,강원도 횡성군 우천면,중상사고,0,1,1,0,차대차 - 측면충돌,중앙선침범,젖음/습기,비,단일로 - 기타,승용,남,34세,상해없음,건설기계,남,41세,경상
2017120600100171,2017년 12월 6일 08시,수요일,강원도 원주시 우산동,경상사고,0,0,2,0,차대차 - 측면충돌,신호위반,건조,맑음,교차로 - 교차로부근,승용,여,57세,상해없음,승용,남,28세,경상
2017120600100217,2017년 12월 6일 09시,수요일,강원도 원주시 태장동,중상사고,0,1,0,0,차대차 - 기타,중앙선침범,건조,맑음,단일로 - 기타,승용,여,43세,상해없음,이륜,남,53세,중상
2017120600100273,2017년 12월 6일 11시,수요일,강원도 속초시 조양동,중상사고,0,1,0,0,차대사람 - 횡단중,보행자보호의무위반,건조,맑음,단일로 - 기타,승용,여,36세,상해없음,보행자,남,59세,중상
2017120600100306,2017년 12월 6일 12시,수요일,강원도 원주시 무실동,중상사고,0,1,0,0,차대차 - 추돌,안전거리미확보,건조,맑음,단일로 - 기타,승용,남,56세,상해없음,승용,남,45세,중상
2017120600100307,2017년 12월 6일 12시,수요일,강원도 영월군 중동면,경상사고,0,0,2,0,차대차 - 추돌,안전운전불이행,젖음/습기,맑음,단일로 - 기타,화물,남,54세,상해없음,화물,남,58세,경상
2017120600100344,2017년 12월 6일 13시,수요일,강원도 춘천시 석사동,경상사고,0,0,3,0,차대차 - 추돌,안전운전불이행,건조,맑음,단일로 - 기타,승용,여,74세,상해없음,화물,남,48세,경상
2017120600100345,2017년 12월 6일 13시,수요일,강원도 춘천시 온의동,경상사고,0,0,1,0,차대사람 - 기타,안전운전불이행,건조,맑음,단일로 - 기타,승용,남,67세,상해없음,보행자,남,47세,경상
2017120600100346,2017년 12월 6일 13시,수요일,강원도 원주시 평원동,중상사고,0,1,1,0,차대차 - 측면충돌,직진우회전진행방해,건조,맑음,교차로 - 교차로안,이륜,남,90세 이상,중상,승용,남,64세,경상
2017120600100347,2017년 12월 6일 13시,수요일,강원도 원주시 명륜동,경상사고,0,0,1,0,차대차 - 측면충돌,안전거리미확보,건조,맑음,단일로 - 기타,승용,남,50세,상해없음,이륜,남,23세,경상
2017120600100381,2017년 12월 6일 14시,수요일,강원도 태백시 황지동,경상사고,0,0,1,0,차대차 - 측면충돌,교차로운행방법위반,건조,맑음,교차로 - 교차로안,화물,남,32세,상해없음,승용,여,66세,상해없음
2017120600100515,2017년 12월 6일 17시,수요일,강원도 원주시 반곡동,경상사고,0,0,1,0,차대차 - 측면충돌,안전운전불이행,건조,맑음,교차로 - 교차로안,승합,여,56세,상해없음,승용,여,34세,경상
2017120600100516,2017년 12월 6일 17시,수요일,강원도 원주시 태장동,경상사고,0,0,2,0,차대차 - 측면충돌,안전운전불이행,건조,맑음,단일로 - 기타,승용,남,64세,경상,화물,남,52세,경상
2017120600100577,2017년 12월 6일 18시,수요일,강원도 춘천시 동면,경상사고,0,0,2,0,차대차 - 추돌,안전거리미확보,건조,맑음,단일로 - 기타,승합,남,59세,상해없음,승용,여,56세,경상
2017120600100578,2017년 12월 6일 18시,수요일,강원도 원주시 무실동,중상사고,0,1,0,0,차대차 - 측면충돌,교차로운행방법위반,건조,맑음,교차로 - 교차로안,승용,여,58세,상해없음,이륜,남,43세,중상
2017120600100579,2017년 12월 6일 18시,수요일,강원도 원주시 우산동,경상사고,0,0,1,0,차대차 - 측면충돌,안전운전불이행,건조,맑음,교차로 - 교차로안,승용,남,60세,상해없음,승용,여,42세,경상
2017120600100580,2017년 12월 6일 18시,수요일,강원도 속초시 교동,중상사고,0,2,0,0,차대차 - 측면충돌,직진우회전진행방해,건조,맑음,교차로 - 교차로안,승용,남,29세,상해없음,이륜,남,70세,중상
2017120600100624,2017년 12월 6일 19시,수요일,강원도 속초시 조양동,중상사고,0,1,0,0,차대사람 - 횡단중,보행자보호의무위반,건조,맑음,교차로 - 교차로부근,원동기,남,28세,상해없음,보행자,남,53세,중상
2017120600100655,2017년 12월 6일 20시,수요일,강원도 태백시 황지동,경상사고,0,0,1,0,차대차 - 측면충돌,교차로운행방법위반,건조,맑음,교차로 - 교차로안,승용,남,53세,상해없음,화물,남,55세,경상
2017120700100027,2017년 12월 7일 00시,목요일,강원도 강릉시 노암동,중상사고,0,1,1,0,차대차 - 측면충돌,신호위반,건조,맑음,교차로 - 교차로안,승용,여,57세,상해없음,승용,남,65세,중상
2017120700100049,2017년 12월 7일 02시,목요일,강원도 인제군 북면,중상사고,0,1,0,0,차량단독 - 도로외이탈 - 추락,안전운전불이행,적설,눈,주차장 - 주차장,승용,남,36세,상해없음,,,,
2017120700100097,2017년 12월 7일 06시,목요일,강원도 춘천시 효자동,중상사고,0,2,0,0,차대사람 - 횡단중,안전운전불이행,젖음/습기,흐림,단일로 - 기타,이륜,남,53세,중상,보행자,여,22세,중상
2017120700100098,2017년 12월 7일 06시,목요일,강원도 원주시 행구동,경상사고,0,0,1,0,차대차 - 측면충돌,안전운전불이행,젖음/습기,눈,단일로 - 기타,승용,여,43세,상해없음,승용,남,62세,경상
2017120700100212,2017년 12월 7일 10시,목요일,강원도 원주시 관설동,경상사고,0,0,1,0,차대차 - 측면충돌,안전운전불이행,건조,맑음,단일로 - 기타,화물,남,51세,상해없음,화물,남,31세,경상
2017120700100325,2017년 12월 7일 15시,목요일,강원도 원주시 학성동,경상사고,0,0,1,0,차대사람 - 횡단중,보행자보호의무위반,건조,맑음,단일로 - 기타,승용,여,28세,상해없음,보행자,여,66세,경상
2017120700100326,2017년 12월 7일 15시,목요일,강원도 철원군 갈말읍,경상사고,0,0,1,0,차대차 - 측면충돌,교차로운행방법위반,건조,맑음,교차로 - 교차로안,화물,남,64세,상해없음,화물,남,47세,상해없음
2017120700100327,2017년 12월 7일 15시,목요일,강원도 철원군 동송읍,경상사고,0,0,2,0,차대차 - 측면충돌,직진우회전진행방해,건조,맑음,교차로 - 교차로안,승용,여,54세,상해없음,승용,여,59세,경상
2017120700100365,2017년 12월 7일 16시,목요일,강원도 강릉시 사천면,경상사고,0,0,2,0,차대차 - 측면충돌,신호위반,건조,맑음,교차로 - 교차로안,화물,남,48세,상해없음,승용,남,55세,경상
2017120700100366,2017년 12월 7일 16시,목요일,강원도 삼척시 교동,중상사고,0,1,0,0,차대사람 - 횡단중,보행자보호의무위반,건조,맑음,교차로 - 교차로횡단보도내,승용,남,58세,상해없음,보행자,남,64세,중상
2017120700100395,2017년 12월 7일 17시,목요일,강원도 춘천시 후평동,중상사고,0,1,0,0,차대차 - 측면충돌,안전거리미확보,건조,맑음,단일로 - 기타,승용,남,26세,상해없음,이륜,남,37세,중상
2017120700100396,2017년 12월 7일 17시,목요일,강원도 강릉시 노암동,경상사고,0,0,2,0,차대차 - 측면충돌,안전운전불이행,건조,맑음,교차로 - 교차로부근,화물,남,40세,상해없음,승용,여,42세,경상
2017120700100397,2017년 12월 7일 17시,목요일,강원도 원주시 지정면,경상사고,0,0,1,0,차대차 - 측면충돌,직진우회전진행방해,건조,맑음,교차로 - 교차로안,화물,남,58세,상해없음,승용,남,57세,상해없음
2017120700100441,2017년 12월 7일 18시,목요일,강원도 춘천시 동내면,중상사고,0,1,2,0,차대차 - 추돌,안전운전불이행,건조,맑음,단일로 - 기타,승용,남,33세,상해없음,승용,남,47세,경상
2017120700100442,2017년 12월 7일 18시,목요일,강원도 원주시 단구동,경상사고,0,0,1,0,차대차 - 측면충돌,안전운전불이행,건조,맑음,교차로 - 교차로안,승용,남,33세,상해없음,승용,여,36세,경상
2017120700100443,2017년 12월 7일 18시,목요일,강원도 속초시 청학동,중상사고,0,1,0,0,차대차 - 측면충돌,안전운전불이행,건조,맑음,교차로 - 교차로안,승용,여,39세,상해없음,이륜,남,47세,중상
2017120700100493,2017년 12월 7일 19시,목요일,강원도 원주시 단구동,경상사고,0,0,1,0,차대차 - 측면충돌,안전운전불이행,건조,맑음,단일로 - 기타,승용,남,40세,상해없음,승용,여,25세,경상
2017120700100544,2017년 12월 7일 21시,목요일,강원도 속초시 조양동,중상사고,0,1,0,0,차대차 - 추돌,안전운전불이행,건조,맑음,교차로 - 교차로안,승용,남,53세,상해없음,승용,남,47세,중상
2017120700100545,2017년 12월 7일 21시,목요일,강원도 속초시 영랑동,경상사고,0,0,3,0,차대차 - 측면충돌,안전운전불이행,건조,맑음,교차로 - 교차로안,승용,남,35세,상해없음,승용,남,60세,경상
2017120800100071,2017년 12월 8일 02시,금요일,강원도 동해시 천곡동,경상사고,0,0,1,0,차대차 - 추돌,안전운전불이행,건조,맑음,단일로 - 기타,승용,남,20세,상해없음,승용,남,57세,상해없음
2017120800100173,2017년 12월 8일 08시,금요일,강원도 춘천시 석사동,경상사고,0,0,1,0,차대사람 - 기타,안전운전불이행,건조,맑음,기타 - 기타,승용,남,62세,상해없음,보행자,남,19세,경상
2017120800100174,2017년 12월 8일 08시,금요일,강원도 원주시 개운동,경상사고,0,0,1,0,차대사람 - 기타,안전운전불이행,건조,맑음,단일로 - 기타,승용,여,60세,상해없음,보행자,남,13세,경상
2017120800100215,2017년 12월 8일 09시,금요일,강원도 강릉시 사천면,경상사고,0,0,3,0,차대차 - 추돌,안전운전불이행,건조,맑음,단일로 - 기타,화물,남,62세,상해없음,승용,남,30세,경상
2017120800100216,2017년 12월 8일 09시,금요일,강원도 화천군 사내면,경상사고,0,0,1,0,차대차 - 측면충돌,중앙선침범,건조,맑음,단일로 - 기타,승용,남,60세,상해없음,화물,여,51세,경상
2017120800100217,2017년 12월 8일 09시,금요일,강원도 동해시 심곡동,중상사고,0,1,0,0,차대차 - 측면충돌,교차로운행방법위반,건조,맑음,교차로 - 교차로안,화물,남,55세,상해없음,화물,여,60세,중상
2017120800100254,2017년 12월 8일 10시,금요일,강원도 춘천시 퇴계동,경상사고,0,0,1,0,차대차 - 측면충돌,안전운전불이행,건조,맑음,교차로 - 교차로안,승용,남,58세,상해없음,승용,남,65세,경상
2017120800100255,2017년 12월 8일 10시,금요일,강원도 강릉시 초당동,경상사고,0,0,2,0,차대차 - 측면충돌,안전운전불이행,건조,맑음,단일로 - 기타,승용,여,46세,상해없음,승용,남,55세,경상
2017120800100256,2017년 12월 8일 10시,금요일,강원도 홍천군 홍천읍,경상사고,0,0,1,0,차대사람 - 기타,안전운전불이행,건조,맑음,단일로 - 기타,승용,남,81세,상해없음,보행자,남,66세,경상