사고번호,사고일시,요일,시군구,사고내용,사망자수,중상자수,경상자수,부상신고자수,사고유형,법규위반,노면상태,기상상태,도로형태,가해운전자 차종,가해운전자 성별,가해운전자 연령,가해운전자 상해정도,피해운전자 차종,피해운전자 성별,피해운전자 연령,피해운전자 상해정도
2017121300100486,2017년 12월 13일 19시,수요일,강원도 속초시 교동,경상사고,0,0,2,0,차대차 - 추돌,안전운전불이행,건조,맑음,단일로 - 기타,이륜,남,50세,상해없음,이륜,남,17세,경상
2017121300100516,2017년 12월 13일 20시,수요일,강원도 강릉시 교동,경상사고,0,0,2,0,차대차 - 측면충돌,안전운전불이행,건조,맑음,교차로 - 교차로안,승용,여,52세,상해없음,승용,여,31세,경상
2017121300100517,2017년 12월 13일 20시,수요일,강원도 원주시 단구동,경상사고,0,0,1,0,차대차 - 측면충돌,안전운전불이행,건조,맑음,교차로 - 교차로부근,승용,남,44세,상해없음,승용,남,51세,경상
2017121300100542,2017년 12월 13일 21시,수요일,강원도 원주시 무실동,경상사고,0,0,2,0,차대차 - 추돌,안전운전불이행,건조,맑음,교차로 - 교차로안,승용,남,40세,상해없음,승용,여,50세,경상
2017121300100570,2017년 12월 13일 22시,수요일,강원도 정선군 고한읍,중상사고,0,1,0,0,차대사람 - 횡단중,안전운전불이행,건조,맑음,단일로 - 기타,승용,남,40세,상해없음,보행자,여,73세,중상
2017121300100593,2017년 12월 13일 23시,수요일,강원도 원주시 단구동,경상사고,0,0,2,0,차대차 - 추돌,안전운전불이행,건조,맑음,단일로 - 기타,승용,남,36세,상해없음,승용,여,49세,경상
2017121300100594,2017년 12월 13일 23시,수요일,강원도 속초시 교동,경상사고,0,0,1,0,차대차 - 측면충돌,신호위반,건조,맑음,교차로 - 교차로안,승용,남,43세,상해없음,승용,남,58세,경상
2017121400100206,2017년 12월 14일 09시,목요일,강원도 강릉시 홍제동,경상사고,0,0,1,0,차대사람 - 기타,안전운전불이행,건조,맑음,교차로 - 교차로안,승용,남,44세,상해없음,보행자,남,78세,경상
2017121400100257,2017년 12월 14일 11시,목요일,강원도 춘천시 효자동,경상사고,0,0,1,0,차대차 - 측면충돌,중앙선침범,건조,맑음,교차로 - 교차로부근,승용,남,22세,상해없음,승용,남,60세,경상
2017121400100258,2017년 12월 14일 11시,목요일,강원도 속초시 조양동,경상사고,0,0,1,0,차대차 - 측면충돌,직진우회전진행방해,건조,맑음,교차로 - 교차로안,승용,남,68세,상해없음,승용,남,36세,경상
2017121400100312,2017년 12월 14일 13시,목요일,강원도 원주시 봉산동,경상사고,0,0,1,0,차대차 - 측면충돌,교차로운행방법위반,건조,맑음,교차로 - 교차로안,화물,남,61세,상해없음,승용,여,37세,경상
2017121400100341,2017년 12월 14일 14시,목요일,강원도 춘천시 삼천동,경상사고,0,0,1,0,차대차 - 측면충돌,안전거리미확보,젖음/습기,흐림,단일로 - 기타,승용,여,47세,상해없음,화물,남,52세,경상
2017121400100342,2017년 12월 14일 14시,목요일,강원도 춘천시 근화동,중상사고,0,1,0,0,차대차 - 기타,안전운전불이행,건조,흐림,단일로 - 기타,승용,남,41세,상해없음,승용,남,56세,상해없음
2017121400100362,2017년 12월 14일 15시,목요일,강원도 원주시 단구동,경상사고,0,0,1,0,차대사람 - 횡단중,보행자보호의무위반,건조,맑음,단일로 - 기타,승용,남,37세,상해없음,보행자,여,55세,경상
2017121400100363,2017년 12월 14일 15시,목요일,강원도 양양군 양양읍,중상사고,0,1,0,0,차대차 - 기타,기타,건조,맑음,단일로 - 기타,화물,남,40세,상해없음,이륜,남,64세,중상
2017121400100387,2017년 12월 14일 16시,목요일,강원도 춘천시 온의동,경상사고,0,0,3,0,차대차 - 추돌,안전운전불이행,건조,맑음,교차로 - 교차로부근,승용,남,36세,상해없음,승용,남,53세,경상
2017121400100388,2017년 12월 14일 16시,목요일,강원도 인제군 인제읍,중상사고,0,1,0,0,차대차 - 정면충돌,중앙선침범,건조,맑음,단일로 - 기타,승용,남,27세,상해없음,화물,남,76세,중상
2017121400100416,2017년 12월 14일 17시,목요일,강원도 춘천시 후평동,경상사고,0,0,1,0,차대차 - 추돌,안전운전불이행,서리/결빙,맑음,단일로 - 기타,승용,여,62세,상해없음,승용,여,70세,경상
2017121400100461,2017년 12월 14일 18시,목요일,강원도 강릉시 입암동,경상사고,0,0,1,0,차대사람 - 횡단중,안전운전불이행,건조,맑음,기타 - 기타,승용,남,47세,상해없음,보행자,남,6세,경상
2017121400100462,2017년 12월 14일 18시,목요일,강원도 영월군 영월읍,중상사고,0,1,0,0,차대사람 - 기타,안전운전불이행,건조,맑음,단일로 - 기타,화물,남,60세,상해없음,보행자,여,68세,중상
2017121400100463,2017년 12월 14일 18시,목요일,강원도 홍천군 홍천읍,경상사고,0,0,2,0,차대차 - 추돌,안전운전불이행,건조,맑음,단일로 - 기타,화물,남,55세,상해없음,승용,여,39세,경상
2017121400100524,2017년 12월 14일 20시,목요일,강원도 강릉시 교동,경상사고,0,0,1,0,차대차 - 기타,안전운전불이행,건조,맑음,교차로 - 교차로안,승합,남,40세,상해없음,승용,여,59세,경상
2017121400100548,2017년 12월 14일 21시,목요일,강원도 원주시 명륜동,경상사고,0,0,1,0,차대차 - 측면충돌,중앙선침범,건조,맑음,단일로 - 기타,승용,남,57세,상해없음,이륜,남,34세,경상
2017121400100578,2017년 12월 14일 22시,목요일,강원도 원주시 무실동,경상사고,0,0,3,0,차대차 - 측면충돌,신호위반,기타,맑음,교차로 - 교차로안,승용,여,29세,상해없음,승용,여,22세,경상
2017121500100128,2017년 12월 15일 07시,금요일,강원도 삼척시 도계읍,중상사고,0,1,0,0,차대차 - 측면충돌,안전운전불이행,건조,맑음,단일로 - 기타,이륜,남,45세,중상,승용,남,65세,상해없음
2017121500100212,2017년 12월 15일 10시,금요일,강원도 춘천시 교동,경상사고,0,0,1,0,차대차 - 측면충돌,직진우회전진행방해,건조,맑음,교차로 - 교차로안,승용,여,57세,상해없음,승용,남,67세,경상
2017121500100295,2017년 12월 15일 13시,금요일,강원도 춘천시 운교동,중상사고,0,1,0,0,차대차 - 기타,기타,건조,맑음,단일로 - 기타,승용,남,59세,상해없음,이륜,남,33세,중상
2017121500100296,2017년 12월 15일 13시,금요일,강원도 원주시 반곡동,경상사고,0,0,1,0,차대차 - 측면충돌,안전운전불이행,건조,맑음,교차로 - 교차로부근,승용,남,43세,상해없음,승용,남,29세,경상
2017121500100297,2017년 12월 15일 13시,금요일,강원도 원주시 개운동,경상사고,0,0,1,0,차대차 - 기타,안전운전불이행,건조,맑음,단일로 - 기타,승용,여,34세,상해없음,이륜,여,48세,경상
2017121500100321,2017년 12월 15일 14시,금요일,강원도 춘천시 후평동,경상사고,0,0,1,0,차대차 - 측면충돌,직진우회전진행방해,건조,맑음,교차로 - 교차로안,승용,남,76세,상해없음,승용,여,71세,경상
2017121500100349,2017년 12월 15일 15시,금요일,강원도 원주시 단구동,경상사고,0,0,2,0,차대차 - 추돌,안전운전불이행,건조,맑음,교차로 - 교차로부근,승용,남,54세,상해없음,승용,남,31세,경상
2017121500100350,2017년 12월 15일 15시,금요일,강원도 동해시 북평동,경상사고,0,0,1,0,차대차 - 후진중충돌,안전운전불이행,건조,맑음,교차로 - 교차로부근,화물,남,37세,상해없음,승용,남,72세,경상
2017121500100381,2017년 12월 15일 16시,금요일,강원도 원주시 원동,중상사고,0,1,0,0,차대차 - 측면충돌,안전운전불이행,건조,맑음,교차로 - 교차로부근,승용,남,55세,상해없음,승용,남,31세,중상
2017121500100506,2017년 12월 15일 19시,금요일,강원도 원주시 일산동,경상사고,0,0,1,0,차대차 - 기타,안전운전불이행,건조,맑음,교차로 - 교차로안,승용,남,58세,상해없음,이륜,남,28세,경상
2017121500100539,2017년 12월 15일 20시,금요일,강원도 원주시 태장동,중상사고,0,2,0,0,차대차 - 측면충돌,안전거리미확보,건조,맑음,단일로 - 기타,승합,남,58세,상해없음,이륜,남,16세,중상
2017121500100581,2017년 12월 15일 21시,금요일,강원도 강릉시 교동,경상사고,0,0,1,0,차대차 - 측면충돌,안전운전불이행,건조,맑음,교차로 - 교차로안,승용,남,25세,상해없음,승용,남,54세,경상
2017121500100582,2017년 12월 15일 21시,금요일,강원도 원주시 명륜동,경상사고,0,0,1,0,차대차 - 측면충돌,신호위반,건조,맑음,단일로 - 기타,이륜,남,38세,상해없음,승용,여,33세,경상
2017121500100616,2017년 12월 15일 22시,금요일,강원도 원주시 일산동,경상사고,0,0,1,0,차대사람 - 기타,안전운전불이행,건조,맑음,기타 - 기타,승용,남,50세,상해없음,보행자,여,42세,경상
2017121600100073,2017년 12월 16일 01시,토요일,강원도 춘천시 효자동,사망사고,1,0,0,0,차대사람 - 횡단중,보행자보호의무위반,젖음/습기,맑음,단일로 - 기타,승용,남,58세,상해없음,보행자,여,20세,사망
2017121600100074,2017년 12월 16일 01시,토요일,강원도 동해시 지가동,경상사고,0,0,1,0,차대차 - 정면충돌,중앙선침범,건조,맑음,단일로 - 기타,승용,남,36세,상해없음,승용,남,41세,경상
2017121600100091,2017년 12월 16일 02시,토요일,강원도 춘천시 효자동,경상사고,0,0,2,0,차대차 - 측면충돌,안전운전불이행,건조,맑음,단일로 - 기타,이륜,남,24세,경상,승용,남,61세,경상
2017121600100092,2017년 12월 16일 02시,토요일,강원도 강릉시 교동,경상사고,0,0,1,0,차대사람 - 기타,안전운전불이행,건조,맑음,단일로 - 기타,승용,남,26세,상해없음,보행자,여,22세,경상
2017121600100143,2017년 12월 16일 06시,토요일,강원도 강릉시 교동,경상사고,0,0,2,0,차대차 - 기타,중앙선침범,건조,맑음,단일로 - 기타,승용,남,29세,상해없음,승용,여,43세,경상
2017121600100200,2017년 12월 16일 09시,토요일,강원도 춘천시 석사동,중상사고,0,1,1,1,차대차 - 추돌,안전운전불이행,건조,맑음,교차로 - 교차로부근,건설기계,남,57세,상해없음,승용,남,30세,경상
2017121600100201,2017년 12월 16일 09시,토요일,강원도 정선군 정선읍,경상사고,0,0,1,0,차대사람 - 기타,기타,건조,맑음,단일로 - 기타,화물,남,50세,상해없음,보행자,여,55세,경상
2017121600100226,2017년 12월 16일 10시,토요일,강원도 춘천시 교동,경상사고,0,0,1,0,차대사람 - 길가장자리구역통행중,안전운전불이행,건조,맑음,교차로 - 교차로안,승용,남,63세,상해없음,보행자,남,69세,경상
2017121600100227,2017년 12월 16일 10시,토요일,강원도 속초시 조양동,경상사고,0,0,1,0,차대사람 - 횡단중,안전운전불이행,건조,맑음,단일로 - 지하차도(도로)내,화물,남,46세,상해없음,보행자,남,54세,경상
2017121600100228,2017년 12월 16일 10시,토요일,강원도 태백시 황지동,경상사고,0,0,4,0,차대차 - 추돌,안전거리미확보,건조,맑음,단일로 - 기타,건설기계,남,44세,상해없음,승용,남,39세,경상
2017121600100252,2017년 12월 16일 11시,토요일,강원도 삼척시 교동,중상사고,0,1,0,0,차대차 - 측면충돌,안전운전불이행,건조,맑음,교차로 - 교차로안,승용,남,34세,상해없음,승용,여,56세,중상
2017121600100277,2017년 12월 16일 12시,토요일,강원도 춘천시 석사동,경상사고,0,0,2,0,차대차 - 추돌,안전운전불이행,서리/결빙,맑음,교차로 - 교차로부근,승용,여,77세,상해없음,승용,남,36세,경상
2017121600100278,2017년 12월 16일 12시,토요일,강원도 춘천시 온의동,경상사고,0,0,3,0,차대차 - 기타,안전거리미확보,적설,눈,단일로 - 기타,특수,남,26세,상해없음,승용,남,59세,경상
2017121600100308,2017년 12월 16일 13시,토요일,강원도 삼척시 정상동,경상사고,0,0,2,0,차대차 - 측면충돌,신호위반,건조,맑음,교차로 - 교차로안,승용,여,54세,경상,화물,남,63세,경상
2017121600100309,2017년 12월 16일 13시,토요일,강원도 철원군 동송읍,중상사고,0,1,0,0,차대차 - 측면충돌,안전운전불이행,건조,맑음,교차로 - 교차로안,승용,남,64세,상해없음,이륜,남,56세,중상
2017121600100338,2017년 12월 16일 14시,토요일,강원도 양양군 현북면,중상사고,0,1,1,0,차대차 - 측면충돌,중앙선침범,건조,맑음,단일로 - 기타,화물,남,50세,상해없음,승용,여,36세,중상
2017121600100339,2017년 12월 16일 14시,토요일,강원도 태백시 화전동,경상사고,0,0,2,0,차대차 - 추돌,안전운전불이행,건조,맑음,단일로 - 기타,건설기계,남,57세,상해없음,승용,남,32세,경상
2017121600100422,2017년 12월 16일 16시,토요일,강원도 춘천시 남산면,경상사고,0,0,1,0,차대사람 - 길가장자리구역통행중,안전운전불이행,건조,맑음,단일로 - 기타,화물,여,46세,상해없음,보행자,남,12세,경상
2017121600100459,2017년 12월 16일 17시,토요일,강원도 강릉시 사천면,중상사고,0,1,1,0,차대차 - 추돌,안전운전불이행,건조,맑음,단일로 - 기타,승용,남,67세,상해없음,건설기계,남,50세,경상
2017121600100529,2017년 12월 16일 19시,토요일,강원도 원주시 단계동,중상사고,0,1,0,0,차대차 - 측면충돌,신호위반,건조,맑음,교차로 - 교차로안,승용,남,46세,상해없음,승용,남,70세,중상
2017121600100552,2017년 12월 16일 20시,토요일,강원도 홍천군 홍천읍,중상사고,0,1,0,0,차대사람 - 횡단중,안전운전불이행,건조,맑음,단일로 - 기타,승용,남,39세,상해없음,보행자,여,12세,중상
2017121600100612,2017년 12월 16일 22시,토요일,강원도 춘천시 효자동,중상사고,0,1,0,0,차대차 - 정면충돌,신호위반,건조,맑음,교차로 - 교차로안,승용,남,67세,상해없음,이륜,남,25세,중상
2017121600100645,2017년 12월 16일 23시,토요일,강원도 춘천시 효자동,중상사고,0,1,0,0,차대사람 - 횡단중,안전운전불이행,건조,맑음,단일로 - 기타,승용,남,52세,상해없음,보행자,남,57세,중상
2017121600100646,2017년 12월 16일 23시,토요일,강원도 속초시 영랑동,경상사고,0,0,1,0,차대사람 - 길가장자리구역통행중,안전운전불이행,건조,맑음,단일로 - 기타,승용,남,31세,상해없음,보행자,남,34세,경상
2017121700100032,2017년 12월 17일 00시,일요일,강원도 춘천시 후평동,중상사고,0,1,2,0,차대차 - 측면충돌,신호위반,건조,맑음,교차로 - 교차로안,승용,남,56세,상해없음,승용,남,42세,경상
2017121700100033,2017년 12월 17일 00시,일요일,강원도 춘천시 남면,중상사고,0,1,0,0,차량단독 - 전도전복,안전운전불이행,건조,맑음,단일로 - 기타,승용,남,54세,중상,미분류,미분류,미분류,미분류
2017121700100074,2017년 12월 17일 02시,일요일,강원도 춘천시 석사동,경상사고,0,0,2,0,차대차 - 추돌,안전운전불이행,젖음/습기,맑음,단일로 - 기타,승용,남,30세,상해없음,승용,남,44세,경상
2017121700100075,2017년 12월 17일 02시,일요일,강원도 강릉시 교동,중상사고,0,2,3,0,차대차 - 추돌,안전운전불이행,건조,맑음,교차로 - 교차로부근,승용,남,31세,상해없음,승용,남,50세,중상
2017121700100111,2017년 12월 17일 05시,일요일,강원도 영월군 영월읍,부상신고사고,0,0,0,1,차대차 - 추돌,안전운전불이행,건조,맑음,단일로 - 기타,승용,여,50세,상해없음,화물,남,66세,상해없음
2017121700100154,2017년 12월 17일 09시,일요일,강원도 영월군 영월읍,부상신고사고,0,0,0,1,차대차 - 측면충돌,교차로운행방법위반,건조,맑음,교차로 - 교차로안,승용,남,63세,상해없음,승용,여,58세,부상신고
2017121700100166,2017년 12월 17일 10시,일요일,강원도 춘천시 소양로1가,경상사고,0,0,1,0,차대차 - 추돌,안전거리미확보,건조,맑음,단일로 - 기타,승용,남,64세,상해없음,승용,남,42세,상해없음
2017121700100167,2017년 12월 17일 10시,일요일,강원도 동해시 천곡동,중상사고,0,1,0,0,차대차 - 측면충돌,신호위반,건조,맑음,교차로 - 교차로안,승용,남,40세,상해없음,승용,남,60세,중상
2017121700100192,2017년 12월 17일 12시,일요일,강원도 원주시 호저면,중상사고,0,1,0,0,차대차 - 정면충돌,중앙선침범,건조,맑음,단일로 - 기타,승용,남,35세,상해없음,화물,남,60세,중상
2017121700100225,2017년 12월 17일 13시,일요일,강원도 춘천시 조양동,경상사고,0,0,4,0,차대차 - 측면충돌,안전운전불이행,젖음/습기,맑음,교차로 - 교차로안,승용,남,29세,상해없음,승용,남,47세,경상
2017121700100247,2017년 12월 17일 14시,일요일,강원도 화천군 하남면,경상사고,0,0,2,0,차대차 - 측면충돌,안전운전불이행,서리/결빙,맑음,단일로 - 기타,화물,남,58세,상해없음,승용,남,50세,경상
2017121700100248,2017년 12월 17일 14시,일요일,강원도 원주시 학성동,중상사고,0,1,0,0,차대사람 - 횡단중,보행자보호의무위반,건조,맑음,단일로 - 기타,승용,남,29세,상해없음,보행자,여,58세,중상
2017121700100249,2017년 12월 17일 14시,일요일,강원도 원주시 학성동,부상신고사고,0,0,0,1,차대차 - 측면충돌,안전운전불이행,건조,맑음,단일로 - 기타,승용,남,82세,상해없음,승용,남,52세,부상신고
2017121700100250,2017년 12월 17일 14시,일요일,강원도 원주시 반곡동,경상사고,0,0,3,0,차대차 - 측면충돌,안전거리미확보,건조,맑음,교차로 - 교차로안,화물,남,63세,경상,승용,남,40세,경상
2017121700100278,2017년 12월 17일 15시,일요일,강원도 춘천시 퇴계동,경상사고,0,0,2,0,차대차 - 측면충돌,안전운전불이행,건조,흐림,교차로 - 교차로안,화물,여,55세,경상,승용,남,63세,경상
2017121700100279,2017년 12월 17일 15시,일요일,강원도 속초시 교동,경상사고,0,0,2,0,차대차 - 측면충돌,안전운전불이행,건조,맑음,교차로 - 교차로안,승용,남,50세,상해없음,승용,남,18세,경상
2017121700100327,2017년 12월 17일 17시,일요일,강원도 동해시 천곡동,경상사고,0,0,3,0,차대차 - 측면충돌,교차로운행방법위반,건조,맑음,교차로 - 교차로안,승용,남,61세,상해없음,승용,남,55세,경상
2017121700100356,2017년 12월 17일 18시,일요일,강원도 원주시 반곡동,경상사고,0,0,1,0,차대차 - 측면충돌,차로위반,건조,맑음,단일로 - 기타,승용,여,62세,상해없음,이륜,남,16세,경상
2017121700100357,2017년 12월 17일 18시,일요일,강원도 원주시 단계동,경상사고,0,0,1,0,차대차 - 기타,안전운전불이행,건조,맑음,교차로 - 교차로부근,승용,남,60세,상해없음,이륜,남,43세,경상
2017121700100358,2017년 12월 17일 18시,일요일,강원도 양양군 손양면,경상사고,0,0,1,0,차대차 - 후진중충돌,안전운전불이행,건조,맑음,주차장 - 주차장,승용,여,31세,상해없음,승용,여,28세,경상
2017121700100394,2017년 12월 17일 19시,일요일,강원도 강릉시 포남동,경상사고,0,0,4,0,차대차 - 측면충돌,안전운전불이행,건조,맑음,교차로 - 교차로안,승용,남,38세,상해없음,승용,남,45세,경상
2017121700100395,2017년 12월 17일 19시,일요일,강원도 원주시 행구동,경상사고,0,0,2,0,차대차 - 측면충돌,신호위반,건조,맑음,교차로 - 교차로안,승용,여,55세,상해없음,화물,남,23세,경상
2017121700100426,2017년 12월 17일 20시,일요일,강원도 춘천시 퇴계동,경상사고,0,0,1,0,차대차 - 기타,기타,건조,맑음,교차로 - 교차로부근,승용,여,49세,상해없음,이륜,남,38세,경상
2017121700100456,2017년 12월 17일 21시,일요일,강원도 강릉시 옥천동,경상사고,0,0,1,0,차대차 - 측면충돌,안전운전불이행,건조,맑음,교차로 - 교차로안,승용,여,52세,상해없음,원동기,남,19세,경상
2017121700100468,2017년 12월 17일 22시,일요일,강원도 춘천시 효자동,경상사고,0,0,1,0,차대차 - 기타,안전거리미확보,건조,맑음,단일로 - 기타,승용,남,45세,상해없음,승용,여,38세,경상
2017121800100101,2017년 12월 18일 07시,월요일,강원도 강릉시 홍제동,중상사고,0,1,0,0,차대차 - 측면충돌,신호위반,건조,맑음,교차로 - 교차로안,화물,남,69세,기타불명,승용,남,29세,중상
2017121800100102,2017년 12월 18일 07시,월요일,강원도 원주시 우산동,경상사고,0,0,1,0,차대차 - 측면충돌,신호위반,건조,맑음,교차로 - 교차로안,화물,남,57세,상해없음,승용,남,68세,경상
2017121800100142,2017년 12월 18일 08시,월요일,강원도 원주시 흥업면,경상사고,0,0,4,0,차대차 - 추돌,안전운전불이행,건조,맑음,단일로 - 기타,승용,여,37세,상해없음,승합,남,53세,경상
2017121800100174,2017년 12월 18일 09시,월요일,강원도 동해시 발한동,중상사고,0,1,0,0,차대차 - 측면충돌,안전운전불이행,건조,맑음,교차로 - 교차로부근,승용,남,73세,상해없음,이륜,남,74세,중상
2017121800100215,2017년 12월 18일 10시,월요일,강원도 강릉시 포남동,중상사고,0,1,0,0,차대차 - 기타,안전운전불이행,건조,맑음,교차로 - 교차로안,승용,여,58세,상해없음,자전거,남,79세,중상
2017121800100216,2017년 12월 18일 10시,월요일,강원도 태백시 황지동,부상신고사고,0,0,0,1,차대사람 - 횡단중,보행자보호의무위반,젖음/습기,맑음,단일로 - 기타,승합,남,57세,상해없음,보행자,남,84세,부상신고
2017121800100235,2017년 12월 18일 11시,월요일,강원도 춘천시 석사동,경상사고,0,0,2,0,차대차 - 측면충돌,중앙선침범,젖음/습기,흐림,단일로 - 기타,이륜,남,32세,상해없음,승용,남,56세,경상
2017121800100236,2017년 12월 18일 11시,월요일,강원도 강릉시 주문진읍,경상사고,0,0,1,0,차대차 - 추돌,안전운전불이행,건조,맑음,교차로 - 교차로부근,화물,남,72세,상해없음,화물,남,75세,경상
2017121800100237,2017년 12월 18일 11시,월요일,강원도 원주시 흥업면,경상사고,0,0,1,0,차대차 - 측면충돌,안전운전불이행,적설,눈,단일로 - 기타,승용,여,39세,상해없음,화물,남,57세,경상
2017121800100238,2017년 12월 18일 11시,월요일,강원도 영월군 영월읍,부상신고사고,0,0,0,1,차대차 - 추돌,안전거리미확보,서리/결빙,맑음,단일로 - 교량,건설기계,남,47세,상해없음,화물,남,45세,부상신고
2017121800100262,2017년 12월 18일 12시,월요일,강원도 원주시 흥업면,경상사고,0,0,2,0,차대차 - 측면충돌,중앙선침범,서리/결빙,맑음,단일로 - 기타,승용,여,41세,경상,승용,남,58세,경상
2017121800100292,2017년 12월 18일 13시,월요일,강원도 강릉시 옥계면,중상사고,0,1,0,0,차대차 - 기타,중앙선침범,건조,맑음,단일로 - 기타,승용,여,58세,상해없음,승용,남,63세,상해없음
2017121800100293,2017년 12월 18일 13시,월요일,강원도 원주시 흥업면,경상사고,0,0,1,0,차대차 - 측면충돌,안전운전불이행,젖음/습기,눈,단일로 - 기타,승용,여,25세,상해없음,승용,여,47세,경상
2017121800100294,2017년 12월 18일 13시,월요일,강원도 양양군 손양면,경상사고,0,0,2,0,차대차 - 측면충돌,직진우회전진행방해,건조,맑음,교차로 - 교차로안,화물,남,55세,상해없음,승용,여,41세,경상
2017121800100319,2017년 12월 18일 14시,월요일,강원도 영월군 영월읍,중상사고,0,1,0,1,차대차 - 측면충돌,안전운전불이행,적설,눈,단일로 - 교량,승용,남,41세,부상신고,승용,남,44세,중상
2017121800100320,2017년 12월 18일 14시,월요일,강원도 홍천군 홍천읍,경상사고,0,0,1,1,차대차 - 기타,안전운전불이행,젖음/습기,눈,단일로 - 기타,승용,남,49세,부상신고,화물,남,48세,경상
2017121800100346,2017년 12월 18일 15시,월요일,강원도 동해시 천곡동,경상사고,0,0,1,0,차대차 - 후진중충돌,안전운전불이행,건조,맑음,주차장 - 주차장,승용,여,33세,상해없음,승용,여,32세,상해없음
2017121800100373,2017년 12월 18일 16시,월요일,강원도 강릉시 옥천동,경상사고,0,0,1,0,차대사람 - 횡단중,안전운전불이행,건조,맑음,단일로 - 기타,승용,남,24세,상해없음,보행자,여,71세,경상
2017121800100374,2017년 12월 18일 16시,월요일,강원도 원주시 판부면,중상사고,0,1,0,0,차대사람 - 횡단중,안전운전불이행,건조,맑음,단일로 - 기타,화물,남,40세,상해없음,보행자,남,69세,중상
2017121800100375,2017년 12월 18일 16시,월요일,강원도 동해시 동회동,경상사고,0,0,1,0,차대사람 - 기타,안전운전불이행,건조,맑음,단일로 - 기타,승용,남,62세,상해없음,보행자,여,34세,경상
2017121800100395,2017년 12월 18일 17시,월요일,강원도 원주시 학성동,경상사고,0,0,1,0,차대차 - 측면충돌,안전운전불이행,건조,맑음,교차로 - 교차로부근,승합,남,60세,상해없음,승용,여,49세,경상
2017121800100396,2017년 12월 18일 17시,월요일,강원도 동해시 부곡동,경상사고,0,0,2,0,차대차 - 측면충돌,직진우회전진행방해,건조,맑음,교차로 - 교차로안,화물,남,37세,상해없음,승용,남,65세,경상
2017121800100448,2017년 12월 18일 18시,월요일,강원도 춘천시 후평동,경상사고,0,0,1,0,차대차 - 측면충돌,안전운전불이행,건조,맑음,교차로 - 교차로안,승용,남,36세,상해없음,승용,여,35세,경상
2017121800100449,2017년 12월 18일 18시,월요일,강원도 원주시 우산동,경상사고,0,0,1,0,차대차 - 추돌,안전운전불이행,건조,맑음,단일로 - 기타,승용,남,29세,상해없음,승용,남,69세,경상
2017121800100494,2017년 12월 18일 19시,월요일,강원도 홍천군 홍천읍,중상사고,0,2,0,0,차대사람 - 횡단중,안전운전불이행,건조,맑음,교차로 - 교차로안,승용,여,55세,상해없음,보행자,남,63세,중상
2017121800100522,2017년 12월 18일 20시,월요일,강원도 원주시 학성동,경상사고,0,0,2,0,차대차 - 측면충돌,안전운전불이행,젖음/습기,눈,교차로 - 교차로부근,승용,남,40세,상해없음,승용,남,63세,경상
2017121800100523,2017년 12월 18일 20시,월요일,강원도 동해시 묵호진동,경상사고,0,0,1,0,차대차 - 기타,안전거리미확보,건조,맑음,단일로 - 기타,승용,남,35세,상해없음,승용,여,26세,경상
2017121800100571,2017년 12월 18일 22시,월요일,강원도 춘천시 근화동,경상사고,0,0,1,0,차대차 - 측면충돌,신호위반,젖음/습기,흐림,교차로 - 교차로안,승용,남,41세,상해없음,승용,여,31세,경상
2017121800100572,2017년 12월 18일 22시,월요일,강원도 춘천시 동면,경상사고,0,0,1,0,차대차 - 추돌,안전운전불이행,젖음/습기,흐림,단일로 - 기타,승용,남,33세,상해없음,승용,남,44세,경상
2017121800100592,2017년 12월 18일 23시,월요일,강원도 춘천시 퇴계동,경상사고,0,0,1,0,차대차 - 기타,안전운전불이행,서리/결빙,맑음,단일로 - 교량,승용,남,29세,상해없음,승용,남,63세,경상
2017121900100096,2017년 12월 19일 07시,화요일,강원도 춘천시 소양로4가,경상사고,0,0,1,0,차대차 - 측면충돌,안전운전불이행,건조,맑음,교차로 - 교차로안,승용,남,69세,상해없음,승용,남,26세,경상
2017121900100116,2017년 12월 19일 08시,화요일,강원도 춘천시 동내면,경상사고,0,0,2,0,차대차 - 추돌,안전운전불이행,적설,맑음,단일로 - 기타,승용,여,50세,상해없음,승용,여,51세,경상
2017121900100139,2017년 12월 19일 09시,화요일,강원도 춘천시 석사동,경상사고,0,0,2,0,차대차 - 추돌,안전거리미확보,젖음/습기,맑음,단일로 - 기타,승용,남,30세,상해없음,승합,남,63세,경상
2017121900100140,2017년 12월 19일 09시,화요일,강원도 춘천시 우두동,부상신고사고,0,0,0,1,차대차 - 측면충돌,안전운전불이행,건조,맑음,교차로 - 교차로안,화물,남,55세,상해없음,승용,여,30세,부상신고
2017121900100160,2017년 12월 19일 10시,화요일,강원도 홍천군 홍천읍,경상사고,0,0,1,0,차대차 - 측면충돌,직진우회전진행방해,서리/결빙,맑음,교차로 - 교차로안,건설기계,남,49세,상해없음,승용,남,26세,경상
2017121900100189,2017년 12월 19일 11시,화요일,강원도 강릉시 포남동,경상사고,0,0,1,0,차대차 - 추돌,안전운전불이행,건조,맑음,교차로 - 교차로부근,승용,남,27세,상해없음,승용,여,55세,경상