사고번호,사고일시,요일,시군구,사고내용,사망자수,중상자수,경상자수,부상신고자수,사고유형,법규위반,노면상태,기상상태,도로형태,가해운전자 차종,가해운전자 성별,가해운전자 연령,가해운전자 상해정도,피해운전자 차종,피해운전자 성별,피해운전자 연령,피해운전자 상해정도
2017121900100190,2017년 12월 19일 11시,화요일,강원도 강릉시 초당동,경상사고,0,0,1,0,차대차 - 추돌,안전운전불이행,건조,맑음,단일로 - 기타,화물,남,36세,상해없음,승용,남,49세,경상
2017121900100216,2017년 12월 19일 12시,화요일,강원도 원주시 문막읍,중상사고,0,1,0,0,차대차 - 측면충돌,교차로운행방법위반,적설,맑음,교차로 - 교차로안,건설기계,남,69세,상해없음,승용,남,44세,중상
2017121900100243,2017년 12월 19일 13시,화요일,강원도 춘천시 낙원동,경상사고,0,0,1,0,차대차 - 측면충돌,안전운전불이행,건조,맑음,단일로 - 기타,승용,남,32세,상해없음,승용,남,55세,경상
2017121900100272,2017년 12월 19일 14시,화요일,강원도 원주시 무실동,경상사고,0,0,1,0,차대차 - 후진중충돌,안전운전불이행,건조,맑음,주차장 - 주차장,승용,남,51세,상해없음,승용,여,20세,경상
2017121900100311,2017년 12월 19일 15시,화요일,강원도 춘천시 중앙로1가,경상사고,0,0,2,0,차대차 - 추돌,안전거리미확보,건조,맑음,단일로 - 기타,승용,여,33세,상해없음,화물,여,52세,경상
2017121900100352,2017년 12월 19일 16시,화요일,강원도 원주시 문막읍,중상사고,0,1,0,0,차대사람 - 기타,안전운전불이행,건조,맑음,교차로 - 교차로안,승용,남,60세,상해없음,보행자,여,78세,중상
2017121900100353,2017년 12월 19일 16시,화요일,강원도 고성군 토성면,경상사고,0,0,1,0,차대차 - 정면충돌,직진우회전진행방해,건조,맑음,교차로 - 교차로안,화물,남,75세,상해없음,화물,남,60세,경상
2017121900100388,2017년 12월 19일 17시,화요일,강원도 원주시 학성동,경상사고,0,0,1,0,차대차 - 측면충돌,안전운전불이행,건조,맑음,교차로 - 교차로안,화물,남,66세,상해없음,승용,남,70세,상해없음
2017121900100389,2017년 12월 19일 17시,화요일,강원도 동해시 송정동,중상사고,0,1,0,0,차대차 - 측면충돌,교차로운행방법위반,건조,맑음,교차로 - 교차로안,화물,남,77세,상해없음,승용,여,48세,중상
2017121900100514,2017년 12월 19일 20시,화요일,강원도 원주시 일산동,중상사고,0,1,0,0,차대사람 - 횡단중,보행자보호의무위반,건조,맑음,단일로 - 기타,승용,여,31세,상해없음,보행자,여,59세,중상
2017121900100565,2017년 12월 19일 22시,화요일,강원도 춘천시 후평동,경상사고,0,0,1,0,차대차 - 측면충돌,안전운전불이행,건조,맑음,단일로 - 기타,기타불명,기타불명,미분류,기타불명,승용,남,33세,경상
2017121900100566,2017년 12월 19일 22시,화요일,강원도 원주시 무실동,경상사고,0,0,4,0,차대차 - 추돌,안전거리미확보,건조,맑음,교차로 - 교차로부근,승용,남,38세,상해없음,승용,여,44세,경상
2017122000100046,2017년 12월 20일 00시,수요일,강원도 원주시 반곡동,중상사고,0,2,0,0,차대차 - 측면충돌,신호위반,건조,맑음,교차로 - 교차로안,승용,남,26세,기타불명,승용,여,36세,중상
2017122000100047,2017년 12월 20일 00시,수요일,강원도 홍천군 홍천읍,중상사고,0,1,0,0,차대사람 - 횡단중,안전운전불이행,건조,맑음,단일로 - 기타,승용,남,40세,상해없음,보행자,남,48세,중상
2017122000100074,2017년 12월 20일 02시,수요일,강원도 원주시 단계동,경상사고,0,0,2,0,차대차 - 측면충돌,안전운전불이행,건조,맑음,교차로 - 교차로안,승용,남,47세,상해없음,승용,남,34세,경상
2017122000100111,2017년 12월 20일 06시,수요일,강원도 원주시 문막읍,중상사고,0,1,2,0,차대차 - 추돌,안전운전불이행,건조,맑음,교차로 - 교차로부근,승용,여,20세,상해없음,승용,여,56세,중상
2017122000100130,2017년 12월 20일 07시,수요일,강원도 춘천시 석사동,경상사고,0,0,3,0,차대차 - 추돌,안전운전불이행,건조,맑음,단일로 - 기타,승용,남,45세,상해없음,승용,남,35세,경상
2017122000100131,2017년 12월 20일 07시,수요일,강원도 원주시 태장동,경상사고,0,0,1,0,차대차 - 측면충돌,안전운전불이행,건조,맑음,교차로 - 교차로안,승용,여,33세,상해없음,화물,남,51세,경상
2017122000100160,2017년 12월 20일 08시,수요일,강원도 원주시 관설동,중상사고,0,1,0,0,차대차 - 측면충돌,안전운전불이행,건조,흐림,교차로 - 교차로안,승용,남,65세,상해없음,승용,여,42세,중상
2017122000100161,2017년 12월 20일 08시,수요일,강원도 속초시 교동,경상사고,0,0,1,0,차대사람 - 차도통행중,안전운전불이행,건조,맑음,단일로 - 기타,승용,여,53세,상해없음,보행자,남,72세,경상
2017122000100233,2017년 12월 20일 10시,수요일,강원도 춘천시 운교동,경상사고,0,0,1,0,차대차 - 기타,안전거리미확보,건조,맑음,교차로 - 교차로부근,승용,남,75세,상해없음,승합,남,44세,상해없음
2017122000100261,2017년 12월 20일 11시,수요일,강원도 원주시 중앙동,중상사고,0,1,0,0,차대사람 - 횡단중,신호위반,건조,맑음,교차로 - 교차로안,승용,여,32세,상해없음,보행자,남,18세,중상
2017122000100262,2017년 12월 20일 11시,수요일,강원도 삼척시 원덕읍,경상사고,0,0,1,0,차대차 - 측면충돌,안전운전불이행,건조,맑음,단일로 - 기타,건설기계,남,31세,상해없음,승용,여,57세,경상
2017122000100263,2017년 12월 20일 11시,수요일,강원도 태백시 황지동,경상사고,0,0,1,0,차대차 - 기타,차로위반,서리/결빙,맑음,단일로 - 기타,승용,남,36세,상해없음,승용,남,65세,상해없음
2017122000100288,2017년 12월 20일 12시,수요일,강원도 원주시 신림면,경상사고,0,0,1,0,차대차 - 측면충돌,중앙선침범,건조,맑음,단일로 - 기타,승용,여,48세,상해없음,승용,남,25세,경상
2017122000100289,2017년 12월 20일 12시,수요일,강원도 평창군 진부면,경상사고,0,0,2,0,차대차 - 측면충돌,안전운전불이행,건조,맑음,교차로 - 교차로안,승용,여,23세,경상,승용,남,53세,경상
2017122000100351,2017년 12월 20일 14시,수요일,강원도 강릉시 유천동,경상사고,0,0,2,0,차대차 - 측면충돌,신호위반,건조,맑음,교차로 - 교차로안,승용,여,44세,상해없음,승용,남,27세,경상
2017122000100379,2017년 12월 20일 15시,수요일,강원도 속초시 조양동,중상사고,0,1,0,0,차대사람 - 길가장자리구역통행중,안전운전불이행,건조,맑음,단일로 - 기타,승용,남,65세,상해없음,보행자,여,17세,중상
2017122000100380,2017년 12월 20일 15시,수요일,강원도 속초시 조양동,경상사고,0,0,1,0,차대차 - 측면충돌,안전운전불이행,건조,맑음,교차로 - 교차로안,승용,남,73세,상해없음,승용,여,54세,경상
2017122000100381,2017년 12월 20일 15시,수요일,강원도 평창군 진부면,경상사고,0,0,1,0,차대사람 - 횡단중,안전운전불이행,건조,맑음,단일로 - 기타,승용,여,58세,상해없음,보행자,여,64세,경상
2017122000100407,2017년 12월 20일 16시,수요일,강원도 원주시 일산동,경상사고,0,0,1,0,차대사람 - 기타,안전운전불이행,건조,맑음,교차로 - 교차로안,화물,남,37세,상해없음,보행자,여,21세,경상
2017122000100438,2017년 12월 20일 17시,수요일,강원도 춘천시 효자동,경상사고,0,0,1,0,차대차 - 기타,안전운전불이행,건조,맑음,교차로 - 교차로부근,승용,남,21세,상해없음,이륜,남,35세,경상
2017122000100439,2017년 12월 20일 17시,수요일,강원도 원주시 태장동,중상사고,0,1,0,0,차대차 - 측면충돌,교차로운행방법위반,건조,맑음,교차로 - 교차로안,승용,남,62세,상해없음,승용,남,71세,중상
2017122000100440,2017년 12월 20일 17시,수요일,강원도 원주시 관설동,경상사고,0,0,1,0,차대사람 - 횡단중,보행자보호의무위반,건조,맑음,단일로 - 기타,승용,남,33세,상해없음,보행자,남,10세,경상
2017122000100441,2017년 12월 20일 17시,수요일,강원도 강릉시 주문진읍,경상사고,0,0,3,0,차대차 - 추돌,안전운전불이행,건조,맑음,단일로 - 기타,승용,남,42세,상해없음,승용,여,47세,경상
2017122000100484,2017년 12월 20일 18시,수요일,강원도 춘천시 온의동,경상사고,0,0,1,0,차대사람 - 횡단중,보행자보호의무위반,적설,눈,교차로 - 교차로횡단보도내,승용,남,54세,상해없음,보행자,여,24세,경상
2017122000100485,2017년 12월 20일 18시,수요일,강원도 강릉시 입암동,경상사고,0,0,2,0,차대차 - 후진중충돌,안전운전불이행,건조,맑음,단일로 - 기타,화물,남,58세,상해없음,승용,남,53세,경상
2017122000100486,2017년 12월 20일 18시,수요일,강원도 원주시 단구동,경상사고,0,0,1,0,차대차 - 측면충돌,안전운전불이행,건조,맑음,교차로 - 교차로안,승용,남,31세,상해없음,승용,남,61세,경상
2017122000100487,2017년 12월 20일 18시,수요일,강원도 삼척시 교동,경상사고,0,0,1,0,차대차 - 측면충돌,직진우회전진행방해,건조,맑음,교차로 - 교차로안,승용,남,60세,상해없음,승용,여,41세,경상
2017122100100035,2017년 12월 21일 00시,목요일,강원도 춘천시 후평동,경상사고,0,0,1,0,차대차 - 추돌,안전운전불이행,적설,흐림,단일로 - 기타,승용,남,28세,상해없음,승용,남,41세,경상
2017122100100036,2017년 12월 21일 00시,목요일,강원도 춘천시 동산면,경상사고,0,0,1,0,차대차 - 정면충돌,중앙선침범,젖음/습기,눈,단일로 - 기타,승용,남,47세,상해없음,승용,여,41세,경상
2017122100100050,2017년 12월 21일 01시,목요일,강원도 춘천시 온의동,중상사고,0,1,2,0,차대차 - 측면충돌,안전운전불이행,젖음/습기,맑음,교차로 - 교차로안,승용,남,19세,상해없음,승용,남,32세,경상
2017122100100064,2017년 12월 21일 02시,목요일,강원도 춘천시 남면,부상신고사고,0,0,0,1,차대차 - 추돌,안전운전불이행,건조,맑음,단일로 - 기타,화물,남,35세,부상신고,화물,남,61세,상해없음
2017122100100148,2017년 12월 21일 08시,목요일,강원도 강릉시 남문동,경상사고,0,0,1,0,차대차 - 정면충돌,안전운전불이행,건조,맑음,단일로 - 기타,승용,남,27세,상해없음,승용,남,52세,경상
2017122100100149,2017년 12월 21일 08시,목요일,강원도 영월군 영월읍,경상사고,0,0,1,0,차대차 - 측면충돌,안전운전불이행,서리/결빙,맑음,교차로 - 교차로안,승용,남,25세,상해없음,화물,남,55세,경상
2017122100100194,2017년 12월 21일 09시,목요일,강원도 철원군 동송읍,중상사고,0,1,0,0,차대차 - 추돌,안전운전불이행,서리/결빙,맑음,단일로 - 기타,승용,남,27세,상해없음,승용,여,51세,중상
2017122100100195,2017년 12월 21일 09시,목요일,강원도 동해시 천곡동,중상사고,0,1,0,0,차대차 - 측면충돌,안전운전불이행,건조,맑음,단일로 - 기타,승용,여,66세,중상,승용,남,48세,상해없음
2017122100100196,2017년 12월 21일 09시,목요일,강원도 원주시 문막읍,경상사고,0,0,1,0,차대차 - 추돌,안전거리미확보,젖음/습기,흐림,단일로 - 기타,화물,남,55세,상해없음,승용,여,54세,경상
2017122100100267,2017년 12월 21일 11시,목요일,강원도 춘천시 근화동,경상사고,0,0,1,0,차대차 - 측면충돌,안전운전불이행,젖음/습기,맑음,단일로 - 기타,승용,남,65세,상해없음,승합,남,34세,경상
2017122100100312,2017년 12월 21일 13시,목요일,강원도 강릉시 주문진읍,중상사고,0,1,0,0,차대사람 - 횡단중,안전운전불이행,건조,맑음,단일로 - 기타,승용,남,51세,상해없음,보행자,여,47세,중상
2017122100100363,2017년 12월 21일 15시,목요일,강원도 원주시 반곡동,경상사고,0,0,1,0,차대차 - 측면충돌,직진우회전진행방해,건조,맑음,교차로 - 교차로안,승용,여,40세,상해없음,승용,여,48세,경상
2017122100100443,2017년 12월 21일 17시,목요일,강원도 강릉시 강동면,경상사고,0,0,1,0,차대사람 - 기타,안전운전불이행,건조,맑음,주차장 - 주차장,승용,여,42세,상해없음,보행자,남,41세,경상
2017122100100444,2017년 12월 21일 17시,목요일,강원도 원주시 단구동,경상사고,0,0,1,0,차대차 - 측면충돌,안전운전불이행,건조,맑음,단일로 - 기타,승용,여,42세,상해없음,승용,여,38세,경상
2017122100100445,2017년 12월 21일 17시,목요일,강원도 원주시 태장동,중상사고,0,1,0,0,차대사람 - 기타,안전운전불이행,건조,맑음,단일로 - 기타,건설기계,남,56세,상해없음,보행자,남,50세,중상
2017122100100446,2017년 12월 21일 17시,목요일,강원도 춘천시 동산면,사망사고,1,1,1,0,차량단독 - 공작물충돌,안전운전불이행,젖음/습기,맑음,단일로 - 기타,화물,남,71세,경상,,,,
2017122100100486,2017년 12월 21일 18시,목요일,강원도 춘천시 동산면,사망사고,1,0,0,0,차량단독 - 공작물충돌,안전운전불이행,건조,맑음,단일로 - 기타,승용,남,51세,사망,,,,
2017122100100487,2017년 12월 21일 18시,목요일,강원도 원주시 명륜동,중상사고,0,1,0,0,차대사람 - 횡단중,안전운전불이행,건조,맑음,교차로 - 교차로횡단보도내,승용,남,57세,상해없음,보행자,남,65세,중상
2017122100100488,2017년 12월 21일 18시,목요일,강원도 철원군 서면,경상사고,0,0,3,0,차대차 - 측면충돌,직진우회전진행방해,건조,맑음,교차로 - 교차로안,화물,남,50세,상해없음,승용,남,31세,경상
2017122100100549,2017년 12월 21일 19시,목요일,강원도 속초시 교동,중상사고,0,1,0,0,차대사람 - 횡단중,안전운전불이행,건조,맑음,단일로 - 기타,승용,남,55세,상해없음,보행자,여,58세,중상
2017122100100587,2017년 12월 21일 20시,목요일,강원도 강릉시 옥천동,경상사고,0,0,1,0,차대사람 - 횡단중,보행자보호의무위반,건조,맑음,단일로 - 기타,화물,남,72세,상해없음,보행자,남,70세,경상
2017122200100048,2017년 12월 22일 00시,금요일,강원도 원주시 봉산동,경상사고,0,0,1,0,차대차 - 측면충돌,중앙선침범,건조,맑음,단일로 - 기타,화물,남,43세,상해없음,승용,남,35세,경상
2017122200100106,2017년 12월 22일 04시,금요일,강원도 춘천시 효자동,중상사고,0,1,1,0,차대차 - 측면충돌,신호위반,건조,맑음,교차로 - 교차로안,이륜,남,19세,중상,승용,남,57세,경상
2017122200100195,2017년 12월 22일 08시,금요일,강원도 태백시 황지동,경상사고,0,0,1,0,차대차 - 측면충돌,교차로운행방법위반,건조,맑음,교차로 - 교차로안,승용,여,45세,상해없음,승용,남,66세,경상
2017122200100196,2017년 12월 22일 08시,금요일,강원도 동해시 발한동,중상사고,0,1,0,0,차대차 - 정면충돌,신호위반,건조,맑음,교차로 - 교차로안,승용,여,50세,상해없음,승용,여,34세,중상
2017122200100227,2017년 12월 22일 09시,금요일,강원도 원주시 단계동,중상사고,0,1,0,0,차대차 - 측면충돌,안전운전불이행,건조,맑음,교차로 - 교차로안,승용,남,80세,상해없음,승용,여,53세,중상
2017122200100252,2017년 12월 22일 10시,금요일,강원도 양구군 양구읍,경상사고,0,0,1,0,차대사람 - 기타,안전운전불이행,건조,맑음,기타 - 기타,승용,남,56세,상해없음,보행자,남,61세,경상
2017122200100279,2017년 12월 22일 11시,금요일,강원도 정선군 임계면,경상사고,0,0,2,0,차대차 - 기타,중앙선침범,건조,맑음,단일로 - 기타,화물,남,68세,상해없음,화물,남,66세,경상
2017122200100310,2017년 12월 22일 12시,금요일,강원도 홍천군 내면,경상사고,0,0,1,0,차대사람 - 차도통행중,안전운전불이행,젖음/습기,맑음,단일로 - 기타,건설기계,남,34세,상해없음,보행자,여,62세,경상
2017122200100311,2017년 12월 22일 12시,금요일,강원도 횡성군 횡성읍,경상사고,0,0,1,0,차대차 - 측면충돌,안전운전불이행,건조,맑음,교차로 - 교차로안,승용,남,62세,상해없음,승용,여,31세,경상
2017122200100342,2017년 12월 22일 13시,금요일,강원도 춘천시 신동면,경상사고,0,0,2,0,차대차 - 측면충돌,차로위반,건조,맑음,단일로 - 기타,승용,여,47세,상해없음,승용,여,59세,경상
2017122200100343,2017년 12월 22일 13시,금요일,강원도 인제군 인제읍,중상사고,0,1,1,0,차대차 - 측면충돌,안전운전불이행,건조,맑음,교차로 - 교차로안,승용,남,61세,상해없음,화물,남,49세,경상
2017122200100374,2017년 12월 22일 14시,금요일,강원도 정선군 정선읍,중상사고,0,1,1,0,차대사람 - 횡단중,보행자보호의무위반,건조,맑음,단일로 - 기타,승용,남,55세,상해없음,보행자,여,78세,중상
2017122200100405,2017년 12월 22일 15시,금요일,강원도 원주시 원동,중상사고,0,1,0,0,차대차 - 측면충돌,안전운전불이행,건조,맑음,교차로 - 교차로부근,승용,남,68세,상해없음,자전거,남,79세,중상
2017122200100406,2017년 12월 22일 15시,금요일,강원도 속초시 조양동,중상사고,0,1,0,0,차대차 - 추돌,안전운전불이행,건조,맑음,교차로 - 교차로부근,승용,남,34세,상해없음,이륜,남,82세,중상
2017122200100435,2017년 12월 22일 16시,금요일,강원도 강릉시 교동,경상사고,0,0,1,0,차대사람 - 횡단중,안전운전불이행,건조,맑음,단일로 - 기타,승용,남,44세,상해없음,보행자,남,7세,경상
2017122200100474,2017년 12월 22일 17시,금요일,강원도 춘천시 석사동,경상사고,0,0,1,0,차대차 - 기타,차로위반,젖음/습기,비,단일로 - 기타,기타불명,기타불명,미분류,기타불명,승용,여,62세,경상
2017122200100475,2017년 12월 22일 17시,금요일,강원도 원주시 단구동,경상사고,0,0,3,0,차대차 - 추돌,안전거리미확보,건조,맑음,교차로 - 교차로부근,승용,남,59세,상해없음,승용,남,62세,경상
2017122200100476,2017년 12월 22일 17시,금요일,강원도 철원군 갈말읍,중상사고,0,3,0,0,차대차 - 측면충돌,안전운전불이행,건조,맑음,교차로 - 교차로안,승용,여,68세,상해없음,화물,남,56세,중상
2017122200100539,2017년 12월 22일 18시,금요일,강원도 춘천시 후평동,경상사고,0,0,1,0,차대사람 - 횡단중,안전운전불이행,건조,맑음,단일로 - 기타,승용,여,47세,상해없음,보행자,여,18세,경상
2017122200100540,2017년 12월 22일 18시,금요일,강원도 춘천시 효자동,경상사고,0,0,1,0,차대차 - 측면충돌,안전거리미확보,건조,맑음,교차로 - 교차로부근,승용,여,76세,상해없음,승합,여,66세,경상
2017122200100614,2017년 12월 22일 19시,금요일,강원도 인제군 북면,중상사고,0,1,0,0,차대사람 - 차도통행중,보행자보호의무위반,건조,맑음,교차로 - 교차로부근,승용,남,34세,상해없음,보행자,남,51세,중상
2017122200100615,2017년 12월 22일 19시,금요일,강원도 동해시 쇄운동,경상사고,0,0,1,0,차대차 - 측면충돌,교차로운행방법위반,건조,맑음,교차로 - 교차로안,승용,남,29세,상해없음,승용,여,36세,경상
2017122200100665,2017년 12월 22일 20시,금요일,강원도 춘천시 석사동,경상사고,0,0,2,0,차대차 - 측면충돌,신호위반,건조,맑음,교차로 - 교차로부근,승합,남,29세,상해없음,승용,여,49세,경상
2017122200100703,2017년 12월 22일 21시,금요일,강원도 춘천시 석사동,경상사고,0,0,2,0,차대차 - 추돌,안전운전불이행,젖음/습기,맑음,단일로 - 기타,승용,남,46세,경상,승용,남,81세,경상
2017122200100739,2017년 12월 22일 22시,금요일,강원도 춘천시 후평동,경상사고,0,0,1,0,차대차 - 추돌,안전운전불이행,건조,맑음,교차로 - 교차로부근,승용,여,37세,상해없음,승용,남,61세,경상
2017122300100177,2017년 12월 23일 06시,토요일,강원도 원주시 문막읍,중상사고,0,1,0,0,차대사람 - 횡단중,보행자보호의무위반,건조,맑음,단일로 - 기타,화물,남,65세,상해없음,보행자,여,48세,중상
2017122300100256,2017년 12월 23일 10시,토요일,강원도 양양군 양양읍,중상사고,0,4,2,0,차대차 - 추돌,안전운전불이행,건조,맑음,단일로 - 기타,화물,남,80세,상해없음,승용,남,34세,중상
2017122300100315,2017년 12월 23일 12시,토요일,강원도 원주시 중앙동,경상사고,0,0,1,0,차대차 - 측면충돌,직진우회전진행방해,건조,맑음,교차로 - 교차로안,화물,남,54세,상해없음,승용,남,29세,경상
2017122300100316,2017년 12월 23일 12시,토요일,강원도 원주시 우산동,경상사고,0,0,2,0,차대차 - 측면충돌,안전거리미확보,건조,맑음,단일로 - 기타,화물,남,49세,상해없음,화물,남,29세,경상
2017122300100345,2017년 12월 23일 13시,토요일,강원도 속초시 교동,경상사고,0,0,1,0,차대차 - 추돌,안전운전불이행,건조,맑음,단일로 - 기타,승용,남,57세,상해없음,승용,남,25세,상해없음
2017122300100346,2017년 12월 23일 13시,토요일,강원도 정선군 정선읍,중상사고,0,1,0,0,차대사람 - 기타,안전운전불이행,건조,맑음,단일로 - 기타,승용,여,67세,상해없음,보행자,남,73세,중상
2017122300100439,2017년 12월 23일 16시,토요일,강원도 속초시 청학동,경상사고,0,0,1,0,차대차 - 추돌,안전운전불이행,건조,맑음,단일로 - 기타,승용,남,38세,상해없음,승용,남,62세,경상
2017122300100480,2017년 12월 23일 17시,토요일,강원도 춘천시 후평동,경상사고,0,0,1,0,차대차 - 기타,직진우회전진행방해,건조,맑음,교차로 - 교차로안,승용,여,39세,상해없음,이륜,남,24세,경상
2017122300100481,2017년 12월 23일 17시,토요일,강원도 춘천시 퇴계동,경상사고,0,0,1,0,차대사람 - 차도통행중,안전운전불이행,건조,맑음,단일로 - 기타,승용,남,49세,상해없음,보행자,남,34세,경상
2017122300100482,2017년 12월 23일 17시,토요일,강원도 강릉시 포남동,경상사고,0,0,1,0,차대차 - 기타,안전운전불이행,건조,맑음,교차로 - 교차로부근,화물,남,42세,상해없음,승용,여,45세,경상
2017122300100483,2017년 12월 23일 17시,토요일,강원도 양양군 현북면,경상사고,0,0,1,0,차대사람 - 기타,안전운전불이행,건조,맑음,주차장 - 주차장,승용,남,22세,상해없음,보행자,남,63세,경상
2017122300100484,2017년 12월 23일 17시,토요일,강원도 홍천군 두촌면,중상사고,0,1,0,0,차대사람 - 기타,안전운전불이행,건조,맑음,교차로 - 교차로횡단보도내,승용,남,65세,상해없음,보행자,여,46세,중상
2017122300100537,2017년 12월 23일 18시,토요일,강원도 춘천시 동면,경상사고,0,0,4,0,차대차 - 기타,신호위반,건조,맑음,교차로 - 교차로안,화물,남,56세,상해없음,승용,남,33세,경상
2017122300100538,2017년 12월 23일 18시,토요일,강원도 춘천시 석사동,중상사고,0,1,0,0,차대사람 - 횡단중,신호위반,건조,흐림,교차로 - 교차로횡단보도내,승용,여,51세,상해없음,보행자,남,16세,중상
2017122300100539,2017년 12월 23일 18시,토요일,강원도 동해시 천곡동,중상사고,0,1,0,0,차대차 - 측면충돌,차로위반,건조,맑음,단일로 - 기타,승용,여,47세,상해없음,승용,남,32세,중상
2017122300100624,2017년 12월 23일 20시,토요일,강원도 동해시 천곡동,경상사고,0,0,1,0,차대차 - 측면충돌,안전운전불이행,건조,맑음,단일로 - 기타,승용,남,69세,상해없음,승용,남,31세,상해없음
2017122300100658,2017년 12월 23일 21시,토요일,강원도 춘천시 후평동,중상사고,0,1,0,0,차대차 - 측면충돌,안전거리미확보,젖음/습기,흐림,단일로 - 기타,승용,여,50세,상해없음,이륜,남,25세,중상
2017122300100659,2017년 12월 23일 21시,토요일,강원도 원주시 무실동,경상사고,0,0,1,0,차대차 - 측면충돌,교차로운행방법위반,건조,맑음,교차로 - 교차로안,승용,남,39세,상해없음,이륜,남,24세,경상
2017122300100660,2017년 12월 23일 21시,토요일,강원도 원주시 단계동,경상사고,0,0,1,0,차대차 - 측면충돌,안전운전불이행,젖음/습기,비,교차로 - 교차로안,승합,남,58세,상해없음,승용,남,29세,경상
2017122400100074,2017년 12월 24일 02시,일요일,강원도 횡성군 둔내면,사망사고,1,0,0,0,차량단독 - 전도전복,안전운전불이행,서리/결빙,눈,단일로 - 기타,승용,남,23세,사망,미분류,미분류,미분류,미분류
2017122400100075,2017년 12월 24일 02시,일요일,강원도 고성군 토성면,경상사고,0,0,1,0,차대사람 - 기타,안전운전불이행,건조,맑음,단일로 - 기타,승용,남,61세,상해없음,보행자,남,61세,경상
2017122400100105,2017년 12월 24일 04시,일요일,강원도 춘천시 석사동,중상사고,0,1,0,0,차대사람 - 기타,안전운전불이행,건조,맑음,단일로 - 기타,승용,여,26세,상해없음,보행자,여,20세,중상
2017122400100141,2017년 12월 24일 07시,일요일,강원도 춘천시 근화동,중상사고,0,2,2,0,차대차 - 측면충돌,신호위반,젖음/습기,눈,교차로 - 교차로안,화물,남,41세,상해없음,승용,남,57세,경상
2017122400100184,2017년 12월 24일 11시,일요일,강원도 홍천군 홍천읍,중상사고,0,1,0,0,차대차 - 추돌,안전운전불이행,적설,눈,단일로 - 기타,승용,남,35세,상해없음,승용,남,33세,상해없음
2017122400100185,2017년 12월 24일 11시,일요일,강원도 홍천군 홍천읍,중상사고,0,3,1,0,차대차 - 추돌,안전운전불이행,적설,눈,단일로 - 기타,승용,여,27세,상해없음,승용,남,47세,경상
2017122400100186,2017년 12월 24일 11시,일요일,강원도 철원군 동송읍,중상사고,0,1,1,0,차대차 - 측면충돌,기타,젖음/습기,비,교차로 - 교차로안,승용,남,62세,중상,승용,남,29세,경상
2017122400100211,2017년 12월 24일 12시,일요일,강원도 태백시 혈동,중상사고,0,1,2,0,차대차 - 측면충돌,안전운전불이행,적설,눈,단일로 - 기타,승용,남,62세,상해없음,승용,남,48세,경상
2017122400100212,2017년 12월 24일 12시,일요일,강원도 인제군 북면,경상사고,0,0,1,0,차대차 - 정면충돌,안전운전불이행,적설,눈,단일로 - 기타,승합,남,57세,상해없음,승용,남,51세,상해없음
2017122400100232,2017년 12월 24일 13시,일요일,강원도 원주시 흥업면,중상사고,0,1,1,0,차대차 - 추돌,안전운전불이행,서리/결빙,눈,단일로 - 기타,승용,남,50세,상해없음,승용,여,44세,경상
2017122400100233,2017년 12월 24일 13시,일요일,강원도 횡성군 둔내면,부상신고사고,0,0,0,1,차대차 - 추돌,안전거리미확보,젖음/습기,눈,단일로 - 터널,승용,남,23세,상해없음,승용,남,41세,상해없음
2017122400100252,2017년 12월 24일 14시,일요일,강원도 영월군 영월읍,중상사고,0,1,0,2,차량단독 - 도로외이탈 - 추락,안전운전불이행,적설,눈,단일로 - 기타,화물,남,75세,부상신고,,,,
2017122400100253,2017년 12월 24일 14시,일요일,강원도 평창군 대화면,중상사고,0,1,2,0,차대차 - 정면충돌,안전운전불이행,적설,눈,단일로 - 기타,화물,남,69세,중상,승용,남,30세,경상
2017122400100254,2017년 12월 24일 14시,일요일,강원도 평창군 대화면,부상신고사고,0,0,0,1,차대차 - 측면충돌,안전운전불이행,적설,눈,단일로 - 기타,승용,남,55세,상해없음,승용,남,46세,부상신고
2017122400100294,2017년 12월 24일 16시,일요일,강원도 원주시 흥업면,경상사고,0,0,1,0,차대차 - 측면충돌,교차로운행방법위반,건조,맑음,교차로 - 교차로안,승용,남,24세,기타불명,승용,남,43세,경상
2017122400100315,2017년 12월 24일 17시,일요일,강원도 강릉시 포남동,경상사고,0,0,1,0,차대사람 - 횡단중,보행자보호의무위반,젖음/습기,비,교차로 - 교차로횡단보도내,승용,남,78세,상해없음,보행자,여,62세,경상
2017122400100316,2017년 12월 24일 17시,일요일,강원도 강릉시 포남동,경상사고,0,0,1,0,차대사람 - 횡단중,보행자보호의무위반,젖음/습기,비,단일로 - 기타,승용,여,26세,상해없음,보행자,여,55세,경상
2017122400100317,2017년 12월 24일 17시,일요일,강원도 속초시 교동,경상사고,0,0,1,0,차대차 - 기타,안전운전불이행,젖음/습기,비,단일로 - 기타,승용,남,26세,상해없음,승용,남,77세,경상
2017122400100352,2017년 12월 24일 18시,일요일,강원도 속초시 노학동,중상사고,0,1,0,0,차대사람 - 횡단중,안전운전불이행,젖음/습기,비,단일로 - 기타,승용,남,43세,상해없음,보행자,여,61세,중상