사고번호,사고일시,요일,시군구,사고내용,사망자수,중상자수,경상자수,부상신고자수,사고유형,법규위반,노면상태,기상상태,도로형태,가해운전자 차종,가해운전자 성별,가해운전자 연령,가해운전자 상해정도,피해운전자 차종,피해운전자 성별,피해운전자 연령,피해운전자 상해정도
2017122400100390,2017년 12월 24일 19시,일요일,강원도 강릉시 초당동,경상사고,0,0,4,0,차대차 - 기타,안전운전불이행,건조,맑음,교차로 - 교차로안,승용,남,69세,상해없음,승용,남,46세,경상
2017122400100391,2017년 12월 24일 19시,일요일,강원도 강릉시 홍제동,경상사고,0,0,2,0,차대차 - 기타,안전운전불이행,건조,맑음,단일로 - 기타,승용,여,60세,상해없음,승용,남,30세,경상
2017122400100392,2017년 12월 24일 19시,일요일,강원도 동해시 발한동,경상사고,0,0,1,0,차대사람 - 차도통행중,안전운전불이행,젖음/습기,비,단일로 - 기타,승용,남,39세,상해없음,보행자,남,67세,경상
2017122400100417,2017년 12월 24일 20시,일요일,강원도 원주시 단구동,경상사고,0,0,1,0,차대차 - 기타,안전운전불이행,서리/결빙,눈,단일로 - 기타,승용,남,58세,상해없음,이륜,남,33세,경상
2017122500100124,2017년 12월 25일 11시,월요일,강원도 원주시 단구동,경상사고,0,0,1,0,차대차 - 측면충돌,신호위반,건조,맑음,교차로 - 교차로안,승용,남,58세,상해없음,승용,남,54세,경상
2017122500100164,2017년 12월 25일 13시,월요일,강원도 강릉시 성산면,중상사고,0,1,0,0,차대차 - 측면충돌,안전운전불이행,건조,맑음,교차로 - 교차로횡단보도내,화물,여,52세,상해없음,자전거,남,69세,중상
2017122500100165,2017년 12월 25일 13시,월요일,강원도 양양군 강현면,경상사고,0,0,1,0,차대차 - 추돌,안전운전불이행,건조,맑음,교차로 - 교차로부근,승용,여,54세,상해없음,승용,남,55세,경상
2017122500100221,2017년 12월 25일 15시,월요일,강원도 화천군 간동면,경상사고,0,0,3,0,차대차 - 측면충돌,안전운전불이행,건조,맑음,교차로 - 교차로안,승용,남,54세,상해없음,승용,남,64세,경상
2017122500100237,2017년 12월 25일 16시,월요일,강원도 춘천시 우두동,경상사고,0,0,1,0,차대차 - 추돌,안전거리미확보,건조,맑음,단일로 - 기타,승용,남,57세,상해없음,승용,남,58세,상해없음
2017122500100264,2017년 12월 25일 17시,월요일,강원도 춘천시 효자동,경상사고,0,0,1,0,차대사람 - 횡단중,안전운전불이행,건조,맑음,단일로 - 기타,이륜,남,23세,상해없음,보행자,여,61세,경상
2017122500100295,2017년 12월 25일 18시,월요일,강원도 속초시 중앙동,중상사고,0,2,0,0,차대차 - 측면충돌,신호위반,건조,맑음,기타 - 기타,승용,남,49세,상해없음,승용,남,31세,중상
2017122500100321,2017년 12월 25일 19시,월요일,강원도 춘천시 우두동,경상사고,0,0,4,0,차대차 - 기타,신호위반,건조,맑음,교차로 - 교차로안,화물,남,77세,상해없음,승용,여,65세,경상
2017122500100377,2017년 12월 25일 22시,월요일,강원도 원주시 단계동,경상사고,0,0,2,0,차대차 - 측면충돌,안전운전불이행,건조,맑음,교차로 - 교차로안,승용,남,22세,상해없음,승용,남,24세,경상
2017122500100378,2017년 12월 25일 22시,월요일,강원도 동해시 평릉동,경상사고,0,0,3,0,차대차 - 측면충돌,신호위반,건조,맑음,교차로 - 교차로안,승용,남,55세,상해없음,승용,남,20세,상해없음
2017122600100042,2017년 12월 26일 01시,화요일,강원도 동해시 망상동,사망사고,1,0,1,0,차대차 - 추돌,안전거리미확보,건조,맑음,단일로 - 기타,승용,남,23세,사망,화물,남,48세,경상
2017122600100142,2017년 12월 26일 08시,화요일,강원도 평창군 평창읍,경상사고,0,0,6,0,차대차 - 측면충돌,중앙선침범,건조,맑음,단일로 - 기타,승용,남,30세,경상,특수,남,34세,경상
2017122600100172,2017년 12월 26일 09시,화요일,강원도 속초시 조양동,경상사고,0,0,1,0,차대차 - 측면충돌,직진우회전진행방해,건조,맑음,교차로 - 교차로안,승용,남,60세,상해없음,승용,여,27세,경상
2017122600100195,2017년 12월 26일 10시,화요일,강원도 춘천시 우두동,경상사고,0,0,3,0,차대차 - 추돌,안전거리미확보,건조,맑음,단일로 - 교량,승용,남,53세,상해없음,승용,여,31세,경상
2017122600100257,2017년 12월 26일 12시,화요일,강원도 삼척시 우지동,중상사고,0,1,0,0,차대차 - 추돌,안전거리미확보,건조,맑음,단일로 - 기타,승용,남,25세,상해없음,승용,남,56세,중상
2017122600100286,2017년 12월 26일 13시,화요일,강원도 삼척시 등봉동,경상사고,0,0,1,0,차대차 - 측면충돌,신호위반,건조,맑음,교차로 - 교차로안,승용,남,63세,상해없음,승용,여,66세,경상
2017122600100315,2017년 12월 26일 14시,화요일,강원도 강릉시 옥계면,경상사고,0,0,1,0,차대차 - 측면충돌,신호위반,건조,맑음,교차로 - 교차로안,승용,남,57세,상해없음,화물,남,44세,경상
2017122600100316,2017년 12월 26일 14시,화요일,강원도 양양군 손양면,경상사고,0,0,2,0,차대차 - 추돌,안전운전불이행,건조,맑음,단일로 - 기타,화물,남,65세,상해없음,승용,남,63세,경상
2017122600100373,2017년 12월 26일 16시,화요일,강원도 원주시 단계동,경상사고,0,0,1,0,차대차 - 측면충돌,안전운전불이행,건조,맑음,단일로 - 기타,승용,여,40세,상해없음,승용,남,44세,경상
2017122600100374,2017년 12월 26일 16시,화요일,강원도 정선군 임계면,중상사고,0,1,0,0,차량단독 - 전도전복,안전운전불이행,서리/결빙,맑음,단일로 - 기타,승용,남,46세,상해없음,미분류,미분류,미분류,미분류
2017122600100416,2017년 12월 26일 17시,화요일,강원도 원주시 단구동,경상사고,0,0,1,0,차대차 - 추돌,안전운전불이행,건조,맑음,교차로 - 교차로부근,승합,남,43세,상해없음,승용,남,34세,경상
2017122600100549,2017년 12월 26일 21시,화요일,강원도 원주시 태장동,중상사고,0,1,0,0,차대사람 - 차도통행중,안전운전불이행,건조,맑음,단일로 - 기타,승용,남,44세,상해없음,보행자,남,50세,중상
2017122600100577,2017년 12월 26일 22시,화요일,강원도 삼척시 남양동,경상사고,0,0,2,0,차대차 - 측면충돌,안전거리미확보,건조,맑음,단일로 - 기타,승용,남,23세,상해없음,승용,남,73세,경상
2017122600100578,2017년 12월 26일 22시,화요일,강원도 동해시 이도동,경상사고,0,0,1,0,차대차 - 측면충돌,신호위반,건조,맑음,교차로 - 교차로안,승용,여,43세,상해없음,승용,남,31세,경상
2017122700100044,2017년 12월 27일 01시,수요일,강원도 강릉시 성남동,경상사고,0,0,1,0,차대차 - 측면충돌,안전운전불이행,건조,맑음,교차로 - 교차로안,승용,남,19세,상해없음,승용,남,46세,경상
2017122700100121,2017년 12월 27일 08시,수요일,강원도 춘천시 우두동,중상사고,0,1,1,0,차대차 - 측면충돌,신호위반,건조,맑음,교차로 - 교차로안,승용,여,39세,중상,화물,남,54세,경상
2017122700100122,2017년 12월 27일 08시,수요일,강원도 원주시 우산동,경상사고,0,0,1,0,차대차 - 정면충돌,신호위반,건조,맑음,교차로 - 교차로안,승용,여,46세,상해없음,승용,여,23세,경상
2017122700100123,2017년 12월 27일 08시,수요일,강원도 평창군 봉평면,경상사고,0,0,3,0,차대차 - 측면충돌,안전운전불이행,기타,맑음,교차로 - 교차로안,승용,남,44세,경상,승용,남,30세,경상
2017122700100146,2017년 12월 27일 09시,수요일,강원도 원주시 흥업면,경상사고,0,0,2,1,차대차 - 추돌,직진우회전진행방해,건조,맑음,교차로 - 교차로안,승용,남,67세,부상신고,승용,남,34세,경상
2017122700100196,2017년 12월 27일 11시,수요일,강원도 강릉시 교동,경상사고,0,0,1,0,차대차 - 추돌,안전운전불이행,건조,맑음,단일로 - 기타,승용,남,41세,상해없음,승용,여,44세,경상
2017122700100222,2017년 12월 27일 12시,수요일,강원도 양양군 양양읍,경상사고,0,0,1,0,차대차 - 추돌,안전운전불이행,건조,맑음,단일로 - 기타,승용,남,79세,상해없음,승용,남,50세,경상
2017122700100299,2017년 12월 27일 15시,수요일,강원도 춘천시 동면,경상사고,0,0,1,0,차대사람 - 횡단중,보행자보호의무위반,건조,맑음,단일로 - 기타,승용,여,46세,상해없음,보행자,남,61세,경상
2017122700100300,2017년 12월 27일 15시,수요일,강원도 삼척시 도계읍,중상사고,0,1,0,0,차량단독 - 공작물충돌,안전운전불이행,건조,맑음,단일로 - 기타,화물,남,41세,중상,,,,
2017122700100327,2017년 12월 27일 16시,수요일,강원도 춘천시 교동,중상사고,0,1,0,0,차대사람 - 횡단중,안전운전불이행,건조,맑음,단일로 - 기타,승용,남,70세,상해없음,보행자,여,22세,중상
2017122700100328,2017년 12월 27일 16시,수요일,강원도 강릉시 주문진읍,경상사고,0,0,1,0,차대사람 - 기타,보행자보호의무위반,건조,맑음,교차로 - 교차로부근,승용,남,28세,상해없음,보행자,여,9세,경상
2017122700100358,2017년 12월 27일 17시,수요일,강원도 횡성군 둔내면,중상사고,0,3,0,0,차대차 - 추돌,안전운전불이행,건조,맑음,단일로 - 기타,승용,여,49세,상해없음,화물,남,60세,중상
2017122700100404,2017년 12월 27일 18시,수요일,강원도 춘천시 석사동,경상사고,0,0,1,0,차대사람 - 횡단중,안전운전불이행,건조,맑음,교차로 - 교차로부근,승합,남,35세,상해없음,보행자,남,58세,경상
2017122700100405,2017년 12월 27일 18시,수요일,강원도 동해시 천곡동,경상사고,0,0,1,0,차대차 - 측면충돌,안전운전불이행,건조,맑음,단일로 - 기타,승용,남,34세,상해없음,이륜,남,21세,경상
2017122700100443,2017년 12월 27일 19시,수요일,강원도 원주시 태장동,경상사고,0,0,1,0,차대차 - 측면충돌,안전운전불이행,건조,맑음,교차로 - 교차로부근,화물,남,49세,상해없음,승용,남,23세,경상
2017122700100479,2017년 12월 27일 20시,수요일,강원도 춘천시 퇴계동,경상사고,0,0,1,0,차대사람 - 횡단중,신호위반,건조,맑음,교차로 - 교차로횡단보도내,승용,남,59세,상해없음,보행자,여,30세,경상
2017122700100480,2017년 12월 27일 20시,수요일,강원도 동해시 평릉동,경상사고,0,0,1,0,차대차 - 측면충돌,안전운전불이행,건조,맑음,교차로 - 교차로부근,승용,여,32세,상해없음,이륜,남,23세,경상
2017122700100532,2017년 12월 27일 22시,수요일,강원도 평창군 봉평면,경상사고,0,0,1,0,차대차 - 측면충돌,안전운전불이행,서리/결빙,맑음,기타 - 기타,승용,남,21세,상해없음,승용,여,45세,경상
2017122800100050,2017년 12월 28일 01시,목요일,강원도 춘천시 효자동,경상사고,0,0,1,0,차대차 - 측면충돌,중앙선침범,건조,맑음,단일로 - 기타,승용,남,59세,상해없음,이륜,남,24세,경상
2017122800100107,2017년 12월 28일 07시,목요일,강원도 춘천시 효자동,경상사고,0,0,1,0,차대차 - 측면충돌,안전운전불이행,건조,맑음,교차로 - 교차로안,승용,남,67세,상해없음,승용,남,27세,경상
2017122800100123,2017년 12월 28일 08시,목요일,강원도 홍천군 북방면,경상사고,0,0,1,0,차대차 - 추돌,안전운전불이행,건조,맑음,단일로 - 교량,승용,남,54세,상해없음,승용,여,44세,경상
2017122800100142,2017년 12월 28일 09시,목요일,강원도 강릉시 죽헌동,경상사고,0,0,1,0,차대차 - 정면충돌,안전운전불이행,건조,맑음,교차로 - 교차로안,승용,남,51세,상해없음,승용,여,65세,경상
2017122800100163,2017년 12월 28일 10시,목요일,강원도 강릉시 입암동,중상사고,0,1,0,0,차대사람 - 횡단중,보행자보호의무위반,건조,맑음,교차로 - 교차로부근,승용,남,63세,상해없음,보행자,여,35세,중상
2017122800100164,2017년 12월 28일 10시,목요일,강원도 속초시 청학동,중상사고,0,1,1,0,차대차 - 후진중충돌,안전운전불이행,건조,맑음,단일로 - 기타,승용,남,67세,상해없음,승용,남,27세,경상
2017122800100184,2017년 12월 28일 11시,목요일,강원도 강릉시 초당동,경상사고,0,0,1,0,차대차 - 정면충돌,중앙선침범,건조,맑음,단일로 - 기타,승용,남,52세,상해없음,승용,남,51세,경상
2017122800100228,2017년 12월 28일 13시,목요일,강원도 원주시 우산동,중상사고,0,1,0,0,차대사람 - 횡단중,안전운전불이행,건조,맑음,교차로 - 교차로횡단보도내,승용,남,59세,상해없음,보행자,남,75세,중상
2017122800100229,2017년 12월 28일 13시,목요일,강원도 철원군 동송읍,경상사고,0,0,1,0,차대사람 - 횡단중,안전운전불이행,건조,맑음,단일로 - 기타,승용,남,89세,상해없음,보행자,여,58세,경상
2017122800100335,2017년 12월 28일 17시,목요일,강원도 원주시 개운동,경상사고,0,0,5,0,차대차 - 추돌,안전운전불이행,건조,맑음,단일로 - 기타,승용,여,43세,상해없음,승용,여,41세,경상
2017122800100336,2017년 12월 28일 17시,목요일,강원도 속초시 교동,경상사고,0,0,4,0,차대차 - 추돌,안전운전불이행,건조,맑음,교차로 - 교차로부근,승용,남,56세,상해없음,승용,남,57세,경상
2017122800100377,2017년 12월 28일 18시,목요일,강원도 강릉시 남문동,경상사고,0,0,2,0,차대차 - 기타,안전운전불이행,건조,맑음,교차로 - 교차로안,승용,남,59세,상해없음,승용,남,73세,경상
2017122800100378,2017년 12월 28일 18시,목요일,강원도 강릉시 교동,경상사고,0,0,1,0,차대차 - 기타,신호위반,건조,맑음,교차로 - 교차로안,승용,남,54세,상해없음,승합,남,49세,경상
2017122800100379,2017년 12월 28일 18시,목요일,강원도 원주시 개운동,중상사고,0,1,0,0,차대사람 - 보도통행중,보행자보호의무위반,건조,맑음,단일로 - 기타,승용,여,45세,상해없음,보행자,여,45세,중상
2017122800100380,2017년 12월 28일 18시,목요일,강원도 원주시 판부면,중상사고,0,1,0,0,차대사람 - 차도통행중,안전운전불이행,건조,맑음,단일로 - 기타,승용,여,58세,상해없음,보행자,남,82세,중상
2017122800100381,2017년 12월 28일 18시,목요일,강원도 원주시 개운동,경상사고,0,0,1,0,차대차 - 측면충돌,안전운전불이행,건조,맑음,단일로 - 기타,승용,여,46세,상해없음,승용,여,43세,경상
2017122800100382,2017년 12월 28일 18시,목요일,강원도 인제군 북면,경상사고,0,0,2,0,차대차 - 추돌,안전운전불이행,건조,맑음,교차로 - 교차로부근,승용,여,58세,상해없음,승용,남,39세,경상
2017122800100471,2017년 12월 28일 21시,목요일,강원도 춘천시 우두동,경상사고,0,0,1,0,차대사람 - 횡단중,안전운전불이행,건조,맑음,단일로 - 기타,승용,남,28세,상해없음,보행자,여,52세,경상
2017122800100472,2017년 12월 28일 21시,목요일,강원도 원주시 단계동,경상사고,0,0,1,0,차대사람 - 기타,안전운전불이행,건조,맑음,교차로 - 교차로안,승합,남,25세,상해없음,보행자,남,27세,경상
2017122800100500,2017년 12월 28일 22시,목요일,강원도 평창군 봉평면,경상사고,0,0,4,0,차대차 - 추돌,안전운전불이행,건조,맑음,교차로 - 교차로안,화물,남,44세,상해없음,승용,남,52세,경상
2017122800100532,2017년 12월 28일 23시,목요일,강원도 고성군 간성읍,경상사고,0,0,1,0,차대사람 - 기타,안전운전불이행,건조,맑음,기타 - 기타,승용,남,45세,상해없음,보행자,남,26세,경상
2017122900100036,2017년 12월 29일 00시,금요일,강원도 인제군 북면,경상사고,0,0,1,0,차대차 - 정면충돌,중앙선침범,건조,맑음,교차로 - 교차로부근,승용,남,27세,상해없음,승용,남,37세,경상
2017122900100157,2017년 12월 29일 08시,금요일,강원도 원주시 단계동,경상사고,0,0,2,0,차대차 - 추돌,안전운전불이행,건조,맑음,교차로 - 교차로부근,승용,여,25세,기타불명,승용,남,26세,경상
2017122900100158,2017년 12월 29일 08시,금요일,강원도 동해시 평릉동,경상사고,0,0,1,0,차대사람 - 횡단중,보행자보호의무위반,건조,맑음,교차로 - 교차로횡단보도내,승용,여,45세,상해없음,보행자,남,9세,경상
2017122900100208,2017년 12월 29일 10시,금요일,강원도 원주시 개운동,경상사고,0,0,1,0,차대차 - 측면충돌,안전운전불이행,건조,맑음,단일로 - 기타,화물,남,24세,상해없음,승용,남,37세,경상
2017122900100233,2017년 12월 29일 11시,금요일,강원도 강릉시 사천면,중상사고,0,2,0,0,차대차 - 추돌,안전운전불이행,건조,맑음,단일로 - 기타,화물,남,39세,상해없음,승용,남,70세,중상
2017122900100234,2017년 12월 29일 11시,금요일,강원도 원주시 무실동,부상신고사고,0,0,0,1,차대차 - 측면충돌,안전운전불이행,건조,맑음,교차로 - 교차로부근,승용,남,66세,상해없음,승합,여,42세,부상신고
2017122900100266,2017년 12월 29일 12시,금요일,강원도 동해시 천곡동,중상사고,0,1,2,0,차대차 - 측면충돌,신호위반,건조,맑음,교차로 - 교차로안,승용,남,30세,상해없음,이륜,남,27세,중상
2017122900100316,2017년 12월 29일 14시,금요일,강원도 춘천시 퇴계동,경상사고,0,0,1,0,차대사람 - 횡단중,안전운전불이행,건조,맑음,단일로 - 기타,승용,여,60세,상해없음,보행자,남,25세,경상
2017122900100344,2017년 12월 29일 15시,금요일,강원도 삼척시 하장면,중상사고,0,2,0,0,차대차 - 측면충돌,안전운전불이행,건조,맑음,단일로 - 기타,건설기계,남,34세,중상,농기계,남,56세,중상
2017122900100345,2017년 12월 29일 15시,금요일,강원도 영월군 영월읍,부상신고사고,0,0,0,1,차대차 - 측면충돌,기타,건조,맑음,교차로 - 교차로안,승용,여,56세,상해없음,사륜오토바이(ATV),남,86세,부상신고
2017122900100380,2017년 12월 29일 16시,금요일,강원도 속초시 교동,경상사고,0,0,1,0,차대차 - 측면충돌,안전운전불이행,건조,맑음,교차로 - 교차로부근,특수,남,42세,상해없음,승용,여,57세,경상
2017122900100406,2017년 12월 29일 17시,금요일,강원도 춘천시 효자동,경상사고,0,0,2,0,차대차 - 추돌,안전거리미확보,건조,맑음,단일로 - 기타,승용,남,46세,상해없음,승용,남,67세,경상
2017122900100407,2017년 12월 29일 17시,금요일,강원도 고성군 토성면,중상사고,0,1,0,0,차대차 - 측면충돌,안전운전불이행,건조,맑음,단일로 - 기타,승용,남,49세,상해없음,승용,여,57세,중상
2017122900100408,2017년 12월 29일 17시,금요일,강원도 동해시 부곡동,경상사고,0,0,1,0,차대차 - 측면충돌,신호위반,건조,맑음,교차로 - 교차로안,승용,여,50세,상해없음,화물,남,52세,경상
2017122900100465,2017년 12월 29일 18시,금요일,강원도 춘천시 효자동,중상사고,0,1,0,0,차대차 - 추돌,안전운전불이행,건조,맑음,교차로 - 교차로부근,승용,남,55세,상해없음,승용,남,27세,중상
2017122900100466,2017년 12월 29일 18시,금요일,강원도 강릉시 옥천동,경상사고,0,0,1,0,차대차 - 기타,안전운전불이행,건조,맑음,교차로 - 교차로안,승용,남,53세,상해없음,승용,여,47세,경상
2017122900100467,2017년 12월 29일 18시,금요일,강원도 원주시 판부면,중상사고,0,4,1,0,차대차 - 측면충돌,차로위반,건조,맑음,단일로 - 기타,승용,남,24세,상해없음,승용,남,45세,중상
2017122900100528,2017년 12월 29일 19시,금요일,강원도 원주시 반곡동,경상사고,0,0,2,0,차대차 - 측면충돌,신호위반,건조,맑음,교차로 - 교차로안,승용,여,33세,상해없음,승용,남,49세,경상
2017122900100565,2017년 12월 29일 20시,금요일,강원도 원주시 단계동,경상사고,0,0,1,0,차대사람 - 횡단중,보행자보호의무위반,건조,맑음,단일로 - 기타,승용,남,49세,상해없음,보행자,여,58세,경상
2017122900100652,2017년 12월 29일 22시,금요일,강원도 춘천시 효자동,경상사고,0,0,1,0,차대사람 - 기타,안전운전불이행,건조,맑음,교차로 - 교차로부근,승용,남,39세,상해없음,보행자,남,26세,경상
2017122900100653,2017년 12월 29일 22시,금요일,강원도 강릉시 노암동,경상사고,0,0,3,0,차대차 - 측면충돌,안전운전불이행,건조,맑음,교차로 - 교차로부근,화물,남,31세,상해없음,승용,남,51세,경상
2017122900100654,2017년 12월 29일 22시,금요일,강원도 원주시 학성동,중상사고,0,1,0,0,차대차 - 측면충돌,신호위반,건조,맑음,교차로 - 교차로안,승용,남,59세,상해없음,이륜,남,24세,중상
2017123000100033,2017년 12월 30일 00시,토요일,강원도 강릉시 주문진읍,경상사고,0,0,1,0,차량단독 - 기타,안전운전불이행,건조,맑음,교차로 - 교차로부근,이륜,남,18세,상해없음,,,,
2017123000100034,2017년 12월 30일 00시,토요일,강원도 강릉시 포남동,경상사고,0,0,2,0,차대차 - 기타,안전운전불이행,건조,맑음,교차로 - 교차로안,승용,남,42세,상해없음,승용,남,67세,경상
2017123000100035,2017년 12월 30일 00시,토요일,강원도 원주시 일산동,경상사고,0,0,1,0,차대사람 - 기타,안전운전불이행,건조,맑음,단일로 - 기타,화물,남,39세,상해없음,보행자,남,29세,경상
2017123000100067,2017년 12월 30일 01시,토요일,강원도 원주시 문막읍,중상사고,0,1,1,0,차대차 - 추돌,안전운전불이행,건조,맑음,단일로 - 기타,승용,남,42세,중상,화물,남,58세,경상
2017123000100126,2017년 12월 30일 04시,토요일,강원도 원주시 개운동,사망사고,1,0,0,0,차대차 - 측면충돌,안전운전불이행,건조,맑음,단일로 - 기타,승용,남,35세,상해없음,자전거,남,47세,사망
2017123000100176,2017년 12월 30일 08시,토요일,강원도 정선군 사북읍,경상사고,0,0,1,0,차대차 - 기타,안전운전불이행,건조,맑음,단일로 - 기타,화물,남,65세,상해없음,화물,남,50세,경상
2017123000100188,2017년 12월 30일 09시,토요일,강원도 춘천시 서면,경상사고,0,0,1,0,차대차 - 정면충돌,중앙선침범,젖음/습기,흐림,단일로 - 기타,승용,여,46세,상해없음,승용,여,47세,경상
2017123000100239,2017년 12월 30일 12시,토요일,강원도 춘천시 석사동,경상사고,0,0,2,0,차대차 - 추돌,안전거리미확보,건조,맑음,단일로 - 기타,승용,남,41세,상해없음,승용,여,45세,경상
2017123000100240,2017년 12월 30일 12시,토요일,강원도 홍천군 두촌면,경상사고,0,0,1,0,차대차 - 측면충돌,안전운전불이행,서리/결빙,맑음,단일로 - 기타,화물,남,46세,경상,승용,여,50세,기타불명
2017123000100259,2017년 12월 30일 13시,토요일,강원도 춘천시 후평동,경상사고,0,0,1,0,차대차 - 측면충돌,신호위반,건조,맑음,교차로 - 교차로안,화물,남,51세,상해없음,승용,여,45세,경상
2017123000100289,2017년 12월 30일 15시,토요일,강원도 인제군 북면,중상사고,0,1,2,0,차대차 - 정면충돌,과속,건조,맑음,기타 - 기타,승용,남,40세,중상,승용,남,73세,경상
2017123000100290,2017년 12월 30일 15시,토요일,강원도 동해시 망상동,경상사고,0,0,1,0,차량단독 - 공작물충돌,안전운전불이행,건조,맑음,단일로 - 기타,승용,여,53세,상해없음,,,,
2017123000100291,2017년 12월 30일 15시,토요일,강원도 인제군 기린면,사망사고,1,2,1,1,차량단독 - 공작물충돌,안전운전불이행,건조,맑음,단일로 - 기타,승합,남,42세,사망,,,,
2017123000100335,2017년 12월 30일 17시,토요일,강원도 강릉시 사천면,경상사고,0,0,1,0,차대차 - 측면충돌,안전운전불이행,건조,맑음,단일로 - 기타,승용,남,62세,상해없음,승용,여,45세,경상
2017123000100336,2017년 12월 30일 17시,토요일,강원도 횡성군 횡성읍,중상사고,0,1,0,1,차대차 - 추돌,안전운전불이행,건조,흐림,교차로 - 교차로안,화물,남,39세,상해없음,승용,여,48세,중상
2017123000100337,2017년 12월 30일 17시,토요일,강원도 인제군 상남면,중상사고,0,2,4,0,차대차 - 추돌,안전거리미확보,건조,맑음,단일로 - 기타,승용,남,47세,경상,승용,남,42세,중상
2017123000100396,2017년 12월 30일 19시,토요일,강원도 철원군 갈말읍,중상사고,0,1,1,0,차대차 - 측면충돌,신호위반,서리/결빙,눈,교차로 - 교차로안,승용,남,45세,상해없음,승용,여,51세,중상
2017123000100424,2017년 12월 30일 20시,토요일,강원도 원주시 명륜동,경상사고,0,0,1,0,차대차 - 추돌,안전운전불이행,건조,맑음,단일로 - 기타,승용,남,31세,상해없음,승용,여,41세,경상
2017123000100425,2017년 12월 30일 20시,토요일,강원도 원주시 단계동,경상사고,0,0,1,0,차대사람 - 차도통행중,안전운전불이행,건조,맑음,교차로 - 교차로부근,승용,남,57세,상해없음,보행자,남,49세,경상
2017123000100426,2017년 12월 30일 20시,토요일,강원도 속초시 노학동,경상사고,0,0,1,0,차대차 - 추돌,안전운전불이행,건조,맑음,교차로 - 교차로부근,화물,남,46세,상해없음,승용,남,22세,경상
2017123000100444,2017년 12월 30일 21시,토요일,강원도 원주시 일산동,경상사고,0,0,1,0,차대차 - 추돌,교차로운행방법위반,건조,맑음,단일로 - 기타,승용,여,42세,상해없음,승용,남,53세,경상
2017123000100469,2017년 12월 30일 22시,토요일,강원도 원주시 개운동,경상사고,0,0,1,0,차대차 - 기타,중앙선침범,건조,맑음,단일로 - 기타,자전거,남,55세,경상,승용,남,28세,상해없음
2017123000100492,2017년 12월 30일 23시,토요일,강원도 삼척시 신기면,중상사고,0,2,2,0,차대차 - 측면충돌,중앙선침범,건조,맑음,단일로 - 기타,승용,남,27세,상해없음,승용,남,56세,경상
2017123100100033,2017년 12월 31일 00시,일요일,강원도 원주시 단계동,경상사고,0,0,1,0,차대사람 - 횡단중,안전운전불이행,건조,맑음,단일로 - 기타,승용,남,43세,상해없음,보행자,남,39세,경상
2017123100100064,2017년 12월 31일 02시,일요일,강원도 춘천시 신동면,중상사고,0,1,1,0,차량단독 - 전도전복 - 전도,안전운전불이행,적설,눈,단일로 - 기타,화물,남,55세,경상,,,,
2017123100100211,2017년 12월 31일 13시,일요일,강원도 강릉시 포남동,중상사고,0,3,1,0,차대차 - 기타,안전운전불이행,건조,맑음,단일로 - 교량,건설기계,남,41세,상해없음,승용,여,44세,중상
2017123100100212,2017년 12월 31일 13시,일요일,강원도 속초시 교동,경상사고,0,0,1,0,차대차 - 측면충돌,신호위반,건조,맑음,교차로 - 교차로안,승용,남,53세,상해없음,승용,남,27세,경상
2017123100100253,2017년 12월 31일 15시,일요일,강원도 강릉시 강문동,경상사고,0,0,6,0,차대차 - 추돌,안전운전불이행,건조,맑음,단일로 - 기타,승용,여,51세,상해없음,승용,여,23세,경상
2017123100100254,2017년 12월 31일 15시,일요일,강원도 춘천시 남면,경상사고,0,0,8,0,차대차 - 추돌,안전거리미확보,건조,맑음,단일로 - 기타,승용,남,19세,상해없음,승용,남,34세,경상
2017123100100281,2017년 12월 31일 16시,일요일,강원도 강릉시 안현동,중상사고,0,2,4,0,차대차 - 추돌,안전운전불이행,건조,맑음,단일로 - 기타,승용,남,30세,상해없음,승용,남,53세,경상
2017123100100282,2017년 12월 31일 16시,일요일,강원도 고성군 토성면,중상사고,0,1,3,0,차대차 - 추돌,안전거리미확보,건조,맑음,단일로 - 기타,승합,남,41세,상해없음,승합,남,36세,경상
2017123100100365,2017년 12월 31일 19시,일요일,강원도 홍천군 내면,사망사고,1,0,0,0,차량단독 - 도로외이탈 - 추락,안전운전불이행,서리/결빙,흐림,단일로 - 기타,화물,남,46세,사망,,,,
2017123100100385,2017년 12월 31일 20시,일요일,강원도 정선군 남면,경상사고,0,0,2,0,차대차 - 측면충돌,안전운전불이행,건조,맑음,단일로 - 기타,승용,남,53세,상해없음,승용,여,29세,경상
2017123100100386,2017년 12월 31일 20시,일요일,강원도 동해시 천곡동,경상사고,0,0,2,0,차대차 - 측면충돌,교차로운행방법위반,건조,맑음,교차로 - 교차로부근,승용,남,60세,상해없음,승용,남,27세,경상
2017123100100411,2017년 12월 31일 21시,일요일,강원도 춘천시 신북읍,경상사고,0,0,3,0,차대차 - 측면충돌,안전운전불이행,건조,맑음,단일로 - 기타,승용,남,60세,상해없음,승용,남,74세,경상